DATAFLOW,LAST UPDATE,freq,age,sex,unit,geo,TIME_PERIOD,OBS_VALUE,OBS_FLAG
ESTAT:CENS_21AG(1.0),10/10/23 23:00:00,A,TOTAL,F,NR,AT,2021,4548003,p
ESTAT:CENS_21AG(1.0),10/10/23 23:00:00,A,TOTAL,F,NR,BE,2021,5854293,p
ESTAT:CENS_21AG(1.0),10/10/23 23:00:00,A,TOTAL,F,NR,BG,2021,3383527,p
ESTAT:CENS_21AG(1.0),10/10/23 23:00:00,A,TOTAL,F,NR,CH,2021,4400588,p
ESTAT:CENS_21AG(1.0),10/10/23 23:00:00,A,TOTAL,F,NR,CY,2021,471434,p
ESTAT:CENS_21AG(1.0),10/10/23 23:00:00,A,TOTAL,F,NR,CZ,2021,5337619,p
ESTAT:CENS_21AG(1.0),10/10/23 23:00:00,A,TOTAL,F,NR,DE,2021,42170339,p
ESTAT:CENS_21AG(1.0),10/10/23 23:00:00,A,TOTAL,F,NR,DK,2021,2935188,p
ESTAT:CENS_21AG(1.0),10/10/23 23:00:00,A,TOTAL,F,NR,EE,2021,698398,p
ESTAT:CENS_21AG(1.0),10/10/23 23:00:00,A,TOTAL,F,NR,EL,2021,5356510,p
ESTAT:CENS_21AG(1.0),10/10/23 23:00:00,A,TOTAL,F,NR,ES,2021,24152187,p
ESTAT:CENS_21AG(1.0),10/10/23 23:00:00,A,TOTAL,F,NR,FI,2021,2799985,p
ESTAT:CENS_21AG(1.0),10/10/23 23:00:00,A,TOTAL,F,NR,FR,2021,35035940,p
ESTAT:CENS_21AG(1.0),10/10/23 23:00:00,A,TOTAL,F,NR,HR,2021,2006704,p
ESTAT:CENS_21AG(1.0),10/10/23 23:00:00,A,TOTAL,F,NR,HU,2021,5044135,p
ESTAT:CENS_21AG(1.0),10/10/23 23:00:00,A,TOTAL,F,NR,IS,2021,176067,p
ESTAT:CENS_21AG(1.0),10/10/23 23:00:00,A,TOTAL,F,NR,IT,2021,30211177,p
ESTAT:CENS_21AG(1.0),10/10/23 23:00:00,A,TOTAL,F,NR,LI,2021,19687,p
ESTAT:CENS_21AG(1.0),10/10/23 23:00:00,A,TOTAL,F,NR,LT,2021,1505796,p
ESTAT:CENS_21AG(1.0),10/10/23 23:00:00,A,TOTAL,F,NR,LU,2021,319586,p
ESTAT:CENS_21AG(1.0),10/10/23 23:00:00,A,TOTAL,F,NR,LV,2021,1017998,p
ESTAT:CENS_21AG(1.0),10/10/23 23:00:00,A,TOTAL,F,NR,MT,2021,249541,p
ESTAT:CENS_21AG(1.0),10/10/23 23:00:00,A,TOTAL,F,NR,NL,2021,8788879,p
ESTAT:CENS_21AG(1.0),10/10/23 23:00:00,A,TOTAL,F,NR,NO,2021,2672110,p
ESTAT:CENS_21AG(1.0),10/10/23 23:00:00,A,TOTAL,F,NR,PL,2021,19106313,p
ESTAT:CENS_21AG(1.0),10/10/23 23:00:00,A,TOTAL,F,NR,PT,2021,5422846,p
ESTAT:CENS_21AG(1.0),10/10/23 23:00:00,A,TOTAL,F,NR,RO,2021,9808271,p
ESTAT:CENS_21AG(1.0),10/10/23 23:00:00,A,TOTAL,F,NR,SE,2021,5191619,p
ESTAT:CENS_21AG(1.0),10/10/23 23:00:00,A,TOTAL,F,NR,SI,2021,1049039,p
ESTAT:CENS_21AG(1.0),10/10/23 23:00:00,A,TOTAL,F,NR,SK,2021,2783894,p
ESTAT:CENS_21AG(1.0),10/10/23 23:00:00,A,TOTAL,M,NR,AT,2021,4416886,p
ESTAT:CENS_21AG(1.0),10/10/23 23:00:00,A,TOTAL,M,NR,BE,2021,5700474,p
ESTAT:CENS_21AG(1.0),10/10/23 23:00:00,A,TOTAL,M,NR,BG,2021,3136262,p
ESTAT:CENS_21AG(1.0),10/10/23 23:00:00,A,TOTAL,M,NR,CH,2021,4338204,p
ESTAT:CENS_21AG(1.0),10/10/23 23:00:00,A,TOTAL,M,NR,CY,2021,449553,p
ESTAT:CENS_21AG(1.0),10/10/23 23:00:00,A,TOTAL,M,NR,CZ,2021,5186548,p
ESTAT:CENS_21AG(1.0),10/10/23 23:00:00,A,TOTAL,M,NR,DE,2021,41066785,p
ESTAT:CENS_21AG(1.0),10/10/23 23:00:00,A,TOTAL,M,NR,DK,2021,2904857,p
ESTAT:CENS_21AG(1.0),10/10/23 23:00:00,A,TOTAL,M,NR,EE,2021,633426,p
ESTAT:CENS_21AG(1.0),10/10/23 23:00:00,A,TOTAL,M,NR,EL,2021,5125977,p
ESTAT:CENS_21AG(1.0),10/10/23 23:00:00,A,TOTAL,M,NR,ES,2021,23248611,p
ESTAT:CENS_21AG(1.0),10/10/23 23:00:00,A,TOTAL,M,NR,FI,2021,2733808,p
ESTAT:CENS_21AG(1.0),10/10/23 23:00:00,A,TOTAL,M,NR,FR,2021,32835985,p
ESTAT:CENS_21AG(1.0),10/10/23 23:00:00,A,TOTAL,M,NR,HR,2021,1865129,p
ESTAT:CENS_21AG(1.0),10/10/23 23:00:00,A,TOTAL,M,NR,HU,2021,4644875,p
ESTAT:CENS_21AG(1.0),10/10/23 23:00:00,A,TOTAL,M,NR,IS,2021,183055,p
ESTAT:CENS_21AG(1.0),10/10/23 23:00:00,A,TOTAL,M,NR,IT,2021,28818956,p
ESTAT:CENS_21AG(1.0),10/10/23 23:00:00,A,TOTAL,M,NR,LI,2021,19368,p
ESTAT:CENS_21AG(1.0),10/10/23 23:00:00,A,TOTAL,M,NR,LT,2021,1304965,p
ESTAT:CENS_21AG(1.0),10/10/23 23:00:00,A,TOTAL,M,NR,LU,2021,324355,p
ESTAT:CENS_21AG(1.0),10/10/23 23:00:00,A,TOTAL,M,NR,LV,2021,875225,p
ESTAT:CENS_21AG(1.0),10/10/23 23:00:00,A,TOTAL,M,NR,MT,2021,270021,p
ESTAT:CENS_21AG(1.0),10/10/23 23:00:00,A,TOTAL,M,NR,NL,2021,8686536,p
ESTAT:CENS_21AG(1.0),10/10/23 23:00:00,A,TOTAL,M,NR,NO,2021,2719259,p
ESTAT:CENS_21AG(1.0),10/10/23 23:00:00,A,TOTAL,M,NR,PL,2021,17913014,p
ESTAT:CENS_21AG(1.0),10/10/23 23:00:00,A,TOTAL,M,NR,PT,2021,4920220,p
ESTAT:CENS_21AG(1.0),10/10/23 23:00:00,A,TOTAL,M,NR,RO,2021,9245544,p
ESTAT:CENS_21AG(1.0),10/10/23 23:00:00,A,TOTAL,M,NR,SE,2021,5260707,p
ESTAT:CENS_21AG(1.0),10/10/23 23:00:00,A,TOTAL,M,NR,SI,2021,1059938,p
ESTAT:CENS_21AG(1.0),10/10/23 23:00:00,A,TOTAL,M,NR,SK,2021,2665376,p
ESTAT:CENS_21AG(1.0),10/10/23 23:00:00,A,TOTAL,T,NR,AT,2021,8964889,p
ESTAT:CENS_21AG(1.0),10/10/23 23:00:00,A,TOTAL,T,NR,BE,2021,11554767,p
ESTAT:CENS_21AG(1.0),10/10/23 23:00:00,A,TOTAL,T,NR,BG,2021,6519789,p
ESTAT:CENS_21AG(1.0),10/10/23 23:00:00,A,TOTAL,T,NR,CH,2021,8738790,p
ESTAT:CENS_21AG(1.0),10/10/23 23:00:00,A,TOTAL,T,NR,CY,2021,920987,p
ESTAT:CENS_21AG(1.0),10/10/23 23:00:00,A,TOTAL,T,NR,CZ,2021,10524167,p
ESTAT:CENS_21AG(1.0),10/10/23 23:00:00,A,TOTAL,T,NR,DE,2021,83237124,p
ESTAT:CENS_21AG(1.0),10/10/23 23:00:00,A,TOTAL,T,NR,DK,2021,5840045,p
ESTAT:CENS_21AG(1.0),10/10/23 23:00:00,A,TOTAL,T,NR,EE,2021,1331824,p
ESTAT:CENS_21AG(1.0),10/10/23 23:00:00,A,TOTAL,T,NR,EL,2021,10482487,p
ESTAT:CENS_21AG(1.0),10/10/23 23:00:00,A,TOTAL,T,NR,ES,2021,47400798,p
ESTAT:CENS_21AG(1.0),10/10/23 23:00:00,A,TOTAL,T,NR,FI,2021,5533793,p
ESTAT:CENS_21AG(1.0),10/10/23 23:00:00,A,TOTAL,T,NR,FR,2021,67871925,p
ESTAT:CENS_21AG(1.0),10/10/23 23:00:00,A,TOTAL,T,NR,HR,2021,3871833,p
ESTAT:CENS_21AG(1.0),10/10/23 23:00:00,A,TOTAL,T,NR,HU,2021,9689010,p
ESTAT:CENS_21AG(1.0),10/10/23 23:00:00,A,TOTAL,T,NR,IE,2021,5105761,p
ESTAT:CENS_21AG(1.0),10/10/23 23:00:00,A,TOTAL,T,NR,IS,2021,359122,p
ESTAT:CENS_21AG(1.0),10/10/23 23:00:00,A,TOTAL,T,NR,IT,2021,59030133,p
ESTAT:CENS_21AG(1.0),10/10/23 23:00:00,A,TOTAL,T,NR,LI,2021,39055,p
ESTAT:CENS_21AG(1.0),10/10/23 23:00:00,A,TOTAL,T,NR,LT,2021,2810761,p
ESTAT:CENS_21AG(1.0),10/10/23 23:00:00,A,TOTAL,T,NR,LU,2021,643941,p
ESTAT:CENS_21AG(1.0),10/10/23 23:00:00,A,TOTAL,T,NR,LV,2021,1893223,p
ESTAT:CENS_21AG(1.0),10/10/23 23:00:00,A,TOTAL,T,NR,MT,2021,519562,p
ESTAT:CENS_21AG(1.0),10/10/23 23:00:00,A,TOTAL,T,NR,NL,2021,17475415,p
ESTAT:CENS_21AG(1.0),10/10/23 23:00:00,A,TOTAL,T,NR,NO,2021,5391369,p
ESTAT:CENS_21AG(1.0),10/10/23 23:00:00,A,TOTAL,T,NR,PL,2021,37019327,p
ESTAT:CENS_21AG(1.0),10/10/23 23:00:00,A,TOTAL,T,NR,PT,2021,10343066,p
ESTAT:CENS_21AG(1.0),10/10/23 23:00:00,A,TOTAL,T,NR,RO,2021,19053815,p
ESTAT:CENS_21AG(1.0),10/10/23 23:00:00,A,TOTAL,T,NR,SE,2021,10452326,p
ESTAT:CENS_21AG(1.0),10/10/23 23:00:00,A,TOTAL,T,NR,SI,2021,2108977,p
ESTAT:CENS_21AG(1.0),10/10/23 23:00:00,A,TOTAL,T,NR,SK,2021,5449270,p
