DATAFLOW,LAST UPDATE,freq,agedef,age,unit,sex,geo,TIME_PERIOD,OBS_VALUE,OBS_FLAG
ESTAT:MIGR_NETMIGR(1.0),28/09/23 23:00:00,A,COMPLET,TOTAL,NR,T,AT,2013,47795,
ESTAT:MIGR_NETMIGR(1.0),28/09/23 23:00:00,A,COMPLET,TOTAL,NR,T,AT,2014,62771,
ESTAT:MIGR_NETMIGR(1.0),28/09/23 23:00:00,A,COMPLET,TOTAL,NR,T,AT,2015,109634,
ESTAT:MIGR_NETMIGR(1.0),28/09/23 23:00:00,A,COMPLET,TOTAL,NR,T,AT,2016,65081,
ESTAT:MIGR_NETMIGR(1.0),28/09/23 23:00:00,A,COMPLET,TOTAL,NR,T,AT,2017,45657,
ESTAT:MIGR_NETMIGR(1.0),28/09/23 23:00:00,A,COMPLET,TOTAL,NR,T,AT,2018,38421,
ESTAT:MIGR_NETMIGR(1.0),28/09/23 23:00:00,A,COMPLET,TOTAL,NR,T,AT,2019,40887,
ESTAT:MIGR_NETMIGR(1.0),28/09/23 23:00:00,A,COMPLET,TOTAL,NR,T,AT,2020,40984,
ESTAT:MIGR_NETMIGR(1.0),28/09/23 23:00:00,A,COMPLET,TOTAL,NR,T,AT,2021,51212,
ESTAT:MIGR_NETMIGR(1.0),28/09/23 23:00:00,A,COMPLET,TOTAL,NR,T,BE,2013,17421,
ESTAT:MIGR_NETMIGR(1.0),28/09/23 23:00:00,A,COMPLET,TOTAL,NR,T,BE,2014,28585,
ESTAT:MIGR_NETMIGR(1.0),28/09/23 23:00:00,A,COMPLET,TOTAL,NR,T,BE,2015,56832,
ESTAT:MIGR_NETMIGR(1.0),28/09/23 23:00:00,A,COMPLET,TOTAL,NR,T,BE,2016,31231,
ESTAT:MIGR_NETMIGR(1.0),28/09/23 23:00:00,A,COMPLET,TOTAL,NR,T,BE,2017,37013,
ESTAT:MIGR_NETMIGR(1.0),28/09/23 23:00:00,A,COMPLET,TOTAL,NR,T,BE,2018,48925,
ESTAT:MIGR_NETMIGR(1.0),28/09/23 23:00:00,A,COMPLET,TOTAL,NR,T,BE,2019,47070,
ESTAT:MIGR_NETMIGR(1.0),28/09/23 23:00:00,A,COMPLET,TOTAL,NR,T,BE,2020,42121,
ESTAT:MIGR_NETMIGR(1.0),28/09/23 23:00:00,A,COMPLET,TOTAL,NR,T,BE,2021,52471,
ESTAT:MIGR_NETMIGR(1.0),28/09/23 23:00:00,A,COMPLET,TOTAL,NR,T,BG,2013,-1108,p
ESTAT:MIGR_NETMIGR(1.0),28/09/23 23:00:00,A,COMPLET,TOTAL,NR,T,BG,2014,-2112,p
ESTAT:MIGR_NETMIGR(1.0),28/09/23 23:00:00,A,COMPLET,TOTAL,NR,T,BG,2015,-4247,p
ESTAT:MIGR_NETMIGR(1.0),28/09/23 23:00:00,A,COMPLET,TOTAL,NR,T,BG,2016,-9329,p
ESTAT:MIGR_NETMIGR(1.0),28/09/23 23:00:00,A,COMPLET,TOTAL,NR,T,BG,2017,-5989,p
ESTAT:MIGR_NETMIGR(1.0),28/09/23 23:00:00,A,COMPLET,TOTAL,NR,T,BG,2018,-3666,p
ESTAT:MIGR_NETMIGR(1.0),28/09/23 23:00:00,A,COMPLET,TOTAL,NR,T,BG,2019,-2012,p
ESTAT:MIGR_NETMIGR(1.0),28/09/23 23:00:00,A,COMPLET,TOTAL,NR,T,BG,2020,30715,p
ESTAT:MIGR_NETMIGR(1.0),28/09/23 23:00:00,A,COMPLET,TOTAL,NR,T,BG,2021,12706,
ESTAT:MIGR_NETMIGR(1.0),28/09/23 23:00:00,A,COMPLET,TOTAL,NR,T,CH,2013,53961,
ESTAT:MIGR_NETMIGR(1.0),28/09/23 23:00:00,A,COMPLET,TOTAL,NR,T,CH,2014,45179,
ESTAT:MIGR_NETMIGR(1.0),28/09/23 23:00:00,A,COMPLET,TOTAL,NR,T,CH,2015,36996,
ESTAT:MIGR_NETMIGR(1.0),28/09/23 23:00:00,A,COMPLET,TOTAL,NR,T,CH,2016,28652,
ESTAT:MIGR_NETMIGR(1.0),28/09/23 23:00:00,A,COMPLET,TOTAL,NR,T,CH,2017,18380,
ESTAT:MIGR_NETMIGR(1.0),28/09/23 23:00:00,A,COMPLET,TOTAL,NR,T,CH,2018,14632,
ESTAT:MIGR_NETMIGR(1.0),28/09/23 23:00:00,A,COMPLET,TOTAL,NR,T,CH,2019,18908,
ESTAT:MIGR_NETMIGR(1.0),28/09/23 23:00:00,A,COMPLET,TOTAL,NR,T,CH,2020,29402,
ESTAT:MIGR_NETMIGR(1.0),28/09/23 23:00:00,A,COMPLET,TOTAL,NR,T,CH,2021,28138,
ESTAT:MIGR_NETMIGR(1.0),28/09/23 23:00:00,A,COMPLET,TOTAL,NR,T,CY,2013,-12078,
ESTAT:MIGR_NETMIGR(1.0),28/09/23 23:00:00,A,COMPLET,TOTAL,NR,T,CY,2014,-14826,
ESTAT:MIGR_NETMIGR(1.0),28/09/23 23:00:00,A,COMPLET,TOTAL,NR,T,CY,2015,-2000,
ESTAT:MIGR_NETMIGR(1.0),28/09/23 23:00:00,A,COMPLET,TOTAL,NR,T,CY,2016,2499,
ESTAT:MIGR_NETMIGR(1.0),28/09/23 23:00:00,A,COMPLET,TOTAL,NR,T,CY,2017,6201,
ESTAT:MIGR_NETMIGR(1.0),28/09/23 23:00:00,A,COMPLET,TOTAL,NR,T,CY,2018,8102,
ESTAT:MIGR_NETMIGR(1.0),28/09/23 23:00:00,A,COMPLET,TOTAL,NR,T,CY,2019,8797,
ESTAT:MIGR_NETMIGR(1.0),28/09/23 23:00:00,A,COMPLET,TOTAL,NR,T,CY,2020,4493,
ESTAT:MIGR_NETMIGR(1.0),28/09/23 23:00:00,A,COMPLET,TOTAL,NR,T,CY,2021,5591,
ESTAT:MIGR_NETMIGR(1.0),28/09/23 23:00:00,A,COMPLET,TOTAL,NR,T,CZ,2013,4230,be
ESTAT:MIGR_NETMIGR(1.0),28/09/23 23:00:00,A,COMPLET,TOTAL,NR,T,CZ,2014,1429,
ESTAT:MIGR_NETMIGR(1.0),28/09/23 23:00:00,A,COMPLET,TOTAL,NR,T,CZ,2015,3918,
ESTAT:MIGR_NETMIGR(1.0),28/09/23 23:00:00,A,COMPLET,TOTAL,NR,T,CZ,2016,25219,
ESTAT:MIGR_NETMIGR(1.0),28/09/23 23:00:00,A,COMPLET,TOTAL,NR,T,CZ,2017,24531,
ESTAT:MIGR_NETMIGR(1.0),28/09/23 23:00:00,A,COMPLET,TOTAL,NR,T,CZ,2018,39168,
ESTAT:MIGR_NETMIGR(1.0),28/09/23 23:00:00,A,COMPLET,TOTAL,NR,T,CZ,2019,28090,
ESTAT:MIGR_NETMIGR(1.0),28/09/23 23:00:00,A,COMPLET,TOTAL,NR,T,CZ,2020,27241,
ESTAT:MIGR_NETMIGR(1.0),28/09/23 23:00:00,A,COMPLET,TOTAL,NR,T,CZ,2021,50730,
ESTAT:MIGR_NETMIGR(1.0),28/09/23 23:00:00,A,COMPLET,TOTAL,NR,T,DE,2013,433385,e
ESTAT:MIGR_NETMIGR(1.0),28/09/23 23:00:00,A,COMPLET,TOTAL,NR,T,DE,2014,560672,e
ESTAT:MIGR_NETMIGR(1.0),28/09/23 23:00:00,A,COMPLET,TOTAL,NR,T,DE,2015,1232644,e
ESTAT:MIGR_NETMIGR(1.0),28/09/23 23:00:00,A,COMPLET,TOTAL,NR,T,DE,2016,496090,be
ESTAT:MIGR_NETMIGR(1.0),28/09/23 23:00:00,A,COMPLET,TOTAL,NR,T,DE,2017,356409,be
ESTAT:MIGR_NETMIGR(1.0),28/09/23 23:00:00,A,COMPLET,TOTAL,NR,T,DE,2018,353471,be
ESTAT:MIGR_NETMIGR(1.0),28/09/23 23:00:00,A,COMPLET,TOTAL,NR,T,DE,2019,310022,be
ESTAT:MIGR_NETMIGR(1.0),28/09/23 23:00:00,A,COMPLET,TOTAL,NR,T,DE,2020,240468,be
ESTAT:MIGR_NETMIGR(1.0),28/09/23 23:00:00,A,COMPLET,TOTAL,NR,T,DE,2021,331205,
ESTAT:MIGR_NETMIGR(1.0),28/09/23 23:00:00,A,COMPLET,TOTAL,NR,T,DK,2013,17002,
ESTAT:MIGR_NETMIGR(1.0),28/09/23 23:00:00,A,COMPLET,TOTAL,NR,T,DK,2014,23962,
ESTAT:MIGR_NETMIGR(1.0),28/09/23 23:00:00,A,COMPLET,TOTAL,NR,T,DK,2015,33867,
ESTAT:MIGR_NETMIGR(1.0),28/09/23 23:00:00,A,COMPLET,TOTAL,NR,T,DK,2016,21729,
ESTAT:MIGR_NETMIGR(1.0),28/09/23 23:00:00,A,COMPLET,TOTAL,NR,T,DK,2017,12176,
ESTAT:MIGR_NETMIGR(1.0),28/09/23 23:00:00,A,COMPLET,TOTAL,NR,T,DK,2018,4288,
ESTAT:MIGR_NETMIGR(1.0),28/09/23 23:00:00,A,COMPLET,TOTAL,NR,T,DK,2019,-5136,
ESTAT:MIGR_NETMIGR(1.0),28/09/23 23:00:00,A,COMPLET,TOTAL,NR,T,DK,2020,3408,
ESTAT:MIGR_NETMIGR(1.0),28/09/23 23:00:00,A,COMPLET,TOTAL,NR,T,DK,2021,19481,
ESTAT:MIGR_NETMIGR(1.0),28/09/23 23:00:00,A,COMPLET,TOTAL,NR,T,EE,2013,-2631,
ESTAT:MIGR_NETMIGR(1.0),28/09/23 23:00:00,A,COMPLET,TOTAL,NR,T,EE,2014,-733,
ESTAT:MIGR_NETMIGR(1.0),28/09/23 23:00:00,A,COMPLET,TOTAL,NR,T,EE,2015,2410,be
ESTAT:MIGR_NETMIGR(1.0),28/09/23 23:00:00,A,COMPLET,TOTAL,NR,T,EE,2016,1030,
ESTAT:MIGR_NETMIGR(1.0),28/09/23 23:00:00,A,COMPLET,TOTAL,NR,T,EE,2017,5258,
ESTAT:MIGR_NETMIGR(1.0),28/09/23 23:00:00,A,COMPLET,TOTAL,NR,T,EE,2018,7071,
ESTAT:MIGR_NETMIGR(1.0),28/09/23 23:00:00,A,COMPLET,TOTAL,NR,T,EE,2019,5458,
ESTAT:MIGR_NETMIGR(1.0),28/09/23 23:00:00,A,COMPLET,TOTAL,NR,T,EE,2020,3782,
ESTAT:MIGR_NETMIGR(1.0),28/09/23 23:00:00,A,COMPLET,TOTAL,NR,T,EE,2021,7043,
ESTAT:MIGR_NETMIGR(1.0),28/09/23 23:00:00,A,COMPLET,TOTAL,NR,T,EL,2013,-59148,
ESTAT:MIGR_NETMIGR(1.0),28/09/23 23:00:00,A,COMPLET,TOTAL,NR,T,EL,2014,-47791,b
ESTAT:MIGR_NETMIGR(1.0),28/09/23 23:00:00,A,COMPLET,TOTAL,NR,T,EL,2015,-44905,
ESTAT:MIGR_NETMIGR(1.0),28/09/23 23:00:00,A,COMPLET,TOTAL,NR,T,EL,2016,10332,b
ESTAT:MIGR_NETMIGR(1.0),28/09/23 23:00:00,A,COMPLET,TOTAL,NR,T,EL,2017,8920,
ESTAT:MIGR_NETMIGR(1.0),28/09/23 23:00:00,A,COMPLET,TOTAL,NR,T,EL,2018,16440,
ESTAT:MIGR_NETMIGR(1.0),28/09/23 23:00:00,A,COMPLET,TOTAL,NR,T,EL,2019,34439,
ESTAT:MIGR_NETMIGR(1.0),28/09/23 23:00:00,A,COMPLET,TOTAL,NR,T,EL,2020,6384,
ESTAT:MIGR_NETMIGR(1.0),28/09/23 23:00:00,A,COMPLET,TOTAL,NR,T,EL,2021,-22476,
ESTAT:MIGR_NETMIGR(1.0),28/09/23 23:00:00,A,COMPLET,TOTAL,NR,T,ES,2013,-251531,
ESTAT:MIGR_NETMIGR(1.0),28/09/23 23:00:00,A,COMPLET,TOTAL,NR,T,ES,2014,-94976,
ESTAT:MIGR_NETMIGR(1.0),28/09/23 23:00:00,A,COMPLET,TOTAL,NR,T,ES,2015,-1761,
ESTAT:MIGR_NETMIGR(1.0),28/09/23 23:00:00,A,COMPLET,TOTAL,NR,T,ES,2016,87421,
ESTAT:MIGR_NETMIGR(1.0),28/09/23 23:00:00,A,COMPLET,TOTAL,NR,T,ES,2017,163272,
ESTAT:MIGR_NETMIGR(1.0),28/09/23 23:00:00,A,COMPLET,TOTAL,NR,T,ES,2018,334158,
ESTAT:MIGR_NETMIGR(1.0),28/09/23 23:00:00,A,COMPLET,TOTAL,NR,T,ES,2019,454232,
ESTAT:MIGR_NETMIGR(1.0),28/09/23 23:00:00,A,COMPLET,TOTAL,NR,T,ES,2020,219357,
ESTAT:MIGR_NETMIGR(1.0),28/09/23 23:00:00,A,COMPLET,TOTAL,NR,T,ES,2021,148070,
ESTAT:MIGR_NETMIGR(1.0),28/09/23 23:00:00,A,COMPLET,TOTAL,NR,T,FI,2013,18048,
ESTAT:MIGR_NETMIGR(1.0),28/09/23 23:00:00,A,COMPLET,TOTAL,NR,T,FI,2014,16021,
ESTAT:MIGR_NETMIGR(1.0),28/09/23 23:00:00,A,COMPLET,TOTAL,NR,T,FI,2015,12441,
ESTAT:MIGR_NETMIGR(1.0),28/09/23 23:00:00,A,COMPLET,TOTAL,NR,T,FI,2016,16823,
ESTAT:MIGR_NETMIGR(1.0),28/09/23 23:00:00,A,COMPLET,TOTAL,NR,T,FI,2017,14824,
ESTAT:MIGR_NETMIGR(1.0),28/09/23 23:00:00,A,COMPLET,TOTAL,NR,T,FI,2018,11965,
ESTAT:MIGR_NETMIGR(1.0),28/09/23 23:00:00,A,COMPLET,TOTAL,NR,T,FI,2019,15495,
ESTAT:MIGR_NETMIGR(1.0),28/09/23 23:00:00,A,COMPLET,TOTAL,NR,T,FI,2020,17814,
ESTAT:MIGR_NETMIGR(1.0),28/09/23 23:00:00,A,COMPLET,TOTAL,NR,T,FI,2021,22905,
ESTAT:MIGR_NETMIGR(1.0),28/09/23 23:00:00,A,COMPLET,TOTAL,NR,T,FR,2013,98939,
ESTAT:MIGR_NETMIGR(1.0),28/09/23 23:00:00,A,COMPLET,TOTAL,NR,T,FR,2014,32280,
ESTAT:MIGR_NETMIGR(1.0),28/09/23 23:00:00,A,COMPLET,TOTAL,NR,T,FR,2015,39704,
ESTAT:MIGR_NETMIGR(1.0),28/09/23 23:00:00,A,COMPLET,TOTAL,NR,T,FR,2016,64087,
ESTAT:MIGR_NETMIGR(1.0),28/09/23 23:00:00,A,COMPLET,TOTAL,NR,T,FR,2017,154151,
ESTAT:MIGR_NETMIGR(1.0),28/09/23 23:00:00,A,COMPLET,TOTAL,NR,T,FR,2018,86490,
ESTAT:MIGR_NETMIGR(1.0),28/09/23 23:00:00,A,COMPLET,TOTAL,NR,T,FR,2019,86490,p
ESTAT:MIGR_NETMIGR(1.0),28/09/23 23:00:00,A,COMPLET,TOTAL,NR,T,FR,2020,138440,e
ESTAT:MIGR_NETMIGR(1.0),28/09/23 23:00:00,A,COMPLET,TOTAL,NR,T,FR,2021,159370,
ESTAT:MIGR_NETMIGR(1.0),28/09/23 23:00:00,A,COMPLET,TOTAL,NR,T,HR,2013,-4884,
ESTAT:MIGR_NETMIGR(1.0),28/09/23 23:00:00,A,COMPLET,TOTAL,NR,T,HR,2014,-10220,
ESTAT:MIGR_NETMIGR(1.0),28/09/23 23:00:00,A,COMPLET,TOTAL,NR,T,HR,2015,-17945,
ESTAT:MIGR_NETMIGR(1.0),28/09/23 23:00:00,A,COMPLET,TOTAL,NR,T,HR,2016,-22451,
ESTAT:MIGR_NETMIGR(1.0),28/09/23 23:00:00,A,COMPLET,TOTAL,NR,T,HR,2017,-31799,
ESTAT:MIGR_NETMIGR(1.0),28/09/23 23:00:00,A,COMPLET,TOTAL,NR,T,HR,2018,-13486,
ESTAT:MIGR_NETMIGR(1.0),28/09/23 23:00:00,A,COMPLET,TOTAL,NR,T,HR,2019,-2422,
ESTAT:MIGR_NETMIGR(1.0),28/09/23 23:00:00,A,COMPLET,TOTAL,NR,T,HR,2020,-632,
ESTAT:MIGR_NETMIGR(1.0),28/09/23 23:00:00,A,COMPLET,TOTAL,NR,T,HR,2021,-4512,
ESTAT:MIGR_NETMIGR(1.0),28/09/23 23:00:00,A,COMPLET,TOTAL,NR,T,HU,2013,4277,
ESTAT:MIGR_NETMIGR(1.0),28/09/23 23:00:00,A,COMPLET,TOTAL,NR,T,HU,2014,12368,
ESTAT:MIGR_NETMIGR(1.0),28/09/23 23:00:00,A,COMPLET,TOTAL,NR,T,HU,2015,15119,
ESTAT:MIGR_NETMIGR(1.0),28/09/23 23:00:00,A,COMPLET,TOTAL,NR,T,HU,2016,13729,
ESTAT:MIGR_NETMIGR(1.0),28/09/23 23:00:00,A,COMPLET,TOTAL,NR,T,HU,2017,28241,
ESTAT:MIGR_NETMIGR(1.0),28/09/23 23:00:00,A,COMPLET,TOTAL,NR,T,HU,2018,34759,
ESTAT:MIGR_NETMIGR(1.0),28/09/23 23:00:00,A,COMPLET,TOTAL,NR,T,HU,2019,38786,
ESTAT:MIGR_NETMIGR(1.0),28/09/23 23:00:00,A,COMPLET,TOTAL,NR,T,HU,2020,8106,
ESTAT:MIGR_NETMIGR(1.0),28/09/23 23:00:00,A,COMPLET,TOTAL,NR,T,HU,2021,12472,
ESTAT:MIGR_NETMIGR(1.0),28/09/23 23:00:00,A,COMPLET,TOTAL,NR,T,IE,2013,-11021,
ESTAT:MIGR_NETMIGR(1.0),28/09/23 23:00:00,A,COMPLET,TOTAL,NR,T,IE,2014,2412,
ESTAT:MIGR_NETMIGR(1.0),28/09/23 23:00:00,A,COMPLET,TOTAL,NR,T,IE,2015,13632,
ESTAT:MIGR_NETMIGR(1.0),28/09/23 23:00:00,A,COMPLET,TOTAL,NR,T,IE,2016,23129,
ESTAT:MIGR_NETMIGR(1.0),28/09/23 23:00:00,A,COMPLET,TOTAL,NR,T,IE,2017,14431,
ESTAT:MIGR_NETMIGR(1.0),28/09/23 23:00:00,A,COMPLET,TOTAL,NR,T,IE,2018,43977,
ESTAT:MIGR_NETMIGR(1.0),28/09/23 23:00:00,A,COMPLET,TOTAL,NR,T,IE,2019,23626,
ESTAT:MIGR_NETMIGR(1.0),28/09/23 23:00:00,A,COMPLET,TOTAL,NR,T,IE,2020,18269,
ESTAT:MIGR_NETMIGR(1.0),28/09/23 23:00:00,A,COMPLET,TOTAL,NR,T,IE,2021,28303,
ESTAT:MIGR_NETMIGR(1.0),28/09/23 23:00:00,A,COMPLET,TOTAL,NR,T,IS,2013,2034,
ESTAT:MIGR_NETMIGR(1.0),28/09/23 23:00:00,A,COMPLET,TOTAL,NR,T,IS,2014,1316,
ESTAT:MIGR_NETMIGR(1.0),28/09/23 23:00:00,A,COMPLET,TOTAL,NR,T,IS,2015,1589,
ESTAT:MIGR_NETMIGR(1.0),28/09/23 23:00:00,A,COMPLET,TOTAL,NR,T,IS,2016,4551,
ESTAT:MIGR_NETMIGR(1.0),28/09/23 23:00:00,A,COMPLET,TOTAL,NR,T,IS,2017,8475,
ESTAT:MIGR_NETMIGR(1.0),28/09/23 23:00:00,A,COMPLET,TOTAL,NR,T,IS,2018,7458,
ESTAT:MIGR_NETMIGR(1.0),28/09/23 23:00:00,A,COMPLET,TOTAL,NR,T,IS,2019,5282,
ESTAT:MIGR_NETMIGR(1.0),28/09/23 23:00:00,A,COMPLET,TOTAL,NR,T,IS,2020,2535,
ESTAT:MIGR_NETMIGR(1.0),28/09/23 23:00:00,A,COMPLET,TOTAL,NR,T,IS,2021,4335,
ESTAT:MIGR_NETMIGR(1.0),28/09/23 23:00:00,A,COMPLET,TOTAL,NR,T,IT,2013,181719,
ESTAT:MIGR_NETMIGR(1.0),28/09/23 23:00:00,A,COMPLET,TOTAL,NR,T,IT,2014,141303,
ESTAT:MIGR_NETMIGR(1.0),28/09/23 23:00:00,A,COMPLET,TOTAL,NR,T,IT,2015,133123,
ESTAT:MIGR_NETMIGR(1.0),28/09/23 23:00:00,A,COMPLET,TOTAL,NR,T,IT,2016,143758,
ESTAT:MIGR_NETMIGR(1.0),28/09/23 23:00:00,A,COMPLET,TOTAL,NR,T,IT,2017,188330,
ESTAT:MIGR_NETMIGR(1.0),28/09/23 23:00:00,A,COMPLET,TOTAL,NR,T,IT,2018,175364,
ESTAT:MIGR_NETMIGR(1.0),28/09/23 23:00:00,A,COMPLET,TOTAL,NR,T,IT,2019,153273,
ESTAT:MIGR_NETMIGR(1.0),28/09/23 23:00:00,A,COMPLET,TOTAL,NR,T,IT,2020,87642,
ESTAT:MIGR_NETMIGR(1.0),28/09/23 23:00:00,A,COMPLET,TOTAL,NR,T,IT,2021,160054,
ESTAT:MIGR_NETMIGR(1.0),28/09/23 23:00:00,A,COMPLET,TOTAL,NR,T,LI,2013,199,
ESTAT:MIGR_NETMIGR(1.0),28/09/23 23:00:00,A,COMPLET,TOTAL,NR,T,LI,2014,139,
ESTAT:MIGR_NETMIGR(1.0),28/09/23 23:00:00,A,COMPLET,TOTAL,NR,T,LI,2015,189,
ESTAT:MIGR_NETMIGR(1.0),28/09/23 23:00:00,A,COMPLET,TOTAL,NR,T,LI,2016,85,
ESTAT:MIGR_NETMIGR(1.0),28/09/23 23:00:00,A,COMPLET,TOTAL,NR,T,LI,2017,219,
ESTAT:MIGR_NETMIGR(1.0),28/09/23 23:00:00,A,COMPLET,TOTAL,NR,T,LI,2018,165,
ESTAT:MIGR_NETMIGR(1.0),28/09/23 23:00:00,A,COMPLET,TOTAL,NR,T,LI,2019,281,
ESTAT:MIGR_NETMIGR(1.0),28/09/23 23:00:00,A,COMPLET,TOTAL,NR,T,LI,2020,281,
ESTAT:MIGR_NETMIGR(1.0),28/09/23 23:00:00,A,COMPLET,TOTAL,NR,T,LI,2021,153,
ESTAT:MIGR_NETMIGR(1.0),28/09/23 23:00:00,A,COMPLET,TOTAL,NR,T,LT,2013,-16807,
ESTAT:MIGR_NETMIGR(1.0),28/09/23 23:00:00,A,COMPLET,TOTAL,NR,T,LT,2014,-12327,
ESTAT:MIGR_NETMIGR(1.0),28/09/23 23:00:00,A,COMPLET,TOTAL,NR,T,LT,2015,-22403,
ESTAT:MIGR_NETMIGR(1.0),28/09/23 23:00:00,A,COMPLET,TOTAL,NR,T,LT,2016,-30171,
ESTAT:MIGR_NETMIGR(1.0),28/09/23 23:00:00,A,COMPLET,TOTAL,NR,T,LT,2017,-27557,
ESTAT:MIGR_NETMIGR(1.0),28/09/23 23:00:00,A,COMPLET,TOTAL,NR,T,LT,2018,-3292,
ESTAT:MIGR_NETMIGR(1.0),28/09/23 23:00:00,A,COMPLET,TOTAL,NR,T,LT,2019,10794,
ESTAT:MIGR_NETMIGR(1.0),28/09/23 23:00:00,A,COMPLET,TOTAL,NR,T,LT,2020,19993,
ESTAT:MIGR_NETMIGR(1.0),28/09/23 23:00:00,A,COMPLET,TOTAL,NR,T,LT,2021,19653,
ESTAT:MIGR_NETMIGR(1.0),28/09/23 23:00:00,A,COMPLET,TOTAL,NR,T,LU,2013,10348,e
ESTAT:MIGR_NETMIGR(1.0),28/09/23 23:00:00,A,COMPLET,TOTAL,NR,T,LU,2014,11049,
ESTAT:MIGR_NETMIGR(1.0),28/09/23 23:00:00,A,COMPLET,TOTAL,NR,T,LU,2015,11159,
ESTAT:MIGR_NETMIGR(1.0),28/09/23 23:00:00,A,COMPLET,TOTAL,NR,T,LU,2016,9446,
ESTAT:MIGR_NETMIGR(1.0),28/09/23 23:00:00,A,COMPLET,TOTAL,NR,T,LU,2017,10548,
ESTAT:MIGR_NETMIGR(1.0),28/09/23 23:00:00,A,COMPLET,TOTAL,NR,T,LU,2018,10659,
ESTAT:MIGR_NETMIGR(1.0),28/09/23 23:00:00,A,COMPLET,TOTAL,NR,T,LU,2019,11075,
ESTAT:MIGR_NETMIGR(1.0),28/09/23 23:00:00,A,COMPLET,TOTAL,NR,T,LU,2020,7620,
ESTAT:MIGR_NETMIGR(1.0),28/09/23 23:00:00,A,COMPLET,TOTAL,NR,T,LU,2021,9376,
ESTAT:MIGR_NETMIGR(1.0),28/09/23 23:00:00,A,COMPLET,TOTAL,NR,T,LV,2013,-14262,
ESTAT:MIGR_NETMIGR(1.0),28/09/23 23:00:00,A,COMPLET,TOTAL,NR,T,LV,2014,-8652,
ESTAT:MIGR_NETMIGR(1.0),28/09/23 23:00:00,A,COMPLET,TOTAL,NR,T,LV,2015,-10640,
ESTAT:MIGR_NETMIGR(1.0),28/09/23 23:00:00,A,COMPLET,TOTAL,NR,T,LV,2016,-12229,
ESTAT:MIGR_NETMIGR(1.0),28/09/23 23:00:00,A,COMPLET,TOTAL,NR,T,LV,2017,-7808,
ESTAT:MIGR_NETMIGR(1.0),28/09/23 23:00:00,A,COMPLET,TOTAL,NR,T,LV,2018,-4905,
ESTAT:MIGR_NETMIGR(1.0),28/09/23 23:00:00,A,COMPLET,TOTAL,NR,T,LV,2019,-3360,
ESTAT:MIGR_NETMIGR(1.0),28/09/23 23:00:00,A,COMPLET,TOTAL,NR,T,LV,2020,-3150,
ESTAT:MIGR_NETMIGR(1.0),28/09/23 23:00:00,A,COMPLET,TOTAL,NR,T,LV,2021,-286,
ESTAT:MIGR_NETMIGR(1.0),28/09/23 23:00:00,A,COMPLET,TOTAL,NR,T,ME,2020,5980,
ESTAT:MIGR_NETMIGR(1.0),28/09/23 23:00:00,A,COMPLET,TOTAL,NR,T,MK,2020,1473,
ESTAT:MIGR_NETMIGR(1.0),28/09/23 23:00:00,A,COMPLET,TOTAL,NR,T,MK,2021,158,
ESTAT:MIGR_NETMIGR(1.0),28/09/23 23:00:00,A,COMPLET,TOTAL,NR,T,MT,2013,6119,
ESTAT:MIGR_NETMIGR(1.0),28/09/23 23:00:00,A,COMPLET,TOTAL,NR,T,MT,2014,9346,
ESTAT:MIGR_NETMIGR(1.0),28/09/23 23:00:00,A,COMPLET,TOTAL,NR,T,MT,2015,9841,
ESTAT:MIGR_NETMIGR(1.0),28/09/23 23:00:00,A,COMPLET,TOTAL,NR,T,MT,2016,8748,
ESTAT:MIGR_NETMIGR(1.0),28/09/23 23:00:00,A,COMPLET,TOTAL,NR,T,MT,2017,14656,
ESTAT:MIGR_NETMIGR(1.0),28/09/23 23:00:00,A,COMPLET,TOTAL,NR,T,MT,2018,17102,
ESTAT:MIGR_NETMIGR(1.0),28/09/23 23:00:00,A,COMPLET,TOTAL,NR,T,MT,2019,20343,
ESTAT:MIGR_NETMIGR(1.0),28/09/23 23:00:00,A,COMPLET,TOTAL,NR,T,MT,2020,1206,
ESTAT:MIGR_NETMIGR(1.0),28/09/23 23:00:00,A,COMPLET,TOTAL,NR,T,MT,2021,4639,
ESTAT:MIGR_NETMIGR(1.0),28/09/23 23:00:00,A,COMPLET,TOTAL,NR,T,NL,2013,16803,
ESTAT:MIGR_NETMIGR(1.0),28/09/23 23:00:00,A,COMPLET,TOTAL,NR,T,NL,2014,32423,
ESTAT:MIGR_NETMIGR(1.0),28/09/23 23:00:00,A,COMPLET,TOTAL,NR,T,NL,2015,54542,
ESTAT:MIGR_NETMIGR(1.0),28/09/23 23:00:00,A,COMPLET,TOTAL,NR,T,NL,2016,77755,
ESTAT:MIGR_NETMIGR(1.0),28/09/23 23:00:00,A,COMPLET,TOTAL,NR,T,NL,2017,81415,
ESTAT:MIGR_NETMIGR(1.0),28/09/23 23:00:00,A,COMPLET,TOTAL,NR,T,NL,2018,84671,
ESTAT:MIGR_NETMIGR(1.0),28/09/23 23:00:00,A,COMPLET,TOTAL,NR,T,NL,2019,107850,
ESTAT:MIGR_NETMIGR(1.0),28/09/23 23:00:00,A,COMPLET,TOTAL,NR,T,NL,2020,79742,
ESTAT:MIGR_NETMIGR(1.0),28/09/23 23:00:00,A,COMPLET,TOTAL,NR,T,NL,2021,103763,
ESTAT:MIGR_NETMIGR(1.0),28/09/23 23:00:00,A,COMPLET,TOTAL,NR,T,NO,2013,41790,
ESTAT:MIGR_NETMIGR(1.0),28/09/23 23:00:00,A,COMPLET,TOTAL,NR,T,NO,2014,37595,
ESTAT:MIGR_NETMIGR(1.0),28/09/23 23:00:00,A,COMPLET,TOTAL,NR,T,NO,2015,31643,
ESTAT:MIGR_NETMIGR(1.0),28/09/23 23:00:00,A,COMPLET,TOTAL,NR,T,NO,2016,26766,
ESTAT:MIGR_NETMIGR(1.0),28/09/23 23:00:00,A,COMPLET,TOTAL,NR,T,NO,2017,21388,
ESTAT:MIGR_NETMIGR(1.0),28/09/23 23:00:00,A,COMPLET,TOTAL,NR,T,NO,2018,20706,
ESTAT:MIGR_NETMIGR(1.0),28/09/23 23:00:00,A,COMPLET,TOTAL,NR,T,NO,2019,25473,
ESTAT:MIGR_NETMIGR(1.0),28/09/23 23:00:00,A,COMPLET,TOTAL,NR,T,NO,2020,14840,
ESTAT:MIGR_NETMIGR(1.0),28/09/23 23:00:00,A,COMPLET,TOTAL,NR,T,NO,2021,19650,
ESTAT:MIGR_NETMIGR(1.0),28/09/23 23:00:00,A,COMPLET,TOTAL,NR,T,PL,2013,-56135,p
ESTAT:MIGR_NETMIGR(1.0),28/09/23 23:00:00,A,COMPLET,TOTAL,NR,T,PL,2014,-46024,ep
ESTAT:MIGR_NETMIGR(1.0),28/09/23 23:00:00,A,COMPLET,TOTAL,NR,T,PL,2015,-40690,ep
ESTAT:MIGR_NETMIGR(1.0),28/09/23 23:00:00,A,COMPLET,TOTAL,NR,T,PL,2016,-28139,ep
ESTAT:MIGR_NETMIGR(1.0),28/09/23 23:00:00,A,COMPLET,TOTAL,NR,T,PL,2017,-9139,ep
ESTAT:MIGR_NETMIGR(1.0),28/09/23 23:00:00,A,COMPLET,TOTAL,NR,T,PL,2018,24289,ep
ESTAT:MIGR_NETMIGR(1.0),28/09/23 23:00:00,A,COMPLET,TOTAL,NR,T,PL,2019,46055,ep
ESTAT:MIGR_NETMIGR(1.0),28/09/23 23:00:00,A,COMPLET,TOTAL,NR,T,PL,2020,48949,ep
ESTAT:MIGR_NETMIGR(1.0),28/09/23 23:00:00,A,COMPLET,TOTAL,NR,T,PL,2021,39521,
ESTAT:MIGR_NETMIGR(1.0),28/09/23 23:00:00,A,COMPLET,TOTAL,NR,T,PT,2013,-36232,e
ESTAT:MIGR_NETMIGR(1.0),28/09/23 23:00:00,A,COMPLET,TOTAL,NR,T,PT,2014,-30056,e
ESTAT:MIGR_NETMIGR(1.0),28/09/23 23:00:00,A,COMPLET,TOTAL,NR,T,PT,2015,-10481,e
ESTAT:MIGR_NETMIGR(1.0),28/09/23 23:00:00,A,COMPLET,TOTAL,NR,T,PT,2016,-8348,e
ESTAT:MIGR_NETMIGR(1.0),28/09/23 23:00:00,A,COMPLET,TOTAL,NR,T,PT,2017,4886,e
ESTAT:MIGR_NETMIGR(1.0),28/09/23 23:00:00,A,COMPLET,TOTAL,NR,T,PT,2018,11570,
ESTAT:MIGR_NETMIGR(1.0),28/09/23 23:00:00,A,COMPLET,TOTAL,NR,T,PT,2019,44506,
ESTAT:MIGR_NETMIGR(1.0),28/09/23 23:00:00,A,COMPLET,TOTAL,NR,T,PT,2020,41274,
ESTAT:MIGR_NETMIGR(1.0),28/09/23 23:00:00,A,COMPLET,TOTAL,NR,T,PT,2021,25642,
ESTAT:MIGR_NETMIGR(1.0),28/09/23 23:00:00,A,COMPLET,TOTAL,NR,T,RO,2013,-8109,e
ESTAT:MIGR_NETMIGR(1.0),28/09/23 23:00:00,A,COMPLET,TOTAL,NR,T,RO,2014,-36836,e
ESTAT:MIGR_NETMIGR(1.0),28/09/23 23:00:00,A,COMPLET,TOTAL,NR,T,RO,2015,-61923,e
ESTAT:MIGR_NETMIGR(1.0),28/09/23 23:00:00,A,COMPLET,TOTAL,NR,T,RO,2016,-70123,e
ESTAT:MIGR_NETMIGR(1.0),28/09/23 23:00:00,A,COMPLET,TOTAL,NR,T,RO,2017,-64758,e
ESTAT:MIGR_NETMIGR(1.0),28/09/23 23:00:00,A,COMPLET,TOTAL,NR,T,RO,2018,-59083,e
ESTAT:MIGR_NETMIGR(1.0),28/09/23 23:00:00,A,COMPLET,TOTAL,NR,T,RO,2019,-31314,e
ESTAT:MIGR_NETMIGR(1.0),28/09/23 23:00:00,A,COMPLET,TOTAL,NR,T,RO,2020,-41299,e
ESTAT:MIGR_NETMIGR(1.0),28/09/23 23:00:00,A,COMPLET,TOTAL,NR,T,RO,2021,-22219,
ESTAT:MIGR_NETMIGR(1.0),28/09/23 23:00:00,A,COMPLET,TOTAL,NR,T,SE,2013,65130,
ESTAT:MIGR_NETMIGR(1.0),28/09/23 23:00:00,A,COMPLET,TOTAL,NR,T,SE,2014,75729,
ESTAT:MIGR_NETMIGR(1.0),28/09/23 23:00:00,A,COMPLET,TOTAL,NR,T,SE,2015,78410,
ESTAT:MIGR_NETMIGR(1.0),28/09/23 23:00:00,A,COMPLET,TOTAL,NR,T,SE,2016,117127,
ESTAT:MIGR_NETMIGR(1.0),28/09/23 23:00:00,A,COMPLET,TOTAL,NR,T,SE,2017,98869,
ESTAT:MIGR_NETMIGR(1.0),28/09/23 23:00:00,A,COMPLET,TOTAL,NR,T,SE,2018,85621,
ESTAT:MIGR_NETMIGR(1.0),28/09/23 23:00:00,A,COMPLET,TOTAL,NR,T,SE,2019,68087,
ESTAT:MIGR_NETMIGR(1.0),28/09/23 23:00:00,A,COMPLET,TOTAL,NR,T,SE,2020,33581,
ESTAT:MIGR_NETMIGR(1.0),28/09/23 23:00:00,A,COMPLET,TOTAL,NR,T,SE,2021,42347,
ESTAT:MIGR_NETMIGR(1.0),28/09/23 23:00:00,A,COMPLET,TOTAL,NR,T,SI,2013,487,
ESTAT:MIGR_NETMIGR(1.0),28/09/23 23:00:00,A,COMPLET,TOTAL,NR,T,SI,2014,-490,
ESTAT:MIGR_NETMIGR(1.0),28/09/23 23:00:00,A,COMPLET,TOTAL,NR,T,SI,2015,507,
ESTAT:MIGR_NETMIGR(1.0),28/09/23 23:00:00,A,COMPLET,TOTAL,NR,T,SI,2016,1051,
ESTAT:MIGR_NETMIGR(1.0),28/09/23 23:00:00,A,COMPLET,TOTAL,NR,T,SI,2017,1253,
ESTAT:MIGR_NETMIGR(1.0),28/09/23 23:00:00,A,COMPLET,TOTAL,NR,T,SI,2018,14928,
ESTAT:MIGR_NETMIGR(1.0),28/09/23 23:00:00,A,COMPLET,TOTAL,NR,T,SI,2019,16213,bep
ESTAT:MIGR_NETMIGR(1.0),28/09/23 23:00:00,A,COMPLET,TOTAL,NR,T,SI,2020,18365,
ESTAT:MIGR_NETMIGR(1.0),28/09/23 23:00:00,A,COMPLET,TOTAL,NR,T,SI,2021,2480,
ESTAT:MIGR_NETMIGR(1.0),28/09/23 23:00:00,A,COMPLET,TOTAL,NR,T,SK,2013,2379,p
ESTAT:MIGR_NETMIGR(1.0),28/09/23 23:00:00,A,COMPLET,TOTAL,NR,T,SK,2014,1713,p
ESTAT:MIGR_NETMIGR(1.0),28/09/23 23:00:00,A,COMPLET,TOTAL,NR,T,SK,2015,3127,
ESTAT:MIGR_NETMIGR(1.0),28/09/23 23:00:00,A,COMPLET,TOTAL,NR,T,SK,2016,3885,p
ESTAT:MIGR_NETMIGR(1.0),28/09/23 23:00:00,A,COMPLET,TOTAL,NR,T,SK,2017,3722,
ESTAT:MIGR_NETMIGR(1.0),28/09/23 23:00:00,A,COMPLET,TOTAL,NR,T,SK,2018,3955,p
ESTAT:MIGR_NETMIGR(1.0),28/09/23 23:00:00,A,COMPLET,TOTAL,NR,T,SK,2019,3632,p
ESTAT:MIGR_NETMIGR(1.0),28/09/23 23:00:00,A,COMPLET,TOTAL,NR,T,SK,2020,4347,p
ESTAT:MIGR_NETMIGR(1.0),28/09/23 23:00:00,A,COMPLET,TOTAL,NR,T,SK,2021,2338,
ESTAT:MIGR_NETMIGR(1.0),28/09/23 23:00:00,A,COMPLET,TOTAL,NR,T,UK,2013,209112,
ESTAT:MIGR_NETMIGR(1.0),28/09/23 23:00:00,A,COMPLET,TOTAL,NR,T,UK,2014,312905,
ESTAT:MIGR_NETMIGR(1.0),28/09/23 23:00:00,A,COMPLET,TOTAL,NR,T,UK,2015,332269,
ESTAT:MIGR_NETMIGR(1.0),28/09/23 23:00:00,A,COMPLET,TOTAL,NR,T,UK,2016,248553,
ESTAT:MIGR_NETMIGR(1.0),28/09/23 23:00:00,A,COMPLET,TOTAL,NR,T,UK,2017,284544,
ESTAT:MIGR_NETMIGR(1.0),28/09/23 23:00:00,A,COMPLET,TOTAL,NR,T,UK,2018,259606,p
ESTAT:MIGR_NETMIGR(1.0),28/09/23 23:00:00,A,COMPLET,TOTAL,NR,T,UK,2019,312521,
