DATAFLOW,LAST UPDATE,freq,agedef,age,unit,sex,geo,TIME_PERIOD,OBS_VALUE,OBS_FLAG
ESTAT:MIGR_IMM8(1.0),26/09/23 23:00:00,A,COMPLET,TOTAL,NR,T,AT,1996,69930,
ESTAT:MIGR_IMM8(1.0),26/09/23 23:00:00,A,COMPLET,TOTAL,NR,T,AT,1997,70122,
ESTAT:MIGR_IMM8(1.0),26/09/23 23:00:00,A,COMPLET,TOTAL,NR,T,AT,1998,72723,
ESTAT:MIGR_IMM8(1.0),26/09/23 23:00:00,A,COMPLET,TOTAL,NR,T,AT,1999,86710,
ESTAT:MIGR_IMM8(1.0),26/09/23 23:00:00,A,COMPLET,TOTAL,NR,T,AT,2000,81676,
ESTAT:MIGR_IMM8(1.0),26/09/23 23:00:00,A,COMPLET,TOTAL,NR,T,AT,2001,89928,
ESTAT:MIGR_IMM8(1.0),26/09/23 23:00:00,A,COMPLET,TOTAL,NR,T,AT,2002,108125,b
ESTAT:MIGR_IMM8(1.0),26/09/23 23:00:00,A,COMPLET,TOTAL,NR,T,AT,2003,111869,
ESTAT:MIGR_IMM8(1.0),26/09/23 23:00:00,A,COMPLET,TOTAL,NR,T,AT,2004,122547,
ESTAT:MIGR_IMM8(1.0),26/09/23 23:00:00,A,COMPLET,TOTAL,NR,T,AT,2005,114465,
ESTAT:MIGR_IMM8(1.0),26/09/23 23:00:00,A,COMPLET,TOTAL,NR,T,AT,2006,98535,
ESTAT:MIGR_IMM8(1.0),26/09/23 23:00:00,A,COMPLET,TOTAL,NR,T,AT,2007,72862,b
ESTAT:MIGR_IMM8(1.0),26/09/23 23:00:00,A,COMPLET,TOTAL,NR,T,AT,2008,73772,
ESTAT:MIGR_IMM8(1.0),26/09/23 23:00:00,A,COMPLET,TOTAL,NR,T,AT,2009,69295,
ESTAT:MIGR_IMM8(1.0),26/09/23 23:00:00,A,COMPLET,TOTAL,NR,T,AT,2010,70978,
ESTAT:MIGR_IMM8(1.0),26/09/23 23:00:00,A,COMPLET,TOTAL,NR,T,AT,2011,82230,
ESTAT:MIGR_IMM8(1.0),26/09/23 23:00:00,A,COMPLET,TOTAL,NR,T,AT,2012,91557,
ESTAT:MIGR_IMM8(1.0),26/09/23 23:00:00,A,COMPLET,TOTAL,NR,T,AT,2013,101866,
ESTAT:MIGR_IMM8(1.0),26/09/23 23:00:00,A,COMPLET,TOTAL,NR,T,AT,2014,116262,
ESTAT:MIGR_IMM8(1.0),26/09/23 23:00:00,A,COMPLET,TOTAL,NR,T,AT,2015,166323,
ESTAT:MIGR_IMM8(1.0),26/09/23 23:00:00,A,COMPLET,TOTAL,NR,T,AT,2016,129509,
ESTAT:MIGR_IMM8(1.0),26/09/23 23:00:00,A,COMPLET,TOTAL,NR,T,AT,2017,111801,
ESTAT:MIGR_IMM8(1.0),26/09/23 23:00:00,A,COMPLET,TOTAL,NR,T,AT,2018,105633,
ESTAT:MIGR_IMM8(1.0),26/09/23 23:00:00,A,COMPLET,TOTAL,NR,T,AT,2019,109167,
ESTAT:MIGR_IMM8(1.0),26/09/23 23:00:00,A,COMPLET,TOTAL,NR,T,AT,2020,103565,
ESTAT:MIGR_IMM8(1.0),26/09/23 23:00:00,A,COMPLET,TOTAL,NR,T,AT,2021,118511,
ESTAT:MIGR_IMM8(1.0),26/09/23 23:00:00,A,COMPLET,TOTAL,NR,T,BE,1990,62662,
ESTAT:MIGR_IMM8(1.0),26/09/23 23:00:00,A,COMPLET,TOTAL,NR,T,BE,1991,67460,
ESTAT:MIGR_IMM8(1.0),26/09/23 23:00:00,A,COMPLET,TOTAL,NR,T,BE,1992,66763,
ESTAT:MIGR_IMM8(1.0),26/09/23 23:00:00,A,COMPLET,TOTAL,NR,T,BE,1993,63749,
ESTAT:MIGR_IMM8(1.0),26/09/23 23:00:00,A,COMPLET,TOTAL,NR,T,BE,1994,66147,
ESTAT:MIGR_IMM8(1.0),26/09/23 23:00:00,A,COMPLET,TOTAL,NR,T,BE,1995,62950,
ESTAT:MIGR_IMM8(1.0),26/09/23 23:00:00,A,COMPLET,TOTAL,NR,T,BE,1996,61522,
ESTAT:MIGR_IMM8(1.0),26/09/23 23:00:00,A,COMPLET,TOTAL,NR,T,BE,1997,58849,
ESTAT:MIGR_IMM8(1.0),26/09/23 23:00:00,A,COMPLET,TOTAL,NR,T,BE,1998,83812,
ESTAT:MIGR_IMM8(1.0),26/09/23 23:00:00,A,COMPLET,TOTAL,NR,T,BE,1999,91624,
ESTAT:MIGR_IMM8(1.0),26/09/23 23:00:00,A,COMPLET,TOTAL,NR,T,BE,2000,89388,
ESTAT:MIGR_IMM8(1.0),26/09/23 23:00:00,A,COMPLET,TOTAL,NR,T,BE,2001,110410,
ESTAT:MIGR_IMM8(1.0),26/09/23 23:00:00,A,COMPLET,TOTAL,NR,T,BE,2002,113857,
ESTAT:MIGR_IMM8(1.0),26/09/23 23:00:00,A,COMPLET,TOTAL,NR,T,BE,2003,112060,
ESTAT:MIGR_IMM8(1.0),26/09/23 23:00:00,A,COMPLET,TOTAL,NR,T,BE,2004,117236,
ESTAT:MIGR_IMM8(1.0),26/09/23 23:00:00,A,COMPLET,TOTAL,NR,T,BE,2005,132810,
ESTAT:MIGR_IMM8(1.0),26/09/23 23:00:00,A,COMPLET,TOTAL,NR,T,BE,2006,137699,
ESTAT:MIGR_IMM8(1.0),26/09/23 23:00:00,A,COMPLET,TOTAL,NR,T,BE,2007,146409,
ESTAT:MIGR_IMM8(1.0),26/09/23 23:00:00,A,COMPLET,TOTAL,NR,T,BE,2010,135281,b
ESTAT:MIGR_IMM8(1.0),26/09/23 23:00:00,A,COMPLET,TOTAL,NR,T,BE,2011,147377,b
ESTAT:MIGR_IMM8(1.0),26/09/23 23:00:00,A,COMPLET,TOTAL,NR,T,BE,2012,129477,
ESTAT:MIGR_IMM8(1.0),26/09/23 23:00:00,A,COMPLET,TOTAL,NR,T,BE,2013,120078,
ESTAT:MIGR_IMM8(1.0),26/09/23 23:00:00,A,COMPLET,TOTAL,NR,T,BE,2014,123158,
ESTAT:MIGR_IMM8(1.0),26/09/23 23:00:00,A,COMPLET,TOTAL,NR,T,BE,2015,146626,
ESTAT:MIGR_IMM8(1.0),26/09/23 23:00:00,A,COMPLET,TOTAL,NR,T,BE,2016,123702,
ESTAT:MIGR_IMM8(1.0),26/09/23 23:00:00,A,COMPLET,TOTAL,NR,T,BE,2017,126703,
ESTAT:MIGR_IMM8(1.0),26/09/23 23:00:00,A,COMPLET,TOTAL,NR,T,BE,2018,137860,
ESTAT:MIGR_IMM8(1.0),26/09/23 23:00:00,A,COMPLET,TOTAL,NR,T,BE,2019,150006,
ESTAT:MIGR_IMM8(1.0),26/09/23 23:00:00,A,COMPLET,TOTAL,NR,T,BE,2020,118683,
ESTAT:MIGR_IMM8(1.0),26/09/23 23:00:00,A,COMPLET,TOTAL,NR,T,BE,2021,139743,
ESTAT:MIGR_IMM8(1.0),26/09/23 23:00:00,A,COMPLET,TOTAL,NR,T,BG,2007,1561,
ESTAT:MIGR_IMM8(1.0),26/09/23 23:00:00,A,COMPLET,TOTAL,NR,T,BG,2012,14103,bp
ESTAT:MIGR_IMM8(1.0),26/09/23 23:00:00,A,COMPLET,TOTAL,NR,T,BG,2013,18570,p
ESTAT:MIGR_IMM8(1.0),26/09/23 23:00:00,A,COMPLET,TOTAL,NR,T,BG,2014,26615,p
ESTAT:MIGR_IMM8(1.0),26/09/23 23:00:00,A,COMPLET,TOTAL,NR,T,BG,2015,25223,p
ESTAT:MIGR_IMM8(1.0),26/09/23 23:00:00,A,COMPLET,TOTAL,NR,T,BG,2016,21241,
ESTAT:MIGR_IMM8(1.0),26/09/23 23:00:00,A,COMPLET,TOTAL,NR,T,BG,2017,25597,p
ESTAT:MIGR_IMM8(1.0),26/09/23 23:00:00,A,COMPLET,TOTAL,NR,T,BG,2018,29559,p
ESTAT:MIGR_IMM8(1.0),26/09/23 23:00:00,A,COMPLET,TOTAL,NR,T,BG,2019,37929,p
ESTAT:MIGR_IMM8(1.0),26/09/23 23:00:00,A,COMPLET,TOTAL,NR,T,BG,2020,37364,p
ESTAT:MIGR_IMM8(1.0),26/09/23 23:00:00,A,COMPLET,TOTAL,NR,T,BG,2021,39461,
ESTAT:MIGR_IMM8(1.0),26/09/23 23:00:00,A,COMPLET,TOTAL,NR,T,CH,1990,154244,
ESTAT:MIGR_IMM8(1.0),26/09/23 23:00:00,A,COMPLET,TOTAL,NR,T,CH,1991,164773,
ESTAT:MIGR_IMM8(1.0),26/09/23 23:00:00,A,COMPLET,TOTAL,NR,T,CH,1992,157190,
ESTAT:MIGR_IMM8(1.0),26/09/23 23:00:00,A,COMPLET,TOTAL,NR,T,CH,1993,144537,
ESTAT:MIGR_IMM8(1.0),26/09/23 23:00:00,A,COMPLET,TOTAL,NR,T,CH,1994,130188,
ESTAT:MIGR_IMM8(1.0),26/09/23 23:00:00,A,COMPLET,TOTAL,NR,T,CH,1995,113967,
ESTAT:MIGR_IMM8(1.0),26/09/23 23:00:00,A,COMPLET,TOTAL,NR,T,CH,1996,97591,
ESTAT:MIGR_IMM8(1.0),26/09/23 23:00:00,A,COMPLET,TOTAL,NR,T,CH,1997,91687,
ESTAT:MIGR_IMM8(1.0),26/09/23 23:00:00,A,COMPLET,TOTAL,NR,T,CH,1998,95955,
ESTAT:MIGR_IMM8(1.0),26/09/23 23:00:00,A,COMPLET,TOTAL,NR,T,CH,1999,107953,
ESTAT:MIGR_IMM8(1.0),26/09/23 23:00:00,A,COMPLET,TOTAL,NR,T,CH,2000,110302,
ESTAT:MIGR_IMM8(1.0),26/09/23 23:00:00,A,COMPLET,TOTAL,NR,T,CH,2001,124077,
ESTAT:MIGR_IMM8(1.0),26/09/23 23:00:00,A,COMPLET,TOTAL,NR,T,CH,2002,127340,
ESTAT:MIGR_IMM8(1.0),26/09/23 23:00:00,A,COMPLET,TOTAL,NR,T,CH,2003,119783,
ESTAT:MIGR_IMM8(1.0),26/09/23 23:00:00,A,COMPLET,TOTAL,NR,T,CH,2004,120188,
ESTAT:MIGR_IMM8(1.0),26/09/23 23:00:00,A,COMPLET,TOTAL,NR,T,CH,2005,118270,
ESTAT:MIGR_IMM8(1.0),26/09/23 23:00:00,A,COMPLET,TOTAL,NR,T,CH,2006,127586,
ESTAT:MIGR_IMM8(1.0),26/09/23 23:00:00,A,COMPLET,TOTAL,NR,T,CH,2007,165634,
ESTAT:MIGR_IMM8(1.0),26/09/23 23:00:00,A,COMPLET,TOTAL,NR,T,CH,2008,184297,
ESTAT:MIGR_IMM8(1.0),26/09/23 23:00:00,A,COMPLET,TOTAL,NR,T,CH,2009,160623,
ESTAT:MIGR_IMM8(1.0),26/09/23 23:00:00,A,COMPLET,TOTAL,NR,T,CH,2010,161778,
ESTAT:MIGR_IMM8(1.0),26/09/23 23:00:00,A,COMPLET,TOTAL,NR,T,CH,2011,148799,b
ESTAT:MIGR_IMM8(1.0),26/09/23 23:00:00,A,COMPLET,TOTAL,NR,T,CH,2012,149051,
ESTAT:MIGR_IMM8(1.0),26/09/23 23:00:00,A,COMPLET,TOTAL,NR,T,CH,2013,160157,
ESTAT:MIGR_IMM8(1.0),26/09/23 23:00:00,A,COMPLET,TOTAL,NR,T,CH,2014,156282,
ESTAT:MIGR_IMM8(1.0),26/09/23 23:00:00,A,COMPLET,TOTAL,NR,T,CH,2015,153627,
ESTAT:MIGR_IMM8(1.0),26/09/23 23:00:00,A,COMPLET,TOTAL,NR,T,CH,2016,149305,
ESTAT:MIGR_IMM8(1.0),26/09/23 23:00:00,A,COMPLET,TOTAL,NR,T,CH,2017,143377,
ESTAT:MIGR_IMM8(1.0),26/09/23 23:00:00,A,COMPLET,TOTAL,NR,T,CH,2018,144857,
ESTAT:MIGR_IMM8(1.0),26/09/23 23:00:00,A,COMPLET,TOTAL,NR,T,CH,2019,145129,
ESTAT:MIGR_IMM8(1.0),26/09/23 23:00:00,A,COMPLET,TOTAL,NR,T,CH,2020,138778,
ESTAT:MIGR_IMM8(1.0),26/09/23 23:00:00,A,COMPLET,TOTAL,NR,T,CH,2021,144907,
ESTAT:MIGR_IMM8(1.0),26/09/23 23:00:00,A,COMPLET,TOTAL,NR,T,CY,1998,8801,
ESTAT:MIGR_IMM8(1.0),26/09/23 23:00:00,A,COMPLET,TOTAL,NR,T,CY,1999,8524,
ESTAT:MIGR_IMM8(1.0),26/09/23 23:00:00,A,COMPLET,TOTAL,NR,T,CY,2000,12764,
ESTAT:MIGR_IMM8(1.0),26/09/23 23:00:00,A,COMPLET,TOTAL,NR,T,CY,2001,17485,
ESTAT:MIGR_IMM8(1.0),26/09/23 23:00:00,A,COMPLET,TOTAL,NR,T,CY,2002,6940,
ESTAT:MIGR_IMM8(1.0),26/09/23 23:00:00,A,COMPLET,TOTAL,NR,T,CY,2003,7981,
ESTAT:MIGR_IMM8(1.0),26/09/23 23:00:00,A,COMPLET,TOTAL,NR,T,CY,2004,9003,
ESTAT:MIGR_IMM8(1.0),26/09/23 23:00:00,A,COMPLET,TOTAL,NR,T,CY,2005,10320,
ESTAT:MIGR_IMM8(1.0),26/09/23 23:00:00,A,COMPLET,TOTAL,NR,T,CY,2006,13077,
ESTAT:MIGR_IMM8(1.0),26/09/23 23:00:00,A,COMPLET,TOTAL,NR,T,CY,2007,19328,
ESTAT:MIGR_IMM8(1.0),26/09/23 23:00:00,A,COMPLET,TOTAL,NR,T,CY,2008,21060,
ESTAT:MIGR_IMM8(1.0),26/09/23 23:00:00,A,COMPLET,TOTAL,NR,T,CY,2009,22581,b
ESTAT:MIGR_IMM8(1.0),26/09/23 23:00:00,A,COMPLET,TOTAL,NR,T,CY,2010,20206,
ESTAT:MIGR_IMM8(1.0),26/09/23 23:00:00,A,COMPLET,TOTAL,NR,T,CY,2011,23037,
ESTAT:MIGR_IMM8(1.0),26/09/23 23:00:00,A,COMPLET,TOTAL,NR,T,CY,2012,17476,
ESTAT:MIGR_IMM8(1.0),26/09/23 23:00:00,A,COMPLET,TOTAL,NR,T,CY,2013,13149,
ESTAT:MIGR_IMM8(1.0),26/09/23 23:00:00,A,COMPLET,TOTAL,NR,T,CY,2014,9212,
ESTAT:MIGR_IMM8(1.0),26/09/23 23:00:00,A,COMPLET,TOTAL,NR,T,CY,2015,15183,
ESTAT:MIGR_IMM8(1.0),26/09/23 23:00:00,A,COMPLET,TOTAL,NR,T,CY,2016,17391,
ESTAT:MIGR_IMM8(1.0),26/09/23 23:00:00,A,COMPLET,TOTAL,NR,T,CY,2017,21306,
ESTAT:MIGR_IMM8(1.0),26/09/23 23:00:00,A,COMPLET,TOTAL,NR,T,CY,2018,23442,
ESTAT:MIGR_IMM8(1.0),26/09/23 23:00:00,A,COMPLET,TOTAL,NR,T,CY,2019,26170,
ESTAT:MIGR_IMM8(1.0),26/09/23 23:00:00,A,COMPLET,TOTAL,NR,T,CY,2020,25861,
ESTAT:MIGR_IMM8(1.0),26/09/23 23:00:00,A,COMPLET,TOTAL,NR,T,CY,2021,24001,
ESTAT:MIGR_IMM8(1.0),26/09/23 23:00:00,A,COMPLET,TOTAL,NR,T,CZ,1995,10540,
ESTAT:MIGR_IMM8(1.0),26/09/23 23:00:00,A,COMPLET,TOTAL,NR,T,CZ,1996,10857,
ESTAT:MIGR_IMM8(1.0),26/09/23 23:00:00,A,COMPLET,TOTAL,NR,T,CZ,1997,12880,
ESTAT:MIGR_IMM8(1.0),26/09/23 23:00:00,A,COMPLET,TOTAL,NR,T,CZ,2001,12918,
ESTAT:MIGR_IMM8(1.0),26/09/23 23:00:00,A,COMPLET,TOTAL,NR,T,CZ,2002,44679,
ESTAT:MIGR_IMM8(1.0),26/09/23 23:00:00,A,COMPLET,TOTAL,NR,T,CZ,2003,60015,
ESTAT:MIGR_IMM8(1.0),26/09/23 23:00:00,A,COMPLET,TOTAL,NR,T,CZ,2004,53453,
ESTAT:MIGR_IMM8(1.0),26/09/23 23:00:00,A,COMPLET,TOTAL,NR,T,CZ,2005,60294,
ESTAT:MIGR_IMM8(1.0),26/09/23 23:00:00,A,COMPLET,TOTAL,NR,T,CZ,2006,68183,
ESTAT:MIGR_IMM8(1.0),26/09/23 23:00:00,A,COMPLET,TOTAL,NR,T,CZ,2007,104445,
ESTAT:MIGR_IMM8(1.0),26/09/23 23:00:00,A,COMPLET,TOTAL,NR,T,CZ,2008,108267,b
ESTAT:MIGR_IMM8(1.0),26/09/23 23:00:00,A,COMPLET,TOTAL,NR,T,CZ,2009,75620,
ESTAT:MIGR_IMM8(1.0),26/09/23 23:00:00,A,COMPLET,TOTAL,NR,T,CZ,2010,48317,
ESTAT:MIGR_IMM8(1.0),26/09/23 23:00:00,A,COMPLET,TOTAL,NR,T,CZ,2011,27114,b
ESTAT:MIGR_IMM8(1.0),26/09/23 23:00:00,A,COMPLET,TOTAL,NR,T,CZ,2012,34337,
ESTAT:MIGR_IMM8(1.0),26/09/23 23:00:00,A,COMPLET,TOTAL,NR,T,CZ,2013,30124,b
ESTAT:MIGR_IMM8(1.0),26/09/23 23:00:00,A,COMPLET,TOTAL,NR,T,CZ,2014,29897,
ESTAT:MIGR_IMM8(1.0),26/09/23 23:00:00,A,COMPLET,TOTAL,NR,T,CZ,2015,29602,
ESTAT:MIGR_IMM8(1.0),26/09/23 23:00:00,A,COMPLET,TOTAL,NR,T,CZ,2016,64083,
ESTAT:MIGR_IMM8(1.0),26/09/23 23:00:00,A,COMPLET,TOTAL,NR,T,CZ,2017,51847,
ESTAT:MIGR_IMM8(1.0),26/09/23 23:00:00,A,COMPLET,TOTAL,NR,T,CZ,2018,65910,
ESTAT:MIGR_IMM8(1.0),26/09/23 23:00:00,A,COMPLET,TOTAL,NR,T,CZ,2019,105888,
ESTAT:MIGR_IMM8(1.0),26/09/23 23:00:00,A,COMPLET,TOTAL,NR,T,CZ,2020,63095,
ESTAT:MIGR_IMM8(1.0),26/09/23 23:00:00,A,COMPLET,TOTAL,NR,T,CZ,2021,69360,
ESTAT:MIGR_IMM8(1.0),26/09/23 23:00:00,A,COMPLET,TOTAL,NR,T,DE,1990,1256250,
ESTAT:MIGR_IMM8(1.0),26/09/23 23:00:00,A,COMPLET,TOTAL,NR,T,DE,1991,1198978,
ESTAT:MIGR_IMM8(1.0),26/09/23 23:00:00,A,COMPLET,TOTAL,NR,T,DE,1992,1502198,
ESTAT:MIGR_IMM8(1.0),26/09/23 23:00:00,A,COMPLET,TOTAL,NR,T,DE,1993,1277408,
ESTAT:MIGR_IMM8(1.0),26/09/23 23:00:00,A,COMPLET,TOTAL,NR,T,DE,1994,1082553,
ESTAT:MIGR_IMM8(1.0),26/09/23 23:00:00,A,COMPLET,TOTAL,NR,T,DE,1995,1096048,
ESTAT:MIGR_IMM8(1.0),26/09/23 23:00:00,A,COMPLET,TOTAL,NR,T,DE,1996,959691,
ESTAT:MIGR_IMM8(1.0),26/09/23 23:00:00,A,COMPLET,TOTAL,NR,T,DE,1997,840633,
ESTAT:MIGR_IMM8(1.0),26/09/23 23:00:00,A,COMPLET,TOTAL,NR,T,DE,1998,802456,
ESTAT:MIGR_IMM8(1.0),26/09/23 23:00:00,A,COMPLET,TOTAL,NR,T,DE,1999,874023,
ESTAT:MIGR_IMM8(1.0),26/09/23 23:00:00,A,COMPLET,TOTAL,NR,T,DE,2000,841158,
ESTAT:MIGR_IMM8(1.0),26/09/23 23:00:00,A,COMPLET,TOTAL,NR,T,DE,2001,879217,
ESTAT:MIGR_IMM8(1.0),26/09/23 23:00:00,A,COMPLET,TOTAL,NR,T,DE,2002,842543,
ESTAT:MIGR_IMM8(1.0),26/09/23 23:00:00,A,COMPLET,TOTAL,NR,T,DE,2003,768975,
ESTAT:MIGR_IMM8(1.0),26/09/23 23:00:00,A,COMPLET,TOTAL,NR,T,DE,2004,780175,
ESTAT:MIGR_IMM8(1.0),26/09/23 23:00:00,A,COMPLET,TOTAL,NR,T,DE,2005,707352,
ESTAT:MIGR_IMM8(1.0),26/09/23 23:00:00,A,COMPLET,TOTAL,NR,T,DE,2006,661855,
ESTAT:MIGR_IMM8(1.0),26/09/23 23:00:00,A,COMPLET,TOTAL,NR,T,DE,2007,680766,
ESTAT:MIGR_IMM8(1.0),26/09/23 23:00:00,A,COMPLET,TOTAL,NR,T,DE,2008,682146,
ESTAT:MIGR_IMM8(1.0),26/09/23 23:00:00,A,COMPLET,TOTAL,NR,T,DE,2009,346216,b
ESTAT:MIGR_IMM8(1.0),26/09/23 23:00:00,A,COMPLET,TOTAL,NR,T,DE,2010,404055,
ESTAT:MIGR_IMM8(1.0),26/09/23 23:00:00,A,COMPLET,TOTAL,NR,T,DE,2011,489422,
ESTAT:MIGR_IMM8(1.0),26/09/23 23:00:00,A,COMPLET,TOTAL,NR,T,DE,2012,592175,
ESTAT:MIGR_IMM8(1.0),26/09/23 23:00:00,A,COMPLET,TOTAL,NR,T,DE,2013,692713,
ESTAT:MIGR_IMM8(1.0),26/09/23 23:00:00,A,COMPLET,TOTAL,NR,T,DE,2014,884893,e
ESTAT:MIGR_IMM8(1.0),26/09/23 23:00:00,A,COMPLET,TOTAL,NR,T,DE,2015,1571047,e
ESTAT:MIGR_IMM8(1.0),26/09/23 23:00:00,A,COMPLET,TOTAL,NR,T,DE,2016,1029852,b
ESTAT:MIGR_IMM8(1.0),26/09/23 23:00:00,A,COMPLET,TOTAL,NR,T,DE,2017,917109,be
ESTAT:MIGR_IMM8(1.0),26/09/23 23:00:00,A,COMPLET,TOTAL,NR,T,DE,2018,893886,be
ESTAT:MIGR_IMM8(1.0),26/09/23 23:00:00,A,COMPLET,TOTAL,NR,T,DE,2019,886341,be
ESTAT:MIGR_IMM8(1.0),26/09/23 23:00:00,A,COMPLET,TOTAL,NR,T,DE,2020,728606,be
ESTAT:MIGR_IMM8(1.0),26/09/23 23:00:00,A,COMPLET,TOTAL,NR,T,DE,2021,874367,
ESTAT:MIGR_IMM8(1.0),26/09/23 23:00:00,A,COMPLET,TOTAL,NR,T,DK,1990,40715,
ESTAT:MIGR_IMM8(1.0),26/09/23 23:00:00,A,COMPLET,TOTAL,NR,T,DK,1991,43567,
ESTAT:MIGR_IMM8(1.0),26/09/23 23:00:00,A,COMPLET,TOTAL,NR,T,DK,1992,43377,
ESTAT:MIGR_IMM8(1.0),26/09/23 23:00:00,A,COMPLET,TOTAL,NR,T,DK,1993,43400,
ESTAT:MIGR_IMM8(1.0),26/09/23 23:00:00,A,COMPLET,TOTAL,NR,T,DK,1994,44961,
ESTAT:MIGR_IMM8(1.0),26/09/23 23:00:00,A,COMPLET,TOTAL,NR,T,DK,1995,63187,
ESTAT:MIGR_IMM8(1.0),26/09/23 23:00:00,A,COMPLET,TOTAL,NR,T,DK,1996,54445,
ESTAT:MIGR_IMM8(1.0),26/09/23 23:00:00,A,COMPLET,TOTAL,NR,T,DK,1997,50105,
ESTAT:MIGR_IMM8(1.0),26/09/23 23:00:00,A,COMPLET,TOTAL,NR,T,DK,1998,51372,
ESTAT:MIGR_IMM8(1.0),26/09/23 23:00:00,A,COMPLET,TOTAL,NR,T,DK,1999,50236,
ESTAT:MIGR_IMM8(1.0),26/09/23 23:00:00,A,COMPLET,TOTAL,NR,T,DK,2000,52915,
ESTAT:MIGR_IMM8(1.0),26/09/23 23:00:00,A,COMPLET,TOTAL,NR,T,DK,2001,55984,
ESTAT:MIGR_IMM8(1.0),26/09/23 23:00:00,A,COMPLET,TOTAL,NR,T,DK,2002,52778,
ESTAT:MIGR_IMM8(1.0),26/09/23 23:00:00,A,COMPLET,TOTAL,NR,T,DK,2003,49754,
ESTAT:MIGR_IMM8(1.0),26/09/23 23:00:00,A,COMPLET,TOTAL,NR,T,DK,2004,49860,
ESTAT:MIGR_IMM8(1.0),26/09/23 23:00:00,A,COMPLET,TOTAL,NR,T,DK,2005,52458,
ESTAT:MIGR_IMM8(1.0),26/09/23 23:00:00,A,COMPLET,TOTAL,NR,T,DK,2006,56750,
ESTAT:MIGR_IMM8(1.0),26/09/23 23:00:00,A,COMPLET,TOTAL,NR,T,DK,2007,64656,
ESTAT:MIGR_IMM8(1.0),26/09/23 23:00:00,A,COMPLET,TOTAL,NR,T,DK,2008,57357,b
ESTAT:MIGR_IMM8(1.0),26/09/23 23:00:00,A,COMPLET,TOTAL,NR,T,DK,2009,51800,
ESTAT:MIGR_IMM8(1.0),26/09/23 23:00:00,A,COMPLET,TOTAL,NR,T,DK,2010,52236,
ESTAT:MIGR_IMM8(1.0),26/09/23 23:00:00,A,COMPLET,TOTAL,NR,T,DK,2011,52833,
ESTAT:MIGR_IMM8(1.0),26/09/23 23:00:00,A,COMPLET,TOTAL,NR,T,DK,2012,54409,
ESTAT:MIGR_IMM8(1.0),26/09/23 23:00:00,A,COMPLET,TOTAL,NR,T,DK,2013,60312,
ESTAT:MIGR_IMM8(1.0),26/09/23 23:00:00,A,COMPLET,TOTAL,NR,T,DK,2014,68388,
ESTAT:MIGR_IMM8(1.0),26/09/23 23:00:00,A,COMPLET,TOTAL,NR,T,DK,2015,78492,
ESTAT:MIGR_IMM8(1.0),26/09/23 23:00:00,A,COMPLET,TOTAL,NR,T,DK,2016,74383,
ESTAT:MIGR_IMM8(1.0),26/09/23 23:00:00,A,COMPLET,TOTAL,NR,T,DK,2017,68579,
ESTAT:MIGR_IMM8(1.0),26/09/23 23:00:00,A,COMPLET,TOTAL,NR,T,DK,2018,64669,
ESTAT:MIGR_IMM8(1.0),26/09/23 23:00:00,A,COMPLET,TOTAL,NR,T,DK,2019,61384,
ESTAT:MIGR_IMM8(1.0),26/09/23 23:00:00,A,COMPLET,TOTAL,NR,T,DK,2020,57230,
ESTAT:MIGR_IMM8(1.0),26/09/23 23:00:00,A,COMPLET,TOTAL,NR,T,DK,2021,63489,
ESTAT:MIGR_IMM8(1.0),26/09/23 23:00:00,A,COMPLET,TOTAL,NR,T,EE,2000,35,
ESTAT:MIGR_IMM8(1.0),26/09/23 23:00:00,A,COMPLET,TOTAL,NR,T,EE,2001,241,
ESTAT:MIGR_IMM8(1.0),26/09/23 23:00:00,A,COMPLET,TOTAL,NR,T,EE,2002,575,
ESTAT:MIGR_IMM8(1.0),26/09/23 23:00:00,A,COMPLET,TOTAL,NR,T,EE,2003,967,
ESTAT:MIGR_IMM8(1.0),26/09/23 23:00:00,A,COMPLET,TOTAL,NR,T,EE,2004,1097,
ESTAT:MIGR_IMM8(1.0),26/09/23 23:00:00,A,COMPLET,TOTAL,NR,T,EE,2005,1436,
ESTAT:MIGR_IMM8(1.0),26/09/23 23:00:00,A,COMPLET,TOTAL,NR,T,EE,2006,2234,
ESTAT:MIGR_IMM8(1.0),26/09/23 23:00:00,A,COMPLET,TOTAL,NR,T,EE,2007,3741,
ESTAT:MIGR_IMM8(1.0),26/09/23 23:00:00,A,COMPLET,TOTAL,NR,T,EE,2008,3671,
ESTAT:MIGR_IMM8(1.0),26/09/23 23:00:00,A,COMPLET,TOTAL,NR,T,EE,2009,3884,
ESTAT:MIGR_IMM8(1.0),26/09/23 23:00:00,A,COMPLET,TOTAL,NR,T,EE,2010,2810,
ESTAT:MIGR_IMM8(1.0),26/09/23 23:00:00,A,COMPLET,TOTAL,NR,T,EE,2011,3709,
ESTAT:MIGR_IMM8(1.0),26/09/23 23:00:00,A,COMPLET,TOTAL,NR,T,EE,2012,2639,
ESTAT:MIGR_IMM8(1.0),26/09/23 23:00:00,A,COMPLET,TOTAL,NR,T,EE,2013,4109,
ESTAT:MIGR_IMM8(1.0),26/09/23 23:00:00,A,COMPLET,TOTAL,NR,T,EE,2014,3904,
ESTAT:MIGR_IMM8(1.0),26/09/23 23:00:00,A,COMPLET,TOTAL,NR,T,EE,2015,15413,b
ESTAT:MIGR_IMM8(1.0),26/09/23 23:00:00,A,COMPLET,TOTAL,NR,T,EE,2016,14822,
ESTAT:MIGR_IMM8(1.0),26/09/23 23:00:00,A,COMPLET,TOTAL,NR,T,EE,2017,17616,
ESTAT:MIGR_IMM8(1.0),26/09/23 23:00:00,A,COMPLET,TOTAL,NR,T,EE,2018,17547,
ESTAT:MIGR_IMM8(1.0),26/09/23 23:00:00,A,COMPLET,TOTAL,NR,T,EE,2019,18259,
ESTAT:MIGR_IMM8(1.0),26/09/23 23:00:00,A,COMPLET,TOTAL,NR,T,EE,2020,16209,
ESTAT:MIGR_IMM8(1.0),26/09/23 23:00:00,A,COMPLET,TOTAL,NR,T,EE,2021,19524,
ESTAT:MIGR_IMM8(1.0),26/09/23 23:00:00,A,COMPLET,TOTAL,NR,T,EL,1991,151978,
ESTAT:MIGR_IMM8(1.0),26/09/23 23:00:00,A,COMPLET,TOTAL,NR,T,EL,1992,110334,
ESTAT:MIGR_IMM8(1.0),26/09/23 23:00:00,A,COMPLET,TOTAL,NR,T,EL,1993,107462,
ESTAT:MIGR_IMM8(1.0),26/09/23 23:00:00,A,COMPLET,TOTAL,NR,T,EL,1994,86959,
ESTAT:MIGR_IMM8(1.0),26/09/23 23:00:00,A,COMPLET,TOTAL,NR,T,EL,1995,98989,
ESTAT:MIGR_IMM8(1.0),26/09/23 23:00:00,A,COMPLET,TOTAL,NR,T,EL,1996,95585,
ESTAT:MIGR_IMM8(1.0),26/09/23 23:00:00,A,COMPLET,TOTAL,NR,T,EL,1997,113477,
ESTAT:MIGR_IMM8(1.0),26/09/23 23:00:00,A,COMPLET,TOTAL,NR,T,EL,1998,116411,
ESTAT:MIGR_IMM8(1.0),26/09/23 23:00:00,A,COMPLET,TOTAL,NR,T,EL,1999,84695,
ESTAT:MIGR_IMM8(1.0),26/09/23 23:00:00,A,COMPLET,TOTAL,NR,T,EL,2000,109251,
ESTAT:MIGR_IMM8(1.0),26/09/23 23:00:00,A,COMPLET,TOTAL,NR,T,EL,2001,98471,
ESTAT:MIGR_IMM8(1.0),26/09/23 23:00:00,A,COMPLET,TOTAL,NR,T,EL,2002,67220,
ESTAT:MIGR_IMM8(1.0),26/09/23 23:00:00,A,COMPLET,TOTAL,NR,T,EL,2003,63141,
ESTAT:MIGR_IMM8(1.0),26/09/23 23:00:00,A,COMPLET,TOTAL,NR,T,EL,2004,66871,
ESTAT:MIGR_IMM8(1.0),26/09/23 23:00:00,A,COMPLET,TOTAL,NR,T,EL,2005,70933,
ESTAT:MIGR_IMM8(1.0),26/09/23 23:00:00,A,COMPLET,TOTAL,NR,T,EL,2006,63094,
ESTAT:MIGR_IMM8(1.0),26/09/23 23:00:00,A,COMPLET,TOTAL,NR,T,EL,2007,63298,
ESTAT:MIGR_IMM8(1.0),26/09/23 23:00:00,A,COMPLET,TOTAL,NR,T,EL,2008,66529,
ESTAT:MIGR_IMM8(1.0),26/09/23 23:00:00,A,COMPLET,TOTAL,NR,T,EL,2009,58613,
ESTAT:MIGR_IMM8(1.0),26/09/23 23:00:00,A,COMPLET,TOTAL,NR,T,EL,2010,60462,
ESTAT:MIGR_IMM8(1.0),26/09/23 23:00:00,A,COMPLET,TOTAL,NR,T,EL,2011,60089,b
ESTAT:MIGR_IMM8(1.0),26/09/23 23:00:00,A,COMPLET,TOTAL,NR,T,EL,2012,58200,
ESTAT:MIGR_IMM8(1.0),26/09/23 23:00:00,A,COMPLET,TOTAL,NR,T,EL,2013,57946,
ESTAT:MIGR_IMM8(1.0),26/09/23 23:00:00,A,COMPLET,TOTAL,NR,T,EL,2014,59013,
ESTAT:MIGR_IMM8(1.0),26/09/23 23:00:00,A,COMPLET,TOTAL,NR,T,EL,2015,64446,b
ESTAT:MIGR_IMM8(1.0),26/09/23 23:00:00,A,COMPLET,TOTAL,NR,T,EL,2016,116867,b
ESTAT:MIGR_IMM8(1.0),26/09/23 23:00:00,A,COMPLET,TOTAL,NR,T,EL,2017,112247,
ESTAT:MIGR_IMM8(1.0),26/09/23 23:00:00,A,COMPLET,TOTAL,NR,T,EL,2018,119489,
ESTAT:MIGR_IMM8(1.0),26/09/23 23:00:00,A,COMPLET,TOTAL,NR,T,EL,2019,129459,
ESTAT:MIGR_IMM8(1.0),26/09/23 23:00:00,A,COMPLET,TOTAL,NR,T,EL,2020,84221,
ESTAT:MIGR_IMM8(1.0),26/09/23 23:00:00,A,COMPLET,TOTAL,NR,T,EL,2021,57120,
ESTAT:MIGR_IMM8(1.0),26/09/23 23:00:00,A,COMPLET,TOTAL,NR,T,ES,1990,33966,
ESTAT:MIGR_IMM8(1.0),26/09/23 23:00:00,A,COMPLET,TOTAL,NR,T,ES,1991,24320,
ESTAT:MIGR_IMM8(1.0),26/09/23 23:00:00,A,COMPLET,TOTAL,NR,T,ES,1992,38882,
ESTAT:MIGR_IMM8(1.0),26/09/23 23:00:00,A,COMPLET,TOTAL,NR,T,ES,1993,33026,
ESTAT:MIGR_IMM8(1.0),26/09/23 23:00:00,A,COMPLET,TOTAL,NR,T,ES,1994,34123,
ESTAT:MIGR_IMM8(1.0),26/09/23 23:00:00,A,COMPLET,TOTAL,NR,T,ES,1995,36092,
ESTAT:MIGR_IMM8(1.0),26/09/23 23:00:00,A,COMPLET,TOTAL,NR,T,ES,1996,29895,
ESTAT:MIGR_IMM8(1.0),26/09/23 23:00:00,A,COMPLET,TOTAL,NR,T,ES,1997,57877,
ESTAT:MIGR_IMM8(1.0),26/09/23 23:00:00,A,COMPLET,TOTAL,NR,T,ES,1998,81227,
ESTAT:MIGR_IMM8(1.0),26/09/23 23:00:00,A,COMPLET,TOTAL,NR,T,ES,1999,127365,
ESTAT:MIGR_IMM8(1.0),26/09/23 23:00:00,A,COMPLET,TOTAL,NR,T,ES,2000,362468,
ESTAT:MIGR_IMM8(1.0),26/09/23 23:00:00,A,COMPLET,TOTAL,NR,T,ES,2001,414772,
ESTAT:MIGR_IMM8(1.0),26/09/23 23:00:00,A,COMPLET,TOTAL,NR,T,ES,2002,483260,
ESTAT:MIGR_IMM8(1.0),26/09/23 23:00:00,A,COMPLET,TOTAL,NR,T,ES,2003,470010,
ESTAT:MIGR_IMM8(1.0),26/09/23 23:00:00,A,COMPLET,TOTAL,NR,T,ES,2004,684561,
ESTAT:MIGR_IMM8(1.0),26/09/23 23:00:00,A,COMPLET,TOTAL,NR,T,ES,2005,719284,
ESTAT:MIGR_IMM8(1.0),26/09/23 23:00:00,A,COMPLET,TOTAL,NR,T,ES,2006,840844,
ESTAT:MIGR_IMM8(1.0),26/09/23 23:00:00,A,COMPLET,TOTAL,NR,T,ES,2007,958266,
ESTAT:MIGR_IMM8(1.0),26/09/23 23:00:00,A,COMPLET,TOTAL,NR,T,ES,2008,599075,b
ESTAT:MIGR_IMM8(1.0),26/09/23 23:00:00,A,COMPLET,TOTAL,NR,T,ES,2009,392962,
ESTAT:MIGR_IMM8(1.0),26/09/23 23:00:00,A,COMPLET,TOTAL,NR,T,ES,2010,360705,
ESTAT:MIGR_IMM8(1.0),26/09/23 23:00:00,A,COMPLET,TOTAL,NR,T,ES,2011,371331,
ESTAT:MIGR_IMM8(1.0),26/09/23 23:00:00,A,COMPLET,TOTAL,NR,T,ES,2012,304053,
ESTAT:MIGR_IMM8(1.0),26/09/23 23:00:00,A,COMPLET,TOTAL,NR,T,ES,2013,280772,
ESTAT:MIGR_IMM8(1.0),26/09/23 23:00:00,A,COMPLET,TOTAL,NR,T,ES,2014,305454,
ESTAT:MIGR_IMM8(1.0),26/09/23 23:00:00,A,COMPLET,TOTAL,NR,T,ES,2015,342114,
ESTAT:MIGR_IMM8(1.0),26/09/23 23:00:00,A,COMPLET,TOTAL,NR,T,ES,2016,414746,
ESTAT:MIGR_IMM8(1.0),26/09/23 23:00:00,A,COMPLET,TOTAL,NR,T,ES,2017,532132,
ESTAT:MIGR_IMM8(1.0),26/09/23 23:00:00,A,COMPLET,TOTAL,NR,T,ES,2018,643684,
ESTAT:MIGR_IMM8(1.0),26/09/23 23:00:00,A,COMPLET,TOTAL,NR,T,ES,2019,750480,
ESTAT:MIGR_IMM8(1.0),26/09/23 23:00:00,A,COMPLET,TOTAL,NR,T,ES,2020,467918,
ESTAT:MIGR_IMM8(1.0),26/09/23 23:00:00,A,COMPLET,TOTAL,NR,T,ES,2021,528856,
ESTAT:MIGR_IMM8(1.0),26/09/23 23:00:00,A,COMPLET,TOTAL,NR,T,FI,1990,13558,
ESTAT:MIGR_IMM8(1.0),26/09/23 23:00:00,A,COMPLET,TOTAL,NR,T,FI,1991,19001,
ESTAT:MIGR_IMM8(1.0),26/09/23 23:00:00,A,COMPLET,TOTAL,NR,T,FI,1992,14554,
ESTAT:MIGR_IMM8(1.0),26/09/23 23:00:00,A,COMPLET,TOTAL,NR,T,FI,1993,14795,
ESTAT:MIGR_IMM8(1.0),26/09/23 23:00:00,A,COMPLET,TOTAL,NR,T,FI,1994,11611,
ESTAT:MIGR_IMM8(1.0),26/09/23 23:00:00,A,COMPLET,TOTAL,NR,T,FI,1995,12222,
ESTAT:MIGR_IMM8(1.0),26/09/23 23:00:00,A,COMPLET,TOTAL,NR,T,FI,1996,13294,
ESTAT:MIGR_IMM8(1.0),26/09/23 23:00:00,A,COMPLET,TOTAL,NR,T,FI,1997,13564,
ESTAT:MIGR_IMM8(1.0),26/09/23 23:00:00,A,COMPLET,TOTAL,NR,T,FI,1998,14192,
ESTAT:MIGR_IMM8(1.0),26/09/23 23:00:00,A,COMPLET,TOTAL,NR,T,FI,1999,14744,
ESTAT:MIGR_IMM8(1.0),26/09/23 23:00:00,A,COMPLET,TOTAL,NR,T,FI,2000,16895,
ESTAT:MIGR_IMM8(1.0),26/09/23 23:00:00,A,COMPLET,TOTAL,NR,T,FI,2001,18955,
ESTAT:MIGR_IMM8(1.0),26/09/23 23:00:00,A,COMPLET,TOTAL,NR,T,FI,2002,18113,
ESTAT:MIGR_IMM8(1.0),26/09/23 23:00:00,A,COMPLET,TOTAL,NR,T,FI,2003,17838,
ESTAT:MIGR_IMM8(1.0),26/09/23 23:00:00,A,COMPLET,TOTAL,NR,T,FI,2004,20333,
ESTAT:MIGR_IMM8(1.0),26/09/23 23:00:00,A,COMPLET,TOTAL,NR,T,FI,2005,21355,
ESTAT:MIGR_IMM8(1.0),26/09/23 23:00:00,A,COMPLET,TOTAL,NR,T,FI,2006,22451,
ESTAT:MIGR_IMM8(1.0),26/09/23 23:00:00,A,COMPLET,TOTAL,NR,T,FI,2007,26029,
ESTAT:MIGR_IMM8(1.0),26/09/23 23:00:00,A,COMPLET,TOTAL,NR,T,FI,2008,29114,
ESTAT:MIGR_IMM8(1.0),26/09/23 23:00:00,A,COMPLET,TOTAL,NR,T,FI,2009,26699,
ESTAT:MIGR_IMM8(1.0),26/09/23 23:00:00,A,COMPLET,TOTAL,NR,T,FI,2010,25636,
ESTAT:MIGR_IMM8(1.0),26/09/23 23:00:00,A,COMPLET,TOTAL,NR,T,FI,2011,29481,
ESTAT:MIGR_IMM8(1.0),26/09/23 23:00:00,A,COMPLET,TOTAL,NR,T,FI,2012,31278,
ESTAT:MIGR_IMM8(1.0),26/09/23 23:00:00,A,COMPLET,TOTAL,NR,T,FI,2013,31941,
ESTAT:MIGR_IMM8(1.0),26/09/23 23:00:00,A,COMPLET,TOTAL,NR,T,FI,2014,31507,
ESTAT:MIGR_IMM8(1.0),26/09/23 23:00:00,A,COMPLET,TOTAL,NR,T,FI,2015,28746,
ESTAT:MIGR_IMM8(1.0),26/09/23 23:00:00,A,COMPLET,TOTAL,NR,T,FI,2016,34905,
ESTAT:MIGR_IMM8(1.0),26/09/23 23:00:00,A,COMPLET,TOTAL,NR,T,FI,2017,31797,
ESTAT:MIGR_IMM8(1.0),26/09/23 23:00:00,A,COMPLET,TOTAL,NR,T,FI,2018,31106,
ESTAT:MIGR_IMM8(1.0),26/09/23 23:00:00,A,COMPLET,TOTAL,NR,T,FI,2019,32758,
ESTAT:MIGR_IMM8(1.0),26/09/23 23:00:00,A,COMPLET,TOTAL,NR,T,FI,2020,32898,
ESTAT:MIGR_IMM8(1.0),26/09/23 23:00:00,A,COMPLET,TOTAL,NR,T,FI,2021,36364,
ESTAT:MIGR_IMM8(1.0),26/09/23 23:00:00,A,COMPLET,TOTAL,NR,T,FR,2006,301544,b
ESTAT:MIGR_IMM8(1.0),26/09/23 23:00:00,A,COMPLET,TOTAL,NR,T,FR,2007,293980,
ESTAT:MIGR_IMM8(1.0),26/09/23 23:00:00,A,COMPLET,TOTAL,NR,T,FR,2008,296608,
ESTAT:MIGR_IMM8(1.0),26/09/23 23:00:00,A,COMPLET,TOTAL,NR,T,FR,2009,296970,
ESTAT:MIGR_IMM8(1.0),26/09/23 23:00:00,A,COMPLET,TOTAL,NR,T,FR,2010,307111,b
ESTAT:MIGR_IMM8(1.0),26/09/23 23:00:00,A,COMPLET,TOTAL,NR,T,FR,2011,319816,
ESTAT:MIGR_IMM8(1.0),26/09/23 23:00:00,A,COMPLET,TOTAL,NR,T,FR,2012,327431,
ESTAT:MIGR_IMM8(1.0),26/09/23 23:00:00,A,COMPLET,TOTAL,NR,T,FR,2013,338752,
ESTAT:MIGR_IMM8(1.0),26/09/23 23:00:00,A,COMPLET,TOTAL,NR,T,FR,2014,340383,
ESTAT:MIGR_IMM8(1.0),26/09/23 23:00:00,A,COMPLET,TOTAL,NR,T,FR,2015,364221,
ESTAT:MIGR_IMM8(1.0),26/09/23 23:00:00,A,COMPLET,TOTAL,NR,T,FR,2016,377709,
ESTAT:MIGR_IMM8(1.0),26/09/23 23:00:00,A,COMPLET,TOTAL,NR,T,FR,2017,369621,
ESTAT:MIGR_IMM8(1.0),26/09/23 23:00:00,A,COMPLET,TOTAL,NR,T,FR,2018,387158,
ESTAT:MIGR_IMM8(1.0),26/09/23 23:00:00,A,COMPLET,TOTAL,NR,T,FR,2019,385591,
ESTAT:MIGR_IMM8(1.0),26/09/23 23:00:00,A,COMPLET,TOTAL,NR,T,FR,2020,283237,e
ESTAT:MIGR_IMM8(1.0),26/09/23 23:00:00,A,COMPLET,TOTAL,NR,T,FR,2021,336398,
ESTAT:MIGR_IMM8(1.0),26/09/23 23:00:00,A,COMPLET,TOTAL,NR,T,HR,1991,10050,
ESTAT:MIGR_IMM8(1.0),26/09/23 23:00:00,A,COMPLET,TOTAL,NR,T,HR,1992,48324,
ESTAT:MIGR_IMM8(1.0),26/09/23 23:00:00,A,COMPLET,TOTAL,NR,T,HR,1993,57702,
ESTAT:MIGR_IMM8(1.0),26/09/23 23:00:00,A,COMPLET,TOTAL,NR,T,HR,1994,33426,
ESTAT:MIGR_IMM8(1.0),26/09/23 23:00:00,A,COMPLET,TOTAL,NR,T,HR,1995,42026,
ESTAT:MIGR_IMM8(1.0),26/09/23 23:00:00,A,COMPLET,TOTAL,NR,T,HR,1996,44596,
ESTAT:MIGR_IMM8(1.0),26/09/23 23:00:00,A,COMPLET,TOTAL,NR,T,HR,1997,52343,
ESTAT:MIGR_IMM8(1.0),26/09/23 23:00:00,A,COMPLET,TOTAL,NR,T,HR,1998,51784,
ESTAT:MIGR_IMM8(1.0),26/09/23 23:00:00,A,COMPLET,TOTAL,NR,T,HR,1999,32910,
ESTAT:MIGR_IMM8(1.0),26/09/23 23:00:00,A,COMPLET,TOTAL,NR,T,HR,2001,24415,
ESTAT:MIGR_IMM8(1.0),26/09/23 23:00:00,A,COMPLET,TOTAL,NR,T,HR,2002,20365,
ESTAT:MIGR_IMM8(1.0),26/09/23 23:00:00,A,COMPLET,TOTAL,NR,T,HR,2003,18455,
ESTAT:MIGR_IMM8(1.0),26/09/23 23:00:00,A,COMPLET,TOTAL,NR,T,HR,2004,18383,
ESTAT:MIGR_IMM8(1.0),26/09/23 23:00:00,A,COMPLET,TOTAL,NR,T,HR,2006,14978,
ESTAT:MIGR_IMM8(1.0),26/09/23 23:00:00,A,COMPLET,TOTAL,NR,T,HR,2007,14622,
ESTAT:MIGR_IMM8(1.0),26/09/23 23:00:00,A,COMPLET,TOTAL,NR,T,HR,2008,16883,b
ESTAT:MIGR_IMM8(1.0),26/09/23 23:00:00,A,COMPLET,TOTAL,NR,T,HR,2009,13213,
ESTAT:MIGR_IMM8(1.0),26/09/23 23:00:00,A,COMPLET,TOTAL,NR,T,HR,2010,8846,
ESTAT:MIGR_IMM8(1.0),26/09/23 23:00:00,A,COMPLET,TOTAL,NR,T,HR,2011,8534,
ESTAT:MIGR_IMM8(1.0),26/09/23 23:00:00,A,COMPLET,TOTAL,NR,T,HR,2012,8959,
ESTAT:MIGR_IMM8(1.0),26/09/23 23:00:00,A,COMPLET,TOTAL,NR,T,HR,2013,10378,
ESTAT:MIGR_IMM8(1.0),26/09/23 23:00:00,A,COMPLET,TOTAL,NR,T,HR,2014,10638,
ESTAT:MIGR_IMM8(1.0),26/09/23 23:00:00,A,COMPLET,TOTAL,NR,T,HR,2015,11706,
ESTAT:MIGR_IMM8(1.0),26/09/23 23:00:00,A,COMPLET,TOTAL,NR,T,HR,2016,13985,
ESTAT:MIGR_IMM8(1.0),26/09/23 23:00:00,A,COMPLET,TOTAL,NR,T,HR,2017,15553,
ESTAT:MIGR_IMM8(1.0),26/09/23 23:00:00,A,COMPLET,TOTAL,NR,T,HR,2018,26029,
ESTAT:MIGR_IMM8(1.0),26/09/23 23:00:00,A,COMPLET,TOTAL,NR,T,HR,2019,37726,
ESTAT:MIGR_IMM8(1.0),26/09/23 23:00:00,A,COMPLET,TOTAL,NR,T,HR,2020,33414,
ESTAT:MIGR_IMM8(1.0),26/09/23 23:00:00,A,COMPLET,TOTAL,NR,T,HR,2021,35912,
ESTAT:MIGR_IMM8(1.0),26/09/23 23:00:00,A,COMPLET,TOTAL,NR,T,HU,1995,15435,
ESTAT:MIGR_IMM8(1.0),26/09/23 23:00:00,A,COMPLET,TOTAL,NR,T,HU,1996,14984,
ESTAT:MIGR_IMM8(1.0),26/09/23 23:00:00,A,COMPLET,TOTAL,NR,T,HU,1997,14442,
ESTAT:MIGR_IMM8(1.0),26/09/23 23:00:00,A,COMPLET,TOTAL,NR,T,HU,1998,17269,
ESTAT:MIGR_IMM8(1.0),26/09/23 23:00:00,A,COMPLET,TOTAL,NR,T,HU,1999,21422,
ESTAT:MIGR_IMM8(1.0),26/09/23 23:00:00,A,COMPLET,TOTAL,NR,T,HU,2000,21726,
ESTAT:MIGR_IMM8(1.0),26/09/23 23:00:00,A,COMPLET,TOTAL,NR,T,HU,2001,22079,
ESTAT:MIGR_IMM8(1.0),26/09/23 23:00:00,A,COMPLET,TOTAL,NR,T,HU,2002,19855,
ESTAT:MIGR_IMM8(1.0),26/09/23 23:00:00,A,COMPLET,TOTAL,NR,T,HU,2003,21327,
ESTAT:MIGR_IMM8(1.0),26/09/23 23:00:00,A,COMPLET,TOTAL,NR,T,HU,2004,24298,
ESTAT:MIGR_IMM8(1.0),26/09/23 23:00:00,A,COMPLET,TOTAL,NR,T,HU,2005,27820,
ESTAT:MIGR_IMM8(1.0),26/09/23 23:00:00,A,COMPLET,TOTAL,NR,T,HU,2006,25732,p
ESTAT:MIGR_IMM8(1.0),26/09/23 23:00:00,A,COMPLET,TOTAL,NR,T,HU,2007,24361,
ESTAT:MIGR_IMM8(1.0),26/09/23 23:00:00,A,COMPLET,TOTAL,NR,T,HU,2008,37652,b
ESTAT:MIGR_IMM8(1.0),26/09/23 23:00:00,A,COMPLET,TOTAL,NR,T,HU,2009,27894,
ESTAT:MIGR_IMM8(1.0),26/09/23 23:00:00,A,COMPLET,TOTAL,NR,T,HU,2010,25519,b
ESTAT:MIGR_IMM8(1.0),26/09/23 23:00:00,A,COMPLET,TOTAL,NR,T,HU,2011,28018,
ESTAT:MIGR_IMM8(1.0),26/09/23 23:00:00,A,COMPLET,TOTAL,NR,T,HU,2012,33702,
ESTAT:MIGR_IMM8(1.0),26/09/23 23:00:00,A,COMPLET,TOTAL,NR,T,HU,2013,38968,
ESTAT:MIGR_IMM8(1.0),26/09/23 23:00:00,A,COMPLET,TOTAL,NR,T,HU,2014,54581,
ESTAT:MIGR_IMM8(1.0),26/09/23 23:00:00,A,COMPLET,TOTAL,NR,T,HU,2015,58344,
ESTAT:MIGR_IMM8(1.0),26/09/23 23:00:00,A,COMPLET,TOTAL,NR,T,HU,2016,53618,
ESTAT:MIGR_IMM8(1.0),26/09/23 23:00:00,A,COMPLET,TOTAL,NR,T,HU,2017,68070,
ESTAT:MIGR_IMM8(1.0),26/09/23 23:00:00,A,COMPLET,TOTAL,NR,T,HU,2018,82937,
ESTAT:MIGR_IMM8(1.0),26/09/23 23:00:00,A,COMPLET,TOTAL,NR,T,HU,2019,88581,
ESTAT:MIGR_IMM8(1.0),26/09/23 23:00:00,A,COMPLET,TOTAL,NR,T,HU,2020,75470,
ESTAT:MIGR_IMM8(1.0),26/09/23 23:00:00,A,COMPLET,TOTAL,NR,T,HU,2021,80471,
ESTAT:MIGR_IMM8(1.0),26/09/23 23:00:00,A,COMPLET,TOTAL,NR,T,IE,1990,33000,
ESTAT:MIGR_IMM8(1.0),26/09/23 23:00:00,A,COMPLET,TOTAL,NR,T,IE,1991,33000,
ESTAT:MIGR_IMM8(1.0),26/09/23 23:00:00,A,COMPLET,TOTAL,NR,T,IE,1992,41000,
ESTAT:MIGR_IMM8(1.0),26/09/23 23:00:00,A,COMPLET,TOTAL,NR,T,IE,1993,35000,
ESTAT:MIGR_IMM8(1.0),26/09/23 23:00:00,A,COMPLET,TOTAL,NR,T,IE,1994,30000,
ESTAT:MIGR_IMM8(1.0),26/09/23 23:00:00,A,COMPLET,TOTAL,NR,T,IE,1995,38000,
ESTAT:MIGR_IMM8(1.0),26/09/23 23:00:00,A,COMPLET,TOTAL,NR,T,IE,1996,39000,
ESTAT:MIGR_IMM8(1.0),26/09/23 23:00:00,A,COMPLET,TOTAL,NR,T,IE,1997,45625,
ESTAT:MIGR_IMM8(1.0),26/09/23 23:00:00,A,COMPLET,TOTAL,NR,T,IE,1998,48175,
ESTAT:MIGR_IMM8(1.0),26/09/23 23:00:00,A,COMPLET,TOTAL,NR,T,IE,1999,51675,
ESTAT:MIGR_IMM8(1.0),26/09/23 23:00:00,A,COMPLET,TOTAL,NR,T,IE,2000,57400,
ESTAT:MIGR_IMM8(1.0),26/09/23 23:00:00,A,COMPLET,TOTAL,NR,T,IE,2001,64925,
ESTAT:MIGR_IMM8(1.0),26/09/23 23:00:00,A,COMPLET,TOTAL,NR,T,IE,2002,61725,
ESTAT:MIGR_IMM8(1.0),26/09/23 23:00:00,A,COMPLET,TOTAL,NR,T,IE,2003,58875,
ESTAT:MIGR_IMM8(1.0),26/09/23 23:00:00,A,COMPLET,TOTAL,NR,T,IE,2004,78075,
ESTAT:MIGR_IMM8(1.0),26/09/23 23:00:00,A,COMPLET,TOTAL,NR,T,IE,2005,102000,
ESTAT:MIGR_IMM8(1.0),26/09/23 23:00:00,A,COMPLET,TOTAL,NR,T,IE,2006,139434,b
ESTAT:MIGR_IMM8(1.0),26/09/23 23:00:00,A,COMPLET,TOTAL,NR,T,IE,2007,122415,
ESTAT:MIGR_IMM8(1.0),26/09/23 23:00:00,A,COMPLET,TOTAL,NR,T,IE,2008,82592,
ESTAT:MIGR_IMM8(1.0),26/09/23 23:00:00,A,COMPLET,TOTAL,NR,T,IE,2009,50604,
ESTAT:MIGR_IMM8(1.0),26/09/23 23:00:00,A,COMPLET,TOTAL,NR,T,IE,2010,52339,
ESTAT:MIGR_IMM8(1.0),26/09/23 23:00:00,A,COMPLET,TOTAL,NR,T,IE,2011,57292,b
ESTAT:MIGR_IMM8(1.0),26/09/23 23:00:00,A,COMPLET,TOTAL,NR,T,IE,2012,61324,
ESTAT:MIGR_IMM8(1.0),26/09/23 23:00:00,A,COMPLET,TOTAL,NR,T,IE,2013,65539,
ESTAT:MIGR_IMM8(1.0),26/09/23 23:00:00,A,COMPLET,TOTAL,NR,T,IE,2014,73519,
ESTAT:MIGR_IMM8(1.0),26/09/23 23:00:00,A,COMPLET,TOTAL,NR,T,IE,2015,80792,
ESTAT:MIGR_IMM8(1.0),26/09/23 23:00:00,A,COMPLET,TOTAL,NR,T,IE,2016,85185,
ESTAT:MIGR_IMM8(1.0),26/09/23 23:00:00,A,COMPLET,TOTAL,NR,T,IE,2017,78499,
ESTAT:MIGR_IMM8(1.0),26/09/23 23:00:00,A,COMPLET,TOTAL,NR,T,IE,2018,97712,
ESTAT:MIGR_IMM8(1.0),26/09/23 23:00:00,A,COMPLET,TOTAL,NR,T,IE,2019,85630,
ESTAT:MIGR_IMM8(1.0),26/09/23 23:00:00,A,COMPLET,TOTAL,NR,T,IE,2020,74211,
ESTAT:MIGR_IMM8(1.0),26/09/23 23:00:00,A,COMPLET,TOTAL,NR,T,IE,2021,80732,
ESTAT:MIGR_IMM8(1.0),26/09/23 23:00:00,A,COMPLET,TOTAL,NR,T,IS,1990,3166,
ESTAT:MIGR_IMM8(1.0),26/09/23 23:00:00,A,COMPLET,TOTAL,NR,T,IS,1991,3989,
ESTAT:MIGR_IMM8(1.0),26/09/23 23:00:00,A,COMPLET,TOTAL,NR,T,IS,1992,2959,
ESTAT:MIGR_IMM8(1.0),26/09/23 23:00:00,A,COMPLET,TOTAL,NR,T,IS,1993,2698,
ESTAT:MIGR_IMM8(1.0),26/09/23 23:00:00,A,COMPLET,TOTAL,NR,T,IS,1994,2676,
ESTAT:MIGR_IMM8(1.0),26/09/23 23:00:00,A,COMPLET,TOTAL,NR,T,IS,1995,2867,
ESTAT:MIGR_IMM8(1.0),26/09/23 23:00:00,A,COMPLET,TOTAL,NR,T,IS,1996,3664,
ESTAT:MIGR_IMM8(1.0),26/09/23 23:00:00,A,COMPLET,TOTAL,NR,T,IS,1997,3990,
ESTAT:MIGR_IMM8(1.0),26/09/23 23:00:00,A,COMPLET,TOTAL,NR,T,IS,1998,4562,
ESTAT:MIGR_IMM8(1.0),26/09/23 23:00:00,A,COMPLET,TOTAL,NR,T,IS,1999,4785,
ESTAT:MIGR_IMM8(1.0),26/09/23 23:00:00,A,COMPLET,TOTAL,NR,T,IS,2000,5203,
ESTAT:MIGR_IMM8(1.0),26/09/23 23:00:00,A,COMPLET,TOTAL,NR,T,IS,2001,5002,
ESTAT:MIGR_IMM8(1.0),26/09/23 23:00:00,A,COMPLET,TOTAL,NR,T,IS,2002,4215,
ESTAT:MIGR_IMM8(1.0),26/09/23 23:00:00,A,COMPLET,TOTAL,NR,T,IS,2003,3704,
ESTAT:MIGR_IMM8(1.0),26/09/23 23:00:00,A,COMPLET,TOTAL,NR,T,IS,2004,5350,
ESTAT:MIGR_IMM8(1.0),26/09/23 23:00:00,A,COMPLET,TOTAL,NR,T,IS,2005,7773,
ESTAT:MIGR_IMM8(1.0),26/09/23 23:00:00,A,COMPLET,TOTAL,NR,T,IS,2006,9832,
ESTAT:MIGR_IMM8(1.0),26/09/23 23:00:00,A,COMPLET,TOTAL,NR,T,IS,2007,12546,
ESTAT:MIGR_IMM8(1.0),26/09/23 23:00:00,A,COMPLET,TOTAL,NR,T,IS,2008,10288,
ESTAT:MIGR_IMM8(1.0),26/09/23 23:00:00,A,COMPLET,TOTAL,NR,T,IS,2009,3921,b
ESTAT:MIGR_IMM8(1.0),26/09/23 23:00:00,A,COMPLET,TOTAL,NR,T,IS,2010,3948,
ESTAT:MIGR_IMM8(1.0),26/09/23 23:00:00,A,COMPLET,TOTAL,NR,T,IS,2011,4073,
ESTAT:MIGR_IMM8(1.0),26/09/23 23:00:00,A,COMPLET,TOTAL,NR,T,IS,2012,4960,
ESTAT:MIGR_IMM8(1.0),26/09/23 23:00:00,A,COMPLET,TOTAL,NR,T,IS,2013,6406,
ESTAT:MIGR_IMM8(1.0),26/09/23 23:00:00,A,COMPLET,TOTAL,NR,T,IS,2014,5368,
ESTAT:MIGR_IMM8(1.0),26/09/23 23:00:00,A,COMPLET,TOTAL,NR,T,IS,2015,5635,
ESTAT:MIGR_IMM8(1.0),26/09/23 23:00:00,A,COMPLET,TOTAL,NR,T,IS,2016,8710,
ESTAT:MIGR_IMM8(1.0),26/09/23 23:00:00,A,COMPLET,TOTAL,NR,T,IS,2017,12116,
ESTAT:MIGR_IMM8(1.0),26/09/23 23:00:00,A,COMPLET,TOTAL,NR,T,IS,2018,11830,
ESTAT:MIGR_IMM8(1.0),26/09/23 23:00:00,A,COMPLET,TOTAL,NR,T,IS,2019,9872,
ESTAT:MIGR_IMM8(1.0),26/09/23 23:00:00,A,COMPLET,TOTAL,NR,T,IS,2020,8544,
ESTAT:MIGR_IMM8(1.0),26/09/23 23:00:00,A,COMPLET,TOTAL,NR,T,IS,2021,8996,
ESTAT:MIGR_IMM8(1.0),26/09/23 23:00:00,A,COMPLET,TOTAL,NR,T,IT,1990,166754,
ESTAT:MIGR_IMM8(1.0),26/09/23 23:00:00,A,COMPLET,TOTAL,NR,T,IT,1991,126935,
ESTAT:MIGR_IMM8(1.0),26/09/23 23:00:00,A,COMPLET,TOTAL,NR,T,IT,1992,113916,
ESTAT:MIGR_IMM8(1.0),26/09/23 23:00:00,A,COMPLET,TOTAL,NR,T,IT,1993,100401,
ESTAT:MIGR_IMM8(1.0),26/09/23 23:00:00,A,COMPLET,TOTAL,NR,T,IT,1994,99105,
ESTAT:MIGR_IMM8(1.0),26/09/23 23:00:00,A,COMPLET,TOTAL,NR,T,IT,1995,96710,
ESTAT:MIGR_IMM8(1.0),26/09/23 23:00:00,A,COMPLET,TOTAL,NR,T,IT,1996,171967,
ESTAT:MIGR_IMM8(1.0),26/09/23 23:00:00,A,COMPLET,TOTAL,NR,T,IT,1997,162857,
ESTAT:MIGR_IMM8(1.0),26/09/23 23:00:00,A,COMPLET,TOTAL,NR,T,IT,1998,156885,
ESTAT:MIGR_IMM8(1.0),26/09/23 23:00:00,A,COMPLET,TOTAL,NR,T,IT,1999,185052,
ESTAT:MIGR_IMM8(1.0),26/09/23 23:00:00,A,COMPLET,TOTAL,NR,T,IT,2000,226968,
ESTAT:MIGR_IMM8(1.0),26/09/23 23:00:00,A,COMPLET,TOTAL,NR,T,IT,2001,208252,
ESTAT:MIGR_IMM8(1.0),26/09/23 23:00:00,A,COMPLET,TOTAL,NR,T,IT,2002,213202,
ESTAT:MIGR_IMM8(1.0),26/09/23 23:00:00,A,COMPLET,TOTAL,NR,T,IT,2003,440301,
ESTAT:MIGR_IMM8(1.0),26/09/23 23:00:00,A,COMPLET,TOTAL,NR,T,IT,2004,414880,
ESTAT:MIGR_IMM8(1.0),26/09/23 23:00:00,A,COMPLET,TOTAL,NR,T,IT,2005,304960,
ESTAT:MIGR_IMM8(1.0),26/09/23 23:00:00,A,COMPLET,TOTAL,NR,T,IT,2006,279714,
ESTAT:MIGR_IMM8(1.0),26/09/23 23:00:00,A,COMPLET,TOTAL,NR,T,IT,2007,527123,
ESTAT:MIGR_IMM8(1.0),26/09/23 23:00:00,A,COMPLET,TOTAL,NR,T,IT,2008,534712,
ESTAT:MIGR_IMM8(1.0),26/09/23 23:00:00,A,COMPLET,TOTAL,NR,T,IT,2009,442940,
ESTAT:MIGR_IMM8(1.0),26/09/23 23:00:00,A,COMPLET,TOTAL,NR,T,IT,2010,458856,
ESTAT:MIGR_IMM8(1.0),26/09/23 23:00:00,A,COMPLET,TOTAL,NR,T,IT,2011,385793,
ESTAT:MIGR_IMM8(1.0),26/09/23 23:00:00,A,COMPLET,TOTAL,NR,T,IT,2012,350772,
ESTAT:MIGR_IMM8(1.0),26/09/23 23:00:00,A,COMPLET,TOTAL,NR,T,IT,2013,307454,
ESTAT:MIGR_IMM8(1.0),26/09/23 23:00:00,A,COMPLET,TOTAL,NR,T,IT,2014,277631,
ESTAT:MIGR_IMM8(1.0),26/09/23 23:00:00,A,COMPLET,TOTAL,NR,T,IT,2015,280078,
ESTAT:MIGR_IMM8(1.0),26/09/23 23:00:00,A,COMPLET,TOTAL,NR,T,IT,2016,300823,
ESTAT:MIGR_IMM8(1.0),26/09/23 23:00:00,A,COMPLET,TOTAL,NR,T,IT,2017,343440,
ESTAT:MIGR_IMM8(1.0),26/09/23 23:00:00,A,COMPLET,TOTAL,NR,T,IT,2018,332324,
ESTAT:MIGR_IMM8(1.0),26/09/23 23:00:00,A,COMPLET,TOTAL,NR,T,IT,2019,332778,
ESTAT:MIGR_IMM8(1.0),26/09/23 23:00:00,A,COMPLET,TOTAL,NR,T,IT,2020,247526,
ESTAT:MIGR_IMM8(1.0),26/09/23 23:00:00,A,COMPLET,TOTAL,NR,T,IT,2021,318366,
ESTAT:MIGR_IMM8(1.0),26/09/23 23:00:00,A,COMPLET,TOTAL,NR,T,LI,2008,578,b
ESTAT:MIGR_IMM8(1.0),26/09/23 23:00:00,A,COMPLET,TOTAL,NR,T,LI,2009,584,
ESTAT:MIGR_IMM8(1.0),26/09/23 23:00:00,A,COMPLET,TOTAL,NR,T,LI,2010,591,
ESTAT:MIGR_IMM8(1.0),26/09/23 23:00:00,A,COMPLET,TOTAL,NR,T,LI,2011,650,
ESTAT:MIGR_IMM8(1.0),26/09/23 23:00:00,A,COMPLET,TOTAL,NR,T,LI,2012,671,
ESTAT:MIGR_IMM8(1.0),26/09/23 23:00:00,A,COMPLET,TOTAL,NR,T,LI,2013,696,
ESTAT:MIGR_IMM8(1.0),26/09/23 23:00:00,A,COMPLET,TOTAL,NR,T,LI,2014,615,
ESTAT:MIGR_IMM8(1.0),26/09/23 23:00:00,A,COMPLET,TOTAL,NR,T,LI,2015,657,
ESTAT:MIGR_IMM8(1.0),26/09/23 23:00:00,A,COMPLET,TOTAL,NR,T,LI,2016,607,
ESTAT:MIGR_IMM8(1.0),26/09/23 23:00:00,A,COMPLET,TOTAL,NR,T,LI,2017,645,
ESTAT:MIGR_IMM8(1.0),26/09/23 23:00:00,A,COMPLET,TOTAL,NR,T,LI,2018,649,
ESTAT:MIGR_IMM8(1.0),26/09/23 23:00:00,A,COMPLET,TOTAL,NR,T,LI,2019,727,
ESTAT:MIGR_IMM8(1.0),26/09/23 23:00:00,A,COMPLET,TOTAL,NR,T,LI,2020,713,
ESTAT:MIGR_IMM8(1.0),26/09/23 23:00:00,A,COMPLET,TOTAL,NR,T,LI,2021,669,
ESTAT:MIGR_IMM8(1.0),26/09/23 23:00:00,A,COMPLET,TOTAL,NR,T,LT,1990,14744,
ESTAT:MIGR_IMM8(1.0),26/09/23 23:00:00,A,COMPLET,TOTAL,NR,T,LT,1991,11828,
ESTAT:MIGR_IMM8(1.0),26/09/23 23:00:00,A,COMPLET,TOTAL,NR,T,LT,1992,6640,
ESTAT:MIGR_IMM8(1.0),26/09/23 23:00:00,A,COMPLET,TOTAL,NR,T,LT,1993,2850,
ESTAT:MIGR_IMM8(1.0),26/09/23 23:00:00,A,COMPLET,TOTAL,NR,T,LT,1994,1664,
ESTAT:MIGR_IMM8(1.0),26/09/23 23:00:00,A,COMPLET,TOTAL,NR,T,LT,1995,2020,
ESTAT:MIGR_IMM8(1.0),26/09/23 23:00:00,A,COMPLET,TOTAL,NR,T,LT,1996,3025,
ESTAT:MIGR_IMM8(1.0),26/09/23 23:00:00,A,COMPLET,TOTAL,NR,T,LT,1997,2536,
ESTAT:MIGR_IMM8(1.0),26/09/23 23:00:00,A,COMPLET,TOTAL,NR,T,LT,1998,2706,
ESTAT:MIGR_IMM8(1.0),26/09/23 23:00:00,A,COMPLET,TOTAL,NR,T,LT,1999,2679,
ESTAT:MIGR_IMM8(1.0),26/09/23 23:00:00,A,COMPLET,TOTAL,NR,T,LT,2000,1510,
ESTAT:MIGR_IMM8(1.0),26/09/23 23:00:00,A,COMPLET,TOTAL,NR,T,LT,2001,4694,
ESTAT:MIGR_IMM8(1.0),26/09/23 23:00:00,A,COMPLET,TOTAL,NR,T,LT,2002,5110,
ESTAT:MIGR_IMM8(1.0),26/09/23 23:00:00,A,COMPLET,TOTAL,NR,T,LT,2003,4728,
ESTAT:MIGR_IMM8(1.0),26/09/23 23:00:00,A,COMPLET,TOTAL,NR,T,LT,2004,5553,
ESTAT:MIGR_IMM8(1.0),26/09/23 23:00:00,A,COMPLET,TOTAL,NR,T,LT,2005,6789,
ESTAT:MIGR_IMM8(1.0),26/09/23 23:00:00,A,COMPLET,TOTAL,NR,T,LT,2006,7745,
ESTAT:MIGR_IMM8(1.0),26/09/23 23:00:00,A,COMPLET,TOTAL,NR,T,LT,2007,8609,
ESTAT:MIGR_IMM8(1.0),26/09/23 23:00:00,A,COMPLET,TOTAL,NR,T,LT,2008,9297,
ESTAT:MIGR_IMM8(1.0),26/09/23 23:00:00,A,COMPLET,TOTAL,NR,T,LT,2009,6487,
ESTAT:MIGR_IMM8(1.0),26/09/23 23:00:00,A,COMPLET,TOTAL,NR,T,LT,2010,5213,
ESTAT:MIGR_IMM8(1.0),26/09/23 23:00:00,A,COMPLET,TOTAL,NR,T,LT,2011,15685,
ESTAT:MIGR_IMM8(1.0),26/09/23 23:00:00,A,COMPLET,TOTAL,NR,T,LT,2012,19843,
ESTAT:MIGR_IMM8(1.0),26/09/23 23:00:00,A,COMPLET,TOTAL,NR,T,LT,2013,22011,
ESTAT:MIGR_IMM8(1.0),26/09/23 23:00:00,A,COMPLET,TOTAL,NR,T,LT,2014,24294,
ESTAT:MIGR_IMM8(1.0),26/09/23 23:00:00,A,COMPLET,TOTAL,NR,T,LT,2015,22130,
ESTAT:MIGR_IMM8(1.0),26/09/23 23:00:00,A,COMPLET,TOTAL,NR,T,LT,2016,20162,
ESTAT:MIGR_IMM8(1.0),26/09/23 23:00:00,A,COMPLET,TOTAL,NR,T,LT,2017,20368,
ESTAT:MIGR_IMM8(1.0),26/09/23 23:00:00,A,COMPLET,TOTAL,NR,T,LT,2018,28914,
ESTAT:MIGR_IMM8(1.0),26/09/23 23:00:00,A,COMPLET,TOTAL,NR,T,LT,2019,40067,
ESTAT:MIGR_IMM8(1.0),26/09/23 23:00:00,A,COMPLET,TOTAL,NR,T,LT,2020,43096,
ESTAT:MIGR_IMM8(1.0),26/09/23 23:00:00,A,COMPLET,TOTAL,NR,T,LT,2021,44858,
ESTAT:MIGR_IMM8(1.0),26/09/23 23:00:00,A,COMPLET,TOTAL,NR,T,LU,1990,10281,
ESTAT:MIGR_IMM8(1.0),26/09/23 23:00:00,A,COMPLET,TOTAL,NR,T,LU,1991,10913,
ESTAT:MIGR_IMM8(1.0),26/09/23 23:00:00,A,COMPLET,TOTAL,NR,T,LU,1992,10697,
ESTAT:MIGR_IMM8(1.0),26/09/23 23:00:00,A,COMPLET,TOTAL,NR,T,LU,1993,10069,
ESTAT:MIGR_IMM8(1.0),26/09/23 23:00:00,A,COMPLET,TOTAL,NR,T,LU,1994,10145,
ESTAT:MIGR_IMM8(1.0),26/09/23 23:00:00,A,COMPLET,TOTAL,NR,T,LU,1995,10337,
ESTAT:MIGR_IMM8(1.0),26/09/23 23:00:00,A,COMPLET,TOTAL,NR,T,LU,1996,10027,
ESTAT:MIGR_IMM8(1.0),26/09/23 23:00:00,A,COMPLET,TOTAL,NR,T,LU,1997,10423,
ESTAT:MIGR_IMM8(1.0),26/09/23 23:00:00,A,COMPLET,TOTAL,NR,T,LU,1998,11630,
ESTAT:MIGR_IMM8(1.0),26/09/23 23:00:00,A,COMPLET,TOTAL,NR,T,LU,1999,12794,
ESTAT:MIGR_IMM8(1.0),26/09/23 23:00:00,A,COMPLET,TOTAL,NR,T,LU,2000,11765,
ESTAT:MIGR_IMM8(1.0),26/09/23 23:00:00,A,COMPLET,TOTAL,NR,T,LU,2001,12135,
ESTAT:MIGR_IMM8(1.0),26/09/23 23:00:00,A,COMPLET,TOTAL,NR,T,LU,2002,12101,
ESTAT:MIGR_IMM8(1.0),26/09/23 23:00:00,A,COMPLET,TOTAL,NR,T,LU,2003,13158,
ESTAT:MIGR_IMM8(1.0),26/09/23 23:00:00,A,COMPLET,TOTAL,NR,T,LU,2004,12872,
ESTAT:MIGR_IMM8(1.0),26/09/23 23:00:00,A,COMPLET,TOTAL,NR,T,LU,2005,14397,
ESTAT:MIGR_IMM8(1.0),26/09/23 23:00:00,A,COMPLET,TOTAL,NR,T,LU,2006,14352,
ESTAT:MIGR_IMM8(1.0),26/09/23 23:00:00,A,COMPLET,TOTAL,NR,T,LU,2007,16675,
ESTAT:MIGR_IMM8(1.0),26/09/23 23:00:00,A,COMPLET,TOTAL,NR,T,LU,2008,17758,
ESTAT:MIGR_IMM8(1.0),26/09/23 23:00:00,A,COMPLET,TOTAL,NR,T,LU,2009,15751,
ESTAT:MIGR_IMM8(1.0),26/09/23 23:00:00,A,COMPLET,TOTAL,NR,T,LU,2010,16962,
ESTAT:MIGR_IMM8(1.0),26/09/23 23:00:00,A,COMPLET,TOTAL,NR,T,LU,2011,20268,
ESTAT:MIGR_IMM8(1.0),26/09/23 23:00:00,A,COMPLET,TOTAL,NR,T,LU,2012,20478,
ESTAT:MIGR_IMM8(1.0),26/09/23 23:00:00,A,COMPLET,TOTAL,NR,T,LU,2013,21098,
ESTAT:MIGR_IMM8(1.0),26/09/23 23:00:00,A,COMPLET,TOTAL,NR,T,LU,2014,22332,
ESTAT:MIGR_IMM8(1.0),26/09/23 23:00:00,A,COMPLET,TOTAL,NR,T,LU,2015,23803,
ESTAT:MIGR_IMM8(1.0),26/09/23 23:00:00,A,COMPLET,TOTAL,NR,T,LU,2016,22888,
ESTAT:MIGR_IMM8(1.0),26/09/23 23:00:00,A,COMPLET,TOTAL,NR,T,LU,2017,24379,
ESTAT:MIGR_IMM8(1.0),26/09/23 23:00:00,A,COMPLET,TOTAL,NR,T,LU,2018,24644,
ESTAT:MIGR_IMM8(1.0),26/09/23 23:00:00,A,COMPLET,TOTAL,NR,T,LU,2019,26668,
ESTAT:MIGR_IMM8(1.0),26/09/23 23:00:00,A,COMPLET,TOTAL,NR,T,LU,2020,22490,
ESTAT:MIGR_IMM8(1.0),26/09/23 23:00:00,A,COMPLET,TOTAL,NR,T,LU,2021,25335,
ESTAT:MIGR_IMM8(1.0),26/09/23 23:00:00,A,COMPLET,TOTAL,NR,T,LV,1991,14684,
ESTAT:MIGR_IMM8(1.0),26/09/23 23:00:00,A,COMPLET,TOTAL,NR,T,LV,1992,6199,
ESTAT:MIGR_IMM8(1.0),26/09/23 23:00:00,A,COMPLET,TOTAL,NR,T,LV,1993,4114,
ESTAT:MIGR_IMM8(1.0),26/09/23 23:00:00,A,COMPLET,TOTAL,NR,T,LV,1994,3046,
ESTAT:MIGR_IMM8(1.0),26/09/23 23:00:00,A,COMPLET,TOTAL,NR,T,LV,1995,2799,
ESTAT:MIGR_IMM8(1.0),26/09/23 23:00:00,A,COMPLET,TOTAL,NR,T,LV,1996,2747,
ESTAT:MIGR_IMM8(1.0),26/09/23 23:00:00,A,COMPLET,TOTAL,NR,T,LV,1997,2913,
ESTAT:MIGR_IMM8(1.0),26/09/23 23:00:00,A,COMPLET,TOTAL,NR,T,LV,1998,3123,
ESTAT:MIGR_IMM8(1.0),26/09/23 23:00:00,A,COMPLET,TOTAL,NR,T,LV,1999,1813,
ESTAT:MIGR_IMM8(1.0),26/09/23 23:00:00,A,COMPLET,TOTAL,NR,T,LV,2000,6483,
ESTAT:MIGR_IMM8(1.0),26/09/23 23:00:00,A,COMPLET,TOTAL,NR,T,LV,2001,5376,
ESTAT:MIGR_IMM8(1.0),26/09/23 23:00:00,A,COMPLET,TOTAL,NR,T,LV,2002,6642,
ESTAT:MIGR_IMM8(1.0),26/09/23 23:00:00,A,COMPLET,TOTAL,NR,T,LV,2003,4063,
ESTAT:MIGR_IMM8(1.0),26/09/23 23:00:00,A,COMPLET,TOTAL,NR,T,LV,2004,4844,
ESTAT:MIGR_IMM8(1.0),26/09/23 23:00:00,A,COMPLET,TOTAL,NR,T,LV,2005,6691,
ESTAT:MIGR_IMM8(1.0),26/09/23 23:00:00,A,COMPLET,TOTAL,NR,T,LV,2006,8212,
ESTAT:MIGR_IMM8(1.0),26/09/23 23:00:00,A,COMPLET,TOTAL,NR,T,LV,2007,7517,
ESTAT:MIGR_IMM8(1.0),26/09/23 23:00:00,A,COMPLET,TOTAL,NR,T,LV,2008,4678,
ESTAT:MIGR_IMM8(1.0),26/09/23 23:00:00,A,COMPLET,TOTAL,NR,T,LV,2009,3731,
ESTAT:MIGR_IMM8(1.0),26/09/23 23:00:00,A,COMPLET,TOTAL,NR,T,LV,2010,4011,
ESTAT:MIGR_IMM8(1.0),26/09/23 23:00:00,A,COMPLET,TOTAL,NR,T,LV,2011,10234,
ESTAT:MIGR_IMM8(1.0),26/09/23 23:00:00,A,COMPLET,TOTAL,NR,T,LV,2012,13303,
ESTAT:MIGR_IMM8(1.0),26/09/23 23:00:00,A,COMPLET,TOTAL,NR,T,LV,2013,8299,
ESTAT:MIGR_IMM8(1.0),26/09/23 23:00:00,A,COMPLET,TOTAL,NR,T,LV,2014,10365,
ESTAT:MIGR_IMM8(1.0),26/09/23 23:00:00,A,COMPLET,TOTAL,NR,T,LV,2015,9479,
ESTAT:MIGR_IMM8(1.0),26/09/23 23:00:00,A,COMPLET,TOTAL,NR,T,LV,2016,8345,
ESTAT:MIGR_IMM8(1.0),26/09/23 23:00:00,A,COMPLET,TOTAL,NR,T,LV,2017,9916,
ESTAT:MIGR_IMM8(1.0),26/09/23 23:00:00,A,COMPLET,TOTAL,NR,T,LV,2018,10909,
ESTAT:MIGR_IMM8(1.0),26/09/23 23:00:00,A,COMPLET,TOTAL,NR,T,LV,2019,11223,
ESTAT:MIGR_IMM8(1.0),26/09/23 23:00:00,A,COMPLET,TOTAL,NR,T,LV,2020,8840,
ESTAT:MIGR_IMM8(1.0),26/09/23 23:00:00,A,COMPLET,TOTAL,NR,T,LV,2021,12689,
ESTAT:MIGR_IMM8(1.0),26/09/23 23:00:00,A,COMPLET,TOTAL,NR,T,ME,2010,5749,
ESTAT:MIGR_IMM8(1.0),26/09/23 23:00:00,A,COMPLET,TOTAL,NR,T,ME,2011,6025,
ESTAT:MIGR_IMM8(1.0),26/09/23 23:00:00,A,COMPLET,TOTAL,NR,T,ME,2012,5727,
ESTAT:MIGR_IMM8(1.0),26/09/23 23:00:00,A,COMPLET,TOTAL,NR,T,ME,2013,5112,
ESTAT:MIGR_IMM8(1.0),26/09/23 23:00:00,A,COMPLET,TOTAL,NR,T,ME,2014,5353,
ESTAT:MIGR_IMM8(1.0),26/09/23 23:00:00,A,COMPLET,TOTAL,NR,T,ME,2015,4553,
ESTAT:MIGR_IMM8(1.0),26/09/23 23:00:00,A,COMPLET,TOTAL,NR,T,ME,2016,4904,
ESTAT:MIGR_IMM8(1.0),26/09/23 23:00:00,A,COMPLET,TOTAL,NR,T,ME,2017,6684,
ESTAT:MIGR_IMM8(1.0),26/09/23 23:00:00,A,COMPLET,TOTAL,NR,T,ME,2018,8643,
ESTAT:MIGR_IMM8(1.0),26/09/23 23:00:00,A,COMPLET,TOTAL,NR,T,ME,2019,10737,
ESTAT:MIGR_IMM8(1.0),26/09/23 23:00:00,A,COMPLET,TOTAL,NR,T,ME,2020,6008,
ESTAT:MIGR_IMM8(1.0),26/09/23 23:00:00,A,COMPLET,TOTAL,NR,T,MK,2008,1052,
ESTAT:MIGR_IMM8(1.0),26/09/23 23:00:00,A,COMPLET,TOTAL,NR,T,MK,2009,857,
ESTAT:MIGR_IMM8(1.0),26/09/23 23:00:00,A,COMPLET,TOTAL,NR,T,MK,2010,1359,
ESTAT:MIGR_IMM8(1.0),26/09/23 23:00:00,A,COMPLET,TOTAL,NR,T,MK,2011,1464,
ESTAT:MIGR_IMM8(1.0),26/09/23 23:00:00,A,COMPLET,TOTAL,NR,T,MK,2012,1715,
ESTAT:MIGR_IMM8(1.0),26/09/23 23:00:00,A,COMPLET,TOTAL,NR,T,MK,2013,2050,
ESTAT:MIGR_IMM8(1.0),26/09/23 23:00:00,A,COMPLET,TOTAL,NR,T,MK,2014,1935,
ESTAT:MIGR_IMM8(1.0),26/09/23 23:00:00,A,COMPLET,TOTAL,NR,T,MK,2015,1741,
ESTAT:MIGR_IMM8(1.0),26/09/23 23:00:00,A,COMPLET,TOTAL,NR,T,MK,2016,2262,
ESTAT:MIGR_IMM8(1.0),26/09/23 23:00:00,A,COMPLET,TOTAL,NR,T,MK,2017,2064,
ESTAT:MIGR_IMM8(1.0),26/09/23 23:00:00,A,COMPLET,TOTAL,NR,T,MK,2018,2053,
ESTAT:MIGR_IMM8(1.0),26/09/23 23:00:00,A,COMPLET,TOTAL,NR,T,MK,2019,2118,
ESTAT:MIGR_IMM8(1.0),26/09/23 23:00:00,A,COMPLET,TOTAL,NR,T,MK,2020,2555,
ESTAT:MIGR_IMM8(1.0),26/09/23 23:00:00,A,COMPLET,TOTAL,NR,T,MK,2021,1570,
ESTAT:MIGR_IMM8(1.0),26/09/23 23:00:00,A,COMPLET,TOTAL,NR,T,MT,2005,2075,
ESTAT:MIGR_IMM8(1.0),26/09/23 23:00:00,A,COMPLET,TOTAL,NR,T,MT,2006,3889,
ESTAT:MIGR_IMM8(1.0),26/09/23 23:00:00,A,COMPLET,TOTAL,NR,T,MT,2007,5292,
ESTAT:MIGR_IMM8(1.0),26/09/23 23:00:00,A,COMPLET,TOTAL,NR,T,MT,2008,6043,
ESTAT:MIGR_IMM8(1.0),26/09/23 23:00:00,A,COMPLET,TOTAL,NR,T,MT,2009,6161,
ESTAT:MIGR_IMM8(1.0),26/09/23 23:00:00,A,COMPLET,TOTAL,NR,T,MT,2010,4275,
ESTAT:MIGR_IMM8(1.0),26/09/23 23:00:00,A,COMPLET,TOTAL,NR,T,MT,2011,5465,
ESTAT:MIGR_IMM8(1.0),26/09/23 23:00:00,A,COMPLET,TOTAL,NR,T,MT,2012,8256,
ESTAT:MIGR_IMM8(1.0),26/09/23 23:00:00,A,COMPLET,TOTAL,NR,T,MT,2013,10897,
ESTAT:MIGR_IMM8(1.0),26/09/23 23:00:00,A,COMPLET,TOTAL,NR,T,MT,2014,14454,
ESTAT:MIGR_IMM8(1.0),26/09/23 23:00:00,A,COMPLET,TOTAL,NR,T,MT,2015,16936,
ESTAT:MIGR_IMM8(1.0),26/09/23 23:00:00,A,COMPLET,TOTAL,NR,T,MT,2016,17051,
ESTAT:MIGR_IMM8(1.0),26/09/23 23:00:00,A,COMPLET,TOTAL,NR,T,MT,2017,21676,
ESTAT:MIGR_IMM8(1.0),26/09/23 23:00:00,A,COMPLET,TOTAL,NR,T,MT,2018,26444,
ESTAT:MIGR_IMM8(1.0),26/09/23 23:00:00,A,COMPLET,TOTAL,NR,T,MT,2019,28341,
ESTAT:MIGR_IMM8(1.0),26/09/23 23:00:00,A,COMPLET,TOTAL,NR,T,MT,2020,13885,
ESTAT:MIGR_IMM8(1.0),26/09/23 23:00:00,A,COMPLET,TOTAL,NR,T,MT,2021,18148,
ESTAT:MIGR_IMM8(1.0),26/09/23 23:00:00,A,COMPLET,TOTAL,NR,T,NL,1990,117350,
ESTAT:MIGR_IMM8(1.0),26/09/23 23:00:00,A,COMPLET,TOTAL,NR,T,NL,1991,120249,
ESTAT:MIGR_IMM8(1.0),26/09/23 23:00:00,A,COMPLET,TOTAL,NR,T,NL,1992,116926,
ESTAT:MIGR_IMM8(1.0),26/09/23 23:00:00,A,COMPLET,TOTAL,NR,T,NL,1993,119154,
ESTAT:MIGR_IMM8(1.0),26/09/23 23:00:00,A,COMPLET,TOTAL,NR,T,NL,1994,92143,
ESTAT:MIGR_IMM8(1.0),26/09/23 23:00:00,A,COMPLET,TOTAL,NR,T,NL,1995,96099,
ESTAT:MIGR_IMM8(1.0),26/09/23 23:00:00,A,COMPLET,TOTAL,NR,T,NL,1996,108749,
ESTAT:MIGR_IMM8(1.0),26/09/23 23:00:00,A,COMPLET,TOTAL,NR,T,NL,1997,109860,
ESTAT:MIGR_IMM8(1.0),26/09/23 23:00:00,A,COMPLET,TOTAL,NR,T,NL,1998,122407,
ESTAT:MIGR_IMM8(1.0),26/09/23 23:00:00,A,COMPLET,TOTAL,NR,T,NL,1999,119151,
ESTAT:MIGR_IMM8(1.0),26/09/23 23:00:00,A,COMPLET,TOTAL,NR,T,NL,2000,132850,
ESTAT:MIGR_IMM8(1.0),26/09/23 23:00:00,A,COMPLET,TOTAL,NR,T,NL,2001,133404,
ESTAT:MIGR_IMM8(1.0),26/09/23 23:00:00,A,COMPLET,TOTAL,NR,T,NL,2002,121250,
ESTAT:MIGR_IMM8(1.0),26/09/23 23:00:00,A,COMPLET,TOTAL,NR,T,NL,2003,104514,
ESTAT:MIGR_IMM8(1.0),26/09/23 23:00:00,A,COMPLET,TOTAL,NR,T,NL,2004,94019,
ESTAT:MIGR_IMM8(1.0),26/09/23 23:00:00,A,COMPLET,TOTAL,NR,T,NL,2005,92297,
ESTAT:MIGR_IMM8(1.0),26/09/23 23:00:00,A,COMPLET,TOTAL,NR,T,NL,2006,101150,
ESTAT:MIGR_IMM8(1.0),26/09/23 23:00:00,A,COMPLET,TOTAL,NR,T,NL,2007,116819,
ESTAT:MIGR_IMM8(1.0),26/09/23 23:00:00,A,COMPLET,TOTAL,NR,T,NL,2008,143516,
ESTAT:MIGR_IMM8(1.0),26/09/23 23:00:00,A,COMPLET,TOTAL,NR,T,NL,2009,122917,b
ESTAT:MIGR_IMM8(1.0),26/09/23 23:00:00,A,COMPLET,TOTAL,NR,T,NL,2010,126776,
ESTAT:MIGR_IMM8(1.0),26/09/23 23:00:00,A,COMPLET,TOTAL,NR,T,NL,2011,130118,
ESTAT:MIGR_IMM8(1.0),26/09/23 23:00:00,A,COMPLET,TOTAL,NR,T,NL,2012,124566,
ESTAT:MIGR_IMM8(1.0),26/09/23 23:00:00,A,COMPLET,TOTAL,NR,T,NL,2013,129428,
ESTAT:MIGR_IMM8(1.0),26/09/23 23:00:00,A,COMPLET,TOTAL,NR,T,NL,2014,145323,
ESTAT:MIGR_IMM8(1.0),26/09/23 23:00:00,A,COMPLET,TOTAL,NR,T,NL,2015,166872,
ESTAT:MIGR_IMM8(1.0),26/09/23 23:00:00,A,COMPLET,TOTAL,NR,T,NL,2016,189232,
ESTAT:MIGR_IMM8(1.0),26/09/23 23:00:00,A,COMPLET,TOTAL,NR,T,NL,2017,189646,
ESTAT:MIGR_IMM8(1.0),26/09/23 23:00:00,A,COMPLET,TOTAL,NR,T,NL,2018,194306,
ESTAT:MIGR_IMM8(1.0),26/09/23 23:00:00,A,COMPLET,TOTAL,NR,T,NL,2019,215756,
ESTAT:MIGR_IMM8(1.0),26/09/23 23:00:00,A,COMPLET,TOTAL,NR,T,NL,2020,182244,
ESTAT:MIGR_IMM8(1.0),26/09/23 23:00:00,A,COMPLET,TOTAL,NR,T,NL,2021,214105,
ESTAT:MIGR_IMM8(1.0),26/09/23 23:00:00,A,COMPLET,TOTAL,NR,T,NO,1990,25494,
ESTAT:MIGR_IMM8(1.0),26/09/23 23:00:00,A,COMPLET,TOTAL,NR,T,NO,1991,26283,
ESTAT:MIGR_IMM8(1.0),26/09/23 23:00:00,A,COMPLET,TOTAL,NR,T,NO,1992,26743,
ESTAT:MIGR_IMM8(1.0),26/09/23 23:00:00,A,COMPLET,TOTAL,NR,T,NO,1993,31711,
ESTAT:MIGR_IMM8(1.0),26/09/23 23:00:00,A,COMPLET,TOTAL,NR,T,NO,1994,26911,
ESTAT:MIGR_IMM8(1.0),26/09/23 23:00:00,A,COMPLET,TOTAL,NR,T,NO,1995,25678,
ESTAT:MIGR_IMM8(1.0),26/09/23 23:00:00,A,COMPLET,TOTAL,NR,T,NO,1997,31957,
ESTAT:MIGR_IMM8(1.0),26/09/23 23:00:00,A,COMPLET,TOTAL,NR,T,NO,1998,36704,
ESTAT:MIGR_IMM8(1.0),26/09/23 23:00:00,A,COMPLET,TOTAL,NR,T,NO,1999,41841,
ESTAT:MIGR_IMM8(1.0),26/09/23 23:00:00,A,COMPLET,TOTAL,NR,T,NO,2000,36542,
ESTAT:MIGR_IMM8(1.0),26/09/23 23:00:00,A,COMPLET,TOTAL,NR,T,NO,2001,34264,
ESTAT:MIGR_IMM8(1.0),26/09/23 23:00:00,A,COMPLET,TOTAL,NR,T,NO,2002,40122,
ESTAT:MIGR_IMM8(1.0),26/09/23 23:00:00,A,COMPLET,TOTAL,NR,T,NO,2003,35957,
ESTAT:MIGR_IMM8(1.0),26/09/23 23:00:00,A,COMPLET,TOTAL,NR,T,NO,2004,36482,
ESTAT:MIGR_IMM8(1.0),26/09/23 23:00:00,A,COMPLET,TOTAL,NR,T,NO,2005,40148,
ESTAT:MIGR_IMM8(1.0),26/09/23 23:00:00,A,COMPLET,TOTAL,NR,T,NO,2006,45776,
ESTAT:MIGR_IMM8(1.0),26/09/23 23:00:00,A,COMPLET,TOTAL,NR,T,NO,2007,61774,
ESTAT:MIGR_IMM8(1.0),26/09/23 23:00:00,A,COMPLET,TOTAL,NR,T,NO,2008,58123,b
ESTAT:MIGR_IMM8(1.0),26/09/23 23:00:00,A,COMPLET,TOTAL,NR,T,NO,2009,55953,
ESTAT:MIGR_IMM8(1.0),26/09/23 23:00:00,A,COMPLET,TOTAL,NR,T,NO,2010,69214,
ESTAT:MIGR_IMM8(1.0),26/09/23 23:00:00,A,COMPLET,TOTAL,NR,T,NO,2011,70337,
ESTAT:MIGR_IMM8(1.0),26/09/23 23:00:00,A,COMPLET,TOTAL,NR,T,NO,2012,69908,
ESTAT:MIGR_IMM8(1.0),26/09/23 23:00:00,A,COMPLET,TOTAL,NR,T,NO,2013,68313,
ESTAT:MIGR_IMM8(1.0),26/09/23 23:00:00,A,COMPLET,TOTAL,NR,T,NO,2014,66903,
ESTAT:MIGR_IMM8(1.0),26/09/23 23:00:00,A,COMPLET,TOTAL,NR,T,NO,2015,60816,
ESTAT:MIGR_IMM8(1.0),26/09/23 23:00:00,A,COMPLET,TOTAL,NR,T,NO,2016,61460,
ESTAT:MIGR_IMM8(1.0),26/09/23 23:00:00,A,COMPLET,TOTAL,NR,T,NO,2017,53351,
ESTAT:MIGR_IMM8(1.0),26/09/23 23:00:00,A,COMPLET,TOTAL,NR,T,NO,2018,47864,
ESTAT:MIGR_IMM8(1.0),26/09/23 23:00:00,A,COMPLET,TOTAL,NR,T,NO,2019,48680,
ESTAT:MIGR_IMM8(1.0),26/09/23 23:00:00,A,COMPLET,TOTAL,NR,T,NO,2020,36287,
ESTAT:MIGR_IMM8(1.0),26/09/23 23:00:00,A,COMPLET,TOTAL,NR,T,NO,2021,53947,
ESTAT:MIGR_IMM8(1.0),26/09/23 23:00:00,A,COMPLET,TOTAL,NR,T,PL,1990,2626,
ESTAT:MIGR_IMM8(1.0),26/09/23 23:00:00,A,COMPLET,TOTAL,NR,T,PL,1991,5040,
ESTAT:MIGR_IMM8(1.0),26/09/23 23:00:00,A,COMPLET,TOTAL,NR,T,PL,1992,6512,
ESTAT:MIGR_IMM8(1.0),26/09/23 23:00:00,A,COMPLET,TOTAL,NR,T,PL,1993,5924,
ESTAT:MIGR_IMM8(1.0),26/09/23 23:00:00,A,COMPLET,TOTAL,NR,T,PL,1994,6907,
ESTAT:MIGR_IMM8(1.0),26/09/23 23:00:00,A,COMPLET,TOTAL,NR,T,PL,1995,8121,
ESTAT:MIGR_IMM8(1.0),26/09/23 23:00:00,A,COMPLET,TOTAL,NR,T,PL,1996,8186,
ESTAT:MIGR_IMM8(1.0),26/09/23 23:00:00,A,COMPLET,TOTAL,NR,T,PL,1997,8426,
ESTAT:MIGR_IMM8(1.0),26/09/23 23:00:00,A,COMPLET,TOTAL,NR,T,PL,1998,8916,
ESTAT:MIGR_IMM8(1.0),26/09/23 23:00:00,A,COMPLET,TOTAL,NR,T,PL,1999,7525,
ESTAT:MIGR_IMM8(1.0),26/09/23 23:00:00,A,COMPLET,TOTAL,NR,T,PL,2000,7331,
ESTAT:MIGR_IMM8(1.0),26/09/23 23:00:00,A,COMPLET,TOTAL,NR,T,PL,2001,6625,
ESTAT:MIGR_IMM8(1.0),26/09/23 23:00:00,A,COMPLET,TOTAL,NR,T,PL,2002,6587,
ESTAT:MIGR_IMM8(1.0),26/09/23 23:00:00,A,COMPLET,TOTAL,NR,T,PL,2003,7048,
ESTAT:MIGR_IMM8(1.0),26/09/23 23:00:00,A,COMPLET,TOTAL,NR,T,PL,2004,9495,
ESTAT:MIGR_IMM8(1.0),26/09/23 23:00:00,A,COMPLET,TOTAL,NR,T,PL,2005,9364,
ESTAT:MIGR_IMM8(1.0),26/09/23 23:00:00,A,COMPLET,TOTAL,NR,T,PL,2006,10802,
ESTAT:MIGR_IMM8(1.0),26/09/23 23:00:00,A,COMPLET,TOTAL,NR,T,PL,2007,14995,
ESTAT:MIGR_IMM8(1.0),26/09/23 23:00:00,A,COMPLET,TOTAL,NR,T,PL,2008,15275,
ESTAT:MIGR_IMM8(1.0),26/09/23 23:00:00,A,COMPLET,TOTAL,NR,T,PL,2009,189166,b
ESTAT:MIGR_IMM8(1.0),26/09/23 23:00:00,A,COMPLET,TOTAL,NR,T,PL,2010,155131,
ESTAT:MIGR_IMM8(1.0),26/09/23 23:00:00,A,COMPLET,TOTAL,NR,T,PL,2011,157059,
ESTAT:MIGR_IMM8(1.0),26/09/23 23:00:00,A,COMPLET,TOTAL,NR,T,PL,2012,217546,
ESTAT:MIGR_IMM8(1.0),26/09/23 23:00:00,A,COMPLET,TOTAL,NR,T,PL,2013,220311,
ESTAT:MIGR_IMM8(1.0),26/09/23 23:00:00,A,COMPLET,TOTAL,NR,T,PL,2014,222275,p
ESTAT:MIGR_IMM8(1.0),26/09/23 23:00:00,A,COMPLET,TOTAL,NR,T,PL,2015,218147,p
ESTAT:MIGR_IMM8(1.0),26/09/23 23:00:00,A,COMPLET,TOTAL,NR,T,PL,2016,208302,ep
ESTAT:MIGR_IMM8(1.0),26/09/23 23:00:00,A,COMPLET,TOTAL,NR,T,PL,2017,209353,ep
ESTAT:MIGR_IMM8(1.0),26/09/23 23:00:00,A,COMPLET,TOTAL,NR,T,PL,2018,214083,ep
ESTAT:MIGR_IMM8(1.0),26/09/23 23:00:00,A,COMPLET,TOTAL,NR,T,PL,2019,226649,ep
ESTAT:MIGR_IMM8(1.0),26/09/23 23:00:00,A,COMPLET,TOTAL,NR,T,PL,2020,210615,ep
ESTAT:MIGR_IMM8(1.0),26/09/23 23:00:00,A,COMPLET,TOTAL,NR,T,PL,2021,241116,
ESTAT:MIGR_IMM8(1.0),26/09/23 23:00:00,A,COMPLET,TOTAL,NR,T,PT,1991,4507,
ESTAT:MIGR_IMM8(1.0),26/09/23 23:00:00,A,COMPLET,TOTAL,NR,T,PT,1992,16202,
ESTAT:MIGR_IMM8(1.0),26/09/23 23:00:00,A,COMPLET,TOTAL,NR,T,PT,1993,27989,
ESTAT:MIGR_IMM8(1.0),26/09/23 23:00:00,A,COMPLET,TOTAL,NR,T,PT,1994,38825,
ESTAT:MIGR_IMM8(1.0),26/09/23 23:00:00,A,COMPLET,TOTAL,NR,T,PT,1995,42702,
ESTAT:MIGR_IMM8(1.0),26/09/23 23:00:00,A,COMPLET,TOTAL,NR,T,PT,1996,51656,
ESTAT:MIGR_IMM8(1.0),26/09/23 23:00:00,A,COMPLET,TOTAL,NR,T,PT,1997,59875,
ESTAT:MIGR_IMM8(1.0),26/09/23 23:00:00,A,COMPLET,TOTAL,NR,T,PT,1998,56788,
ESTAT:MIGR_IMM8(1.0),26/09/23 23:00:00,A,COMPLET,TOTAL,NR,T,PT,1999,68297,
ESTAT:MIGR_IMM8(1.0),26/09/23 23:00:00,A,COMPLET,TOTAL,NR,T,PT,2000,77775,
ESTAT:MIGR_IMM8(1.0),26/09/23 23:00:00,A,COMPLET,TOTAL,NR,T,PT,2001,61609,
ESTAT:MIGR_IMM8(1.0),26/09/23 23:00:00,A,COMPLET,TOTAL,NR,T,PT,2002,50611,
ESTAT:MIGR_IMM8(1.0),26/09/23 23:00:00,A,COMPLET,TOTAL,NR,T,PT,2003,31425,
ESTAT:MIGR_IMM8(1.0),26/09/23 23:00:00,A,COMPLET,TOTAL,NR,T,PT,2004,21093,
ESTAT:MIGR_IMM8(1.0),26/09/23 23:00:00,A,COMPLET,TOTAL,NR,T,PT,2005,21741,
ESTAT:MIGR_IMM8(1.0),26/09/23 23:00:00,A,COMPLET,TOTAL,NR,T,PT,2006,22741,
ESTAT:MIGR_IMM8(1.0),26/09/23 23:00:00,A,COMPLET,TOTAL,NR,T,PT,2007,29661,
ESTAT:MIGR_IMM8(1.0),26/09/23 23:00:00,A,COMPLET,TOTAL,NR,T,PT,2008,29718,
ESTAT:MIGR_IMM8(1.0),26/09/23 23:00:00,A,COMPLET,TOTAL,NR,T,PT,2009,32307,
ESTAT:MIGR_IMM8(1.0),26/09/23 23:00:00,A,COMPLET,TOTAL,NR,T,PT,2010,27575,
ESTAT:MIGR_IMM8(1.0),26/09/23 23:00:00,A,COMPLET,TOTAL,NR,T,PT,2011,19667,
ESTAT:MIGR_IMM8(1.0),26/09/23 23:00:00,A,COMPLET,TOTAL,NR,T,PT,2012,14606,
ESTAT:MIGR_IMM8(1.0),26/09/23 23:00:00,A,COMPLET,TOTAL,NR,T,PT,2013,17554,
ESTAT:MIGR_IMM8(1.0),26/09/23 23:00:00,A,COMPLET,TOTAL,NR,T,PT,2014,19516,
ESTAT:MIGR_IMM8(1.0),26/09/23 23:00:00,A,COMPLET,TOTAL,NR,T,PT,2015,29896,e
ESTAT:MIGR_IMM8(1.0),26/09/23 23:00:00,A,COMPLET,TOTAL,NR,T,PT,2016,29925,e
ESTAT:MIGR_IMM8(1.0),26/09/23 23:00:00,A,COMPLET,TOTAL,NR,T,PT,2017,36639,e
ESTAT:MIGR_IMM8(1.0),26/09/23 23:00:00,A,COMPLET,TOTAL,NR,T,PT,2018,43170,
ESTAT:MIGR_IMM8(1.0),26/09/23 23:00:00,A,COMPLET,TOTAL,NR,T,PT,2019,72725,
ESTAT:MIGR_IMM8(1.0),26/09/23 23:00:00,A,COMPLET,TOTAL,NR,T,PT,2020,67160,
ESTAT:MIGR_IMM8(1.0),26/09/23 23:00:00,A,COMPLET,TOTAL,NR,T,PT,2021,50721,
ESTAT:MIGR_IMM8(1.0),26/09/23 23:00:00,A,COMPLET,TOTAL,NR,T,RO,2008,138929,b
ESTAT:MIGR_IMM8(1.0),26/09/23 23:00:00,A,COMPLET,TOTAL,NR,T,RO,2009,135844,
ESTAT:MIGR_IMM8(1.0),26/09/23 23:00:00,A,COMPLET,TOTAL,NR,T,RO,2010,149885,
ESTAT:MIGR_IMM8(1.0),26/09/23 23:00:00,A,COMPLET,TOTAL,NR,T,RO,2011,147685,
ESTAT:MIGR_IMM8(1.0),26/09/23 23:00:00,A,COMPLET,TOTAL,NR,T,RO,2012,167266,
ESTAT:MIGR_IMM8(1.0),26/09/23 23:00:00,A,COMPLET,TOTAL,NR,T,RO,2013,153646,
ESTAT:MIGR_IMM8(1.0),26/09/23 23:00:00,A,COMPLET,TOTAL,NR,T,RO,2014,136035,
ESTAT:MIGR_IMM8(1.0),26/09/23 23:00:00,A,COMPLET,TOTAL,NR,T,RO,2015,132795,e
ESTAT:MIGR_IMM8(1.0),26/09/23 23:00:00,A,COMPLET,TOTAL,NR,T,RO,2016,137455,
ESTAT:MIGR_IMM8(1.0),26/09/23 23:00:00,A,COMPLET,TOTAL,NR,T,RO,2017,177435,e
ESTAT:MIGR_IMM8(1.0),26/09/23 23:00:00,A,COMPLET,TOTAL,NR,T,RO,2018,172578,e
ESTAT:MIGR_IMM8(1.0),26/09/23 23:00:00,A,COMPLET,TOTAL,NR,T,RO,2019,202422,e
ESTAT:MIGR_IMM8(1.0),26/09/23 23:00:00,A,COMPLET,TOTAL,NR,T,RO,2020,145519,e
ESTAT:MIGR_IMM8(1.0),26/09/23 23:00:00,A,COMPLET,TOTAL,NR,T,RO,2021,194642,
ESTAT:MIGR_IMM8(1.0),26/09/23 23:00:00,A,COMPLET,TOTAL,NR,T,SE,1990,60048,
ESTAT:MIGR_IMM8(1.0),26/09/23 23:00:00,A,COMPLET,TOTAL,NR,T,SE,1991,49731,
ESTAT:MIGR_IMM8(1.0),26/09/23 23:00:00,A,COMPLET,TOTAL,NR,T,SE,1992,45348,
ESTAT:MIGR_IMM8(1.0),26/09/23 23:00:00,A,COMPLET,TOTAL,NR,T,SE,1993,61872,
ESTAT:MIGR_IMM8(1.0),26/09/23 23:00:00,A,COMPLET,TOTAL,NR,T,SE,1994,83598,
ESTAT:MIGR_IMM8(1.0),26/09/23 23:00:00,A,COMPLET,TOTAL,NR,T,SE,1995,45887,
ESTAT:MIGR_IMM8(1.0),26/09/23 23:00:00,A,COMPLET,TOTAL,NR,T,SE,1996,39895,
ESTAT:MIGR_IMM8(1.0),26/09/23 23:00:00,A,COMPLET,TOTAL,NR,T,SE,1997,44818,
ESTAT:MIGR_IMM8(1.0),26/09/23 23:00:00,A,COMPLET,TOTAL,NR,T,SE,1998,49391,
ESTAT:MIGR_IMM8(1.0),26/09/23 23:00:00,A,COMPLET,TOTAL,NR,T,SE,1999,49839,
ESTAT:MIGR_IMM8(1.0),26/09/23 23:00:00,A,COMPLET,TOTAL,NR,T,SE,2000,58659,
ESTAT:MIGR_IMM8(1.0),26/09/23 23:00:00,A,COMPLET,TOTAL,NR,T,SE,2001,60795,
ESTAT:MIGR_IMM8(1.0),26/09/23 23:00:00,A,COMPLET,TOTAL,NR,T,SE,2002,64087,
ESTAT:MIGR_IMM8(1.0),26/09/23 23:00:00,A,COMPLET,TOTAL,NR,T,SE,2003,63795,
ESTAT:MIGR_IMM8(1.0),26/09/23 23:00:00,A,COMPLET,TOTAL,NR,T,SE,2004,62028,
ESTAT:MIGR_IMM8(1.0),26/09/23 23:00:00,A,COMPLET,TOTAL,NR,T,SE,2005,65229,
ESTAT:MIGR_IMM8(1.0),26/09/23 23:00:00,A,COMPLET,TOTAL,NR,T,SE,2006,95750,
ESTAT:MIGR_IMM8(1.0),26/09/23 23:00:00,A,COMPLET,TOTAL,NR,T,SE,2007,99485,
ESTAT:MIGR_IMM8(1.0),26/09/23 23:00:00,A,COMPLET,TOTAL,NR,T,SE,2008,101171,
ESTAT:MIGR_IMM8(1.0),26/09/23 23:00:00,A,COMPLET,TOTAL,NR,T,SE,2009,102280,
ESTAT:MIGR_IMM8(1.0),26/09/23 23:00:00,A,COMPLET,TOTAL,NR,T,SE,2010,98801,
ESTAT:MIGR_IMM8(1.0),26/09/23 23:00:00,A,COMPLET,TOTAL,NR,T,SE,2011,96467,
ESTAT:MIGR_IMM8(1.0),26/09/23 23:00:00,A,COMPLET,TOTAL,NR,T,SE,2012,103059,
ESTAT:MIGR_IMM8(1.0),26/09/23 23:00:00,A,COMPLET,TOTAL,NR,T,SE,2013,115845,
ESTAT:MIGR_IMM8(1.0),26/09/23 23:00:00,A,COMPLET,TOTAL,NR,T,SE,2014,126966,
ESTAT:MIGR_IMM8(1.0),26/09/23 23:00:00,A,COMPLET,TOTAL,NR,T,SE,2015,134240,
ESTAT:MIGR_IMM8(1.0),26/09/23 23:00:00,A,COMPLET,TOTAL,NR,T,SE,2016,163005,
ESTAT:MIGR_IMM8(1.0),26/09/23 23:00:00,A,COMPLET,TOTAL,NR,T,SE,2017,144489,
ESTAT:MIGR_IMM8(1.0),26/09/23 23:00:00,A,COMPLET,TOTAL,NR,T,SE,2018,132602,
ESTAT:MIGR_IMM8(1.0),26/09/23 23:00:00,A,COMPLET,TOTAL,NR,T,SE,2019,115805,
ESTAT:MIGR_IMM8(1.0),26/09/23 23:00:00,A,COMPLET,TOTAL,NR,T,SE,2020,82518,
ESTAT:MIGR_IMM8(1.0),26/09/23 23:00:00,A,COMPLET,TOTAL,NR,T,SE,2021,90631,
ESTAT:MIGR_IMM8(1.0),26/09/23 23:00:00,A,COMPLET,TOTAL,NR,T,SI,1990,7075,
ESTAT:MIGR_IMM8(1.0),26/09/23 23:00:00,A,COMPLET,TOTAL,NR,T,SI,1991,5989,
ESTAT:MIGR_IMM8(1.0),26/09/23 23:00:00,A,COMPLET,TOTAL,NR,T,SI,1992,3461,
ESTAT:MIGR_IMM8(1.0),26/09/23 23:00:00,A,COMPLET,TOTAL,NR,T,SI,1993,2745,
ESTAT:MIGR_IMM8(1.0),26/09/23 23:00:00,A,COMPLET,TOTAL,NR,T,SI,1994,1919,
ESTAT:MIGR_IMM8(1.0),26/09/23 23:00:00,A,COMPLET,TOTAL,NR,T,SI,1995,5879,
ESTAT:MIGR_IMM8(1.0),26/09/23 23:00:00,A,COMPLET,TOTAL,NR,T,SI,1996,9495,
ESTAT:MIGR_IMM8(1.0),26/09/23 23:00:00,A,COMPLET,TOTAL,NR,T,SI,1997,7889,
ESTAT:MIGR_IMM8(1.0),26/09/23 23:00:00,A,COMPLET,TOTAL,NR,T,SI,1998,4603,
ESTAT:MIGR_IMM8(1.0),26/09/23 23:00:00,A,COMPLET,TOTAL,NR,T,SI,1999,4941,
ESTAT:MIGR_IMM8(1.0),26/09/23 23:00:00,A,COMPLET,TOTAL,NR,T,SI,2000,6185,
ESTAT:MIGR_IMM8(1.0),26/09/23 23:00:00,A,COMPLET,TOTAL,NR,T,SI,2001,7803,
ESTAT:MIGR_IMM8(1.0),26/09/23 23:00:00,A,COMPLET,TOTAL,NR,T,SI,2002,9134,
ESTAT:MIGR_IMM8(1.0),26/09/23 23:00:00,A,COMPLET,TOTAL,NR,T,SI,2003,9279,
ESTAT:MIGR_IMM8(1.0),26/09/23 23:00:00,A,COMPLET,TOTAL,NR,T,SI,2004,10171,
ESTAT:MIGR_IMM8(1.0),26/09/23 23:00:00,A,COMPLET,TOTAL,NR,T,SI,2005,15041,
ESTAT:MIGR_IMM8(1.0),26/09/23 23:00:00,A,COMPLET,TOTAL,NR,T,SI,2006,20016,
ESTAT:MIGR_IMM8(1.0),26/09/23 23:00:00,A,COMPLET,TOTAL,NR,T,SI,2007,29193,
ESTAT:MIGR_IMM8(1.0),26/09/23 23:00:00,A,COMPLET,TOTAL,NR,T,SI,2008,30693,b
ESTAT:MIGR_IMM8(1.0),26/09/23 23:00:00,A,COMPLET,TOTAL,NR,T,SI,2009,30296,
ESTAT:MIGR_IMM8(1.0),26/09/23 23:00:00,A,COMPLET,TOTAL,NR,T,SI,2010,15416,
ESTAT:MIGR_IMM8(1.0),26/09/23 23:00:00,A,COMPLET,TOTAL,NR,T,SI,2011,14083,
ESTAT:MIGR_IMM8(1.0),26/09/23 23:00:00,A,COMPLET,TOTAL,NR,T,SI,2012,15022,
ESTAT:MIGR_IMM8(1.0),26/09/23 23:00:00,A,COMPLET,TOTAL,NR,T,SI,2013,13871,
ESTAT:MIGR_IMM8(1.0),26/09/23 23:00:00,A,COMPLET,TOTAL,NR,T,SI,2014,13846,
ESTAT:MIGR_IMM8(1.0),26/09/23 23:00:00,A,COMPLET,TOTAL,NR,T,SI,2015,15420,
ESTAT:MIGR_IMM8(1.0),26/09/23 23:00:00,A,COMPLET,TOTAL,NR,T,SI,2016,16623,
ESTAT:MIGR_IMM8(1.0),26/09/23 23:00:00,A,COMPLET,TOTAL,NR,T,SI,2017,18808,
ESTAT:MIGR_IMM8(1.0),26/09/23 23:00:00,A,COMPLET,TOTAL,NR,T,SI,2018,28455,
ESTAT:MIGR_IMM8(1.0),26/09/23 23:00:00,A,COMPLET,TOTAL,NR,T,SI,2019,31319,
ESTAT:MIGR_IMM8(1.0),26/09/23 23:00:00,A,COMPLET,TOTAL,NR,T,SI,2020,36110,
ESTAT:MIGR_IMM8(1.0),26/09/23 23:00:00,A,COMPLET,TOTAL,NR,T,SI,2021,23624,
ESTAT:MIGR_IMM8(1.0),26/09/23 23:00:00,A,COMPLET,TOTAL,NR,T,SK,1990,944,
ESTAT:MIGR_IMM8(1.0),26/09/23 23:00:00,A,COMPLET,TOTAL,NR,T,SK,1991,1752,
ESTAT:MIGR_IMM8(1.0),26/09/23 23:00:00,A,COMPLET,TOTAL,NR,T,SK,1992,2106,
ESTAT:MIGR_IMM8(1.0),26/09/23 23:00:00,A,COMPLET,TOTAL,NR,T,SK,1993,9106,
ESTAT:MIGR_IMM8(1.0),26/09/23 23:00:00,A,COMPLET,TOTAL,NR,T,SK,1994,4922,
ESTAT:MIGR_IMM8(1.0),26/09/23 23:00:00,A,COMPLET,TOTAL,NR,T,SK,1995,3055,
ESTAT:MIGR_IMM8(1.0),26/09/23 23:00:00,A,COMPLET,TOTAL,NR,T,SK,1996,2477,
ESTAT:MIGR_IMM8(1.0),26/09/23 23:00:00,A,COMPLET,TOTAL,NR,T,SK,1997,2303,
ESTAT:MIGR_IMM8(1.0),26/09/23 23:00:00,A,COMPLET,TOTAL,NR,T,SK,1998,2052,
ESTAT:MIGR_IMM8(1.0),26/09/23 23:00:00,A,COMPLET,TOTAL,NR,T,SK,1999,2072,
ESTAT:MIGR_IMM8(1.0),26/09/23 23:00:00,A,COMPLET,TOTAL,NR,T,SK,2000,2274,
ESTAT:MIGR_IMM8(1.0),26/09/23 23:00:00,A,COMPLET,TOTAL,NR,T,SK,2001,2023,
ESTAT:MIGR_IMM8(1.0),26/09/23 23:00:00,A,COMPLET,TOTAL,NR,T,SK,2002,2312,
ESTAT:MIGR_IMM8(1.0),26/09/23 23:00:00,A,COMPLET,TOTAL,NR,T,SK,2003,2603,
ESTAT:MIGR_IMM8(1.0),26/09/23 23:00:00,A,COMPLET,TOTAL,NR,T,SK,2004,4460,
ESTAT:MIGR_IMM8(1.0),26/09/23 23:00:00,A,COMPLET,TOTAL,NR,T,SK,2005,5276,
ESTAT:MIGR_IMM8(1.0),26/09/23 23:00:00,A,COMPLET,TOTAL,NR,T,SK,2006,5589,
ESTAT:MIGR_IMM8(1.0),26/09/23 23:00:00,A,COMPLET,TOTAL,NR,T,SK,2007,8624,
ESTAT:MIGR_IMM8(1.0),26/09/23 23:00:00,A,COMPLET,TOTAL,NR,T,SK,2008,8765,
ESTAT:MIGR_IMM8(1.0),26/09/23 23:00:00,A,COMPLET,TOTAL,NR,T,SK,2009,6346,
ESTAT:MIGR_IMM8(1.0),26/09/23 23:00:00,A,COMPLET,TOTAL,NR,T,SK,2010,5272,
ESTAT:MIGR_IMM8(1.0),26/09/23 23:00:00,A,COMPLET,TOTAL,NR,T,SK,2011,4829,
ESTAT:MIGR_IMM8(1.0),26/09/23 23:00:00,A,COMPLET,TOTAL,NR,T,SK,2012,5419,p
ESTAT:MIGR_IMM8(1.0),26/09/23 23:00:00,A,COMPLET,TOTAL,NR,T,SK,2013,5149,p
ESTAT:MIGR_IMM8(1.0),26/09/23 23:00:00,A,COMPLET,TOTAL,NR,T,SK,2014,5357,p
ESTAT:MIGR_IMM8(1.0),26/09/23 23:00:00,A,COMPLET,TOTAL,NR,T,SK,2015,6997,p
ESTAT:MIGR_IMM8(1.0),26/09/23 23:00:00,A,COMPLET,TOTAL,NR,T,SK,2016,7686,p
ESTAT:MIGR_IMM8(1.0),26/09/23 23:00:00,A,COMPLET,TOTAL,NR,T,SK,2017,7188,p
ESTAT:MIGR_IMM8(1.0),26/09/23 23:00:00,A,COMPLET,TOTAL,NR,T,SK,2018,7253,p
ESTAT:MIGR_IMM8(1.0),26/09/23 23:00:00,A,COMPLET,TOTAL,NR,T,SK,2019,7016,p
ESTAT:MIGR_IMM8(1.0),26/09/23 23:00:00,A,COMPLET,TOTAL,NR,T,SK,2020,6775,p
ESTAT:MIGR_IMM8(1.0),26/09/23 23:00:00,A,COMPLET,TOTAL,NR,T,SK,2021,5733,
ESTAT:MIGR_IMM8(1.0),26/09/23 23:00:00,A,COMPLET,TOTAL,NR,T,UK,1998,332390,
ESTAT:MIGR_IMM8(1.0),26/09/23 23:00:00,A,COMPLET,TOTAL,NR,T,UK,1999,354077,
ESTAT:MIGR_IMM8(1.0),26/09/23 23:00:00,A,COMPLET,TOTAL,NR,T,UK,2000,364367,
ESTAT:MIGR_IMM8(1.0),26/09/23 23:00:00,A,COMPLET,TOTAL,NR,T,UK,2001,372206,
ESTAT:MIGR_IMM8(1.0),26/09/23 23:00:00,A,COMPLET,TOTAL,NR,T,UK,2002,385901,
ESTAT:MIGR_IMM8(1.0),26/09/23 23:00:00,A,COMPLET,TOTAL,NR,T,UK,2003,431487,
ESTAT:MIGR_IMM8(1.0),26/09/23 23:00:00,A,COMPLET,TOTAL,NR,T,UK,2004,518097,
ESTAT:MIGR_IMM8(1.0),26/09/23 23:00:00,A,COMPLET,TOTAL,NR,T,UK,2006,529008,
ESTAT:MIGR_IMM8(1.0),26/09/23 23:00:00,A,COMPLET,TOTAL,NR,T,UK,2007,526714,
ESTAT:MIGR_IMM8(1.0),26/09/23 23:00:00,A,COMPLET,TOTAL,NR,T,UK,2008,590242,b
ESTAT:MIGR_IMM8(1.0),26/09/23 23:00:00,A,COMPLET,TOTAL,NR,T,UK,2009,566514,
ESTAT:MIGR_IMM8(1.0),26/09/23 23:00:00,A,COMPLET,TOTAL,NR,T,UK,2010,590950,
ESTAT:MIGR_IMM8(1.0),26/09/23 23:00:00,A,COMPLET,TOTAL,NR,T,UK,2011,566044,
ESTAT:MIGR_IMM8(1.0),26/09/23 23:00:00,A,COMPLET,TOTAL,NR,T,UK,2012,498040,
ESTAT:MIGR_IMM8(1.0),26/09/23 23:00:00,A,COMPLET,TOTAL,NR,T,UK,2013,526046,
ESTAT:MIGR_IMM8(1.0),26/09/23 23:00:00,A,COMPLET,TOTAL,NR,T,UK,2014,631991,
ESTAT:MIGR_IMM8(1.0),26/09/23 23:00:00,A,COMPLET,TOTAL,NR,T,UK,2015,631452,
ESTAT:MIGR_IMM8(1.0),26/09/23 23:00:00,A,COMPLET,TOTAL,NR,T,UK,2016,588993,
ESTAT:MIGR_IMM8(1.0),26/09/23 23:00:00,A,COMPLET,TOTAL,NR,T,UK,2017,644209,
ESTAT:MIGR_IMM8(1.0),26/09/23 23:00:00,A,COMPLET,TOTAL,NR,T,UK,2018,603953,p
ESTAT:MIGR_IMM8(1.0),26/09/23 23:00:00,A,COMPLET,TOTAL,NR,T,UK,2019,680906,
