DATAFLOW,LAST UPDATE,freq,na_item,ppp_cat,unit,geo,TIME_PERIOD,OBS_VALUE,OBS_FLAG
ESTAT:SDG_10_10(1.0),10/01/24 11:00:00,A,EXP_PPS_EU27_2020_HAB,GDP,PC,AL,2000,3200,
ESTAT:SDG_10_10(1.0),10/01/24 11:00:00,A,EXP_PPS_EU27_2020_HAB,GDP,PC,AL,2001,3600,
ESTAT:SDG_10_10(1.0),10/01/24 11:00:00,A,EXP_PPS_EU27_2020_HAB,GDP,PC,AL,2002,3800,
ESTAT:SDG_10_10(1.0),10/01/24 11:00:00,A,EXP_PPS_EU27_2020_HAB,GDP,PC,AL,2003,4100,
ESTAT:SDG_10_10(1.0),10/01/24 11:00:00,A,EXP_PPS_EU27_2020_HAB,GDP,PC,AL,2004,4400,
ESTAT:SDG_10_10(1.0),10/01/24 11:00:00,A,EXP_PPS_EU27_2020_HAB,GDP,PC,AL,2005,4800,
ESTAT:SDG_10_10(1.0),10/01/24 11:00:00,A,EXP_PPS_EU27_2020_HAB,GDP,PC,AL,2006,5200,
ESTAT:SDG_10_10(1.0),10/01/24 11:00:00,A,EXP_PPS_EU27_2020_HAB,GDP,PC,AL,2007,5800,
ESTAT:SDG_10_10(1.0),10/01/24 11:00:00,A,EXP_PPS_EU27_2020_HAB,GDP,PC,AL,2008,6400,
ESTAT:SDG_10_10(1.0),10/01/24 11:00:00,A,EXP_PPS_EU27_2020_HAB,GDP,PC,AL,2009,6700,
ESTAT:SDG_10_10(1.0),10/01/24 11:00:00,A,EXP_PPS_EU27_2020_HAB,GDP,PC,AL,2010,7300,
ESTAT:SDG_10_10(1.0),10/01/24 11:00:00,A,EXP_PPS_EU27_2020_HAB,GDP,PC,AL,2011,7600,
ESTAT:SDG_10_10(1.0),10/01/24 11:00:00,A,EXP_PPS_EU27_2020_HAB,GDP,PC,AL,2012,7800,
ESTAT:SDG_10_10(1.0),10/01/24 11:00:00,A,EXP_PPS_EU27_2020_HAB,GDP,PC,AL,2013,7600,
ESTAT:SDG_10_10(1.0),10/01/24 11:00:00,A,EXP_PPS_EU27_2020_HAB,GDP,PC,AL,2014,8100,
ESTAT:SDG_10_10(1.0),10/01/24 11:00:00,A,EXP_PPS_EU27_2020_HAB,GDP,PC,AL,2015,8400,
ESTAT:SDG_10_10(1.0),10/01/24 11:00:00,A,EXP_PPS_EU27_2020_HAB,GDP,PC,AL,2016,8400,
ESTAT:SDG_10_10(1.0),10/01/24 11:00:00,A,EXP_PPS_EU27_2020_HAB,GDP,PC,AL,2017,8800,
ESTAT:SDG_10_10(1.0),10/01/24 11:00:00,A,EXP_PPS_EU27_2020_HAB,GDP,PC,AL,2018,9200,
ESTAT:SDG_10_10(1.0),10/01/24 11:00:00,A,EXP_PPS_EU27_2020_HAB,GDP,PC,AL,2019,9500,
ESTAT:SDG_10_10(1.0),10/01/24 11:00:00,A,EXP_PPS_EU27_2020_HAB,GDP,PC,AL,2020,9200,
ESTAT:SDG_10_10(1.0),10/01/24 11:00:00,A,EXP_PPS_EU27_2020_HAB,GDP,PC,AL,2021,10300,
ESTAT:SDG_10_10(1.0),10/01/24 11:00:00,A,EXP_PPS_EU27_2020_HAB,GDP,PC,AL,2022,12100,
ESTAT:SDG_10_10(1.0),10/01/24 11:00:00,A,EXP_PPS_EU27_2020_HAB,GDP,PC,AT,2000,24400,
ESTAT:SDG_10_10(1.0),10/01/24 11:00:00,A,EXP_PPS_EU27_2020_HAB,GDP,PC,AT,2001,24600,
ESTAT:SDG_10_10(1.0),10/01/24 11:00:00,A,EXP_PPS_EU27_2020_HAB,GDP,PC,AT,2002,25600,
ESTAT:SDG_10_10(1.0),10/01/24 11:00:00,A,EXP_PPS_EU27_2020_HAB,GDP,PC,AT,2003,26400,
ESTAT:SDG_10_10(1.0),10/01/24 11:00:00,A,EXP_PPS_EU27_2020_HAB,GDP,PC,AT,2004,27600,
ESTAT:SDG_10_10(1.0),10/01/24 11:00:00,A,EXP_PPS_EU27_2020_HAB,GDP,PC,AT,2005,28700,
ESTAT:SDG_10_10(1.0),10/01/24 11:00:00,A,EXP_PPS_EU27_2020_HAB,GDP,PC,AT,2006,29900,
ESTAT:SDG_10_10(1.0),10/01/24 11:00:00,A,EXP_PPS_EU27_2020_HAB,GDP,PC,AT,2007,31100,
ESTAT:SDG_10_10(1.0),10/01/24 11:00:00,A,EXP_PPS_EU27_2020_HAB,GDP,PC,AT,2008,32100,
ESTAT:SDG_10_10(1.0),10/01/24 11:00:00,A,EXP_PPS_EU27_2020_HAB,GDP,PC,AT,2009,30900,
ESTAT:SDG_10_10(1.0),10/01/24 11:00:00,A,EXP_PPS_EU27_2020_HAB,GDP,PC,AT,2010,31800,
ESTAT:SDG_10_10(1.0),10/01/24 11:00:00,A,EXP_PPS_EU27_2020_HAB,GDP,PC,AT,2011,33100,
ESTAT:SDG_10_10(1.0),10/01/24 11:00:00,A,EXP_PPS_EU27_2020_HAB,GDP,PC,AT,2012,34300,
ESTAT:SDG_10_10(1.0),10/01/24 11:00:00,A,EXP_PPS_EU27_2020_HAB,GDP,PC,AT,2013,34600,
ESTAT:SDG_10_10(1.0),10/01/24 11:00:00,A,EXP_PPS_EU27_2020_HAB,GDP,PC,AT,2014,35000,
ESTAT:SDG_10_10(1.0),10/01/24 11:00:00,A,EXP_PPS_EU27_2020_HAB,GDP,PC,AT,2015,35900,
ESTAT:SDG_10_10(1.0),10/01/24 11:00:00,A,EXP_PPS_EU27_2020_HAB,GDP,PC,AT,2016,36600,
ESTAT:SDG_10_10(1.0),10/01/24 11:00:00,A,EXP_PPS_EU27_2020_HAB,GDP,PC,AT,2017,37200,
ESTAT:SDG_10_10(1.0),10/01/24 11:00:00,A,EXP_PPS_EU27_2020_HAB,GDP,PC,AT,2018,38600,
ESTAT:SDG_10_10(1.0),10/01/24 11:00:00,A,EXP_PPS_EU27_2020_HAB,GDP,PC,AT,2019,39400,
ESTAT:SDG_10_10(1.0),10/01/24 11:00:00,A,EXP_PPS_EU27_2020_HAB,GDP,PC,AT,2020,37400,
ESTAT:SDG_10_10(1.0),10/01/24 11:00:00,A,EXP_PPS_EU27_2020_HAB,GDP,PC,AT,2021,40000,
ESTAT:SDG_10_10(1.0),10/01/24 11:00:00,A,EXP_PPS_EU27_2020_HAB,GDP,PC,AT,2022,44000,
ESTAT:SDG_10_10(1.0),10/01/24 11:00:00,A,EXP_PPS_EU27_2020_HAB,GDP,PC,BA,2005,5600,
ESTAT:SDG_10_10(1.0),10/01/24 11:00:00,A,EXP_PPS_EU27_2020_HAB,GDP,PC,BA,2006,6300,
ESTAT:SDG_10_10(1.0),10/01/24 11:00:00,A,EXP_PPS_EU27_2020_HAB,GDP,PC,BA,2007,6900,
ESTAT:SDG_10_10(1.0),10/01/24 11:00:00,A,EXP_PPS_EU27_2020_HAB,GDP,PC,BA,2008,7400,
ESTAT:SDG_10_10(1.0),10/01/24 11:00:00,A,EXP_PPS_EU27_2020_HAB,GDP,PC,BA,2009,7200,
ESTAT:SDG_10_10(1.0),10/01/24 11:00:00,A,EXP_PPS_EU27_2020_HAB,GDP,PC,BA,2010,7400,
ESTAT:SDG_10_10(1.0),10/01/24 11:00:00,A,EXP_PPS_EU27_2020_HAB,GDP,PC,BA,2011,7700,
ESTAT:SDG_10_10(1.0),10/01/24 11:00:00,A,EXP_PPS_EU27_2020_HAB,GDP,PC,BA,2012,7800,
ESTAT:SDG_10_10(1.0),10/01/24 11:00:00,A,EXP_PPS_EU27_2020_HAB,GDP,PC,BA,2013,8000,
ESTAT:SDG_10_10(1.0),10/01/24 11:00:00,A,EXP_PPS_EU27_2020_HAB,GDP,PC,BA,2014,8100,
ESTAT:SDG_10_10(1.0),10/01/24 11:00:00,A,EXP_PPS_EU27_2020_HAB,GDP,PC,BA,2015,8500,
ESTAT:SDG_10_10(1.0),10/01/24 11:00:00,A,EXP_PPS_EU27_2020_HAB,GDP,PC,BA,2016,8900,
ESTAT:SDG_10_10(1.0),10/01/24 11:00:00,A,EXP_PPS_EU27_2020_HAB,GDP,PC,BA,2017,9200,
ESTAT:SDG_10_10(1.0),10/01/24 11:00:00,A,EXP_PPS_EU27_2020_HAB,GDP,PC,BA,2018,9800,
ESTAT:SDG_10_10(1.0),10/01/24 11:00:00,A,EXP_PPS_EU27_2020_HAB,GDP,PC,BA,2019,10200,
ESTAT:SDG_10_10(1.0),10/01/24 11:00:00,A,EXP_PPS_EU27_2020_HAB,GDP,PC,BA,2020,9900,
ESTAT:SDG_10_10(1.0),10/01/24 11:00:00,A,EXP_PPS_EU27_2020_HAB,GDP,PC,BA,2021,11000,
ESTAT:SDG_10_10(1.0),10/01/24 11:00:00,A,EXP_PPS_EU27_2020_HAB,GDP,PC,BA,2022,12300,
ESTAT:SDG_10_10(1.0),10/01/24 11:00:00,A,EXP_PPS_EU27_2020_HAB,GDP,PC,BE,2000,23100,
ESTAT:SDG_10_10(1.0),10/01/24 11:00:00,A,EXP_PPS_EU27_2020_HAB,GDP,PC,BE,2001,23800,
ESTAT:SDG_10_10(1.0),10/01/24 11:00:00,A,EXP_PPS_EU27_2020_HAB,GDP,PC,BE,2002,24800,
ESTAT:SDG_10_10(1.0),10/01/24 11:00:00,A,EXP_PPS_EU27_2020_HAB,GDP,PC,BE,2003,25400,
ESTAT:SDG_10_10(1.0),10/01/24 11:00:00,A,EXP_PPS_EU27_2020_HAB,GDP,PC,BE,2004,26200,
ESTAT:SDG_10_10(1.0),10/01/24 11:00:00,A,EXP_PPS_EU27_2020_HAB,GDP,PC,BE,2005,27200,
ESTAT:SDG_10_10(1.0),10/01/24 11:00:00,A,EXP_PPS_EU27_2020_HAB,GDP,PC,BE,2006,28000,
ESTAT:SDG_10_10(1.0),10/01/24 11:00:00,A,EXP_PPS_EU27_2020_HAB,GDP,PC,BE,2007,29000,
ESTAT:SDG_10_10(1.0),10/01/24 11:00:00,A,EXP_PPS_EU27_2020_HAB,GDP,PC,BE,2008,29400,
ESTAT:SDG_10_10(1.0),10/01/24 11:00:00,A,EXP_PPS_EU27_2020_HAB,GDP,PC,BE,2009,28500,
ESTAT:SDG_10_10(1.0),10/01/24 11:00:00,A,EXP_PPS_EU27_2020_HAB,GDP,PC,BE,2010,30100,
ESTAT:SDG_10_10(1.0),10/01/24 11:00:00,A,EXP_PPS_EU27_2020_HAB,GDP,PC,BE,2011,30500,
ESTAT:SDG_10_10(1.0),10/01/24 11:00:00,A,EXP_PPS_EU27_2020_HAB,GDP,PC,BE,2012,31200,
ESTAT:SDG_10_10(1.0),10/01/24 11:00:00,A,EXP_PPS_EU27_2020_HAB,GDP,PC,BE,2013,31500,
ESTAT:SDG_10_10(1.0),10/01/24 11:00:00,A,EXP_PPS_EU27_2020_HAB,GDP,PC,BE,2014,32200,
ESTAT:SDG_10_10(1.0),10/01/24 11:00:00,A,EXP_PPS_EU27_2020_HAB,GDP,PC,BE,2015,33200,
ESTAT:SDG_10_10(1.0),10/01/24 11:00:00,A,EXP_PPS_EU27_2020_HAB,GDP,PC,BE,2016,33800,
ESTAT:SDG_10_10(1.0),10/01/24 11:00:00,A,EXP_PPS_EU27_2020_HAB,GDP,PC,BE,2017,34600,
ESTAT:SDG_10_10(1.0),10/01/24 11:00:00,A,EXP_PPS_EU27_2020_HAB,GDP,PC,BE,2018,35600,
ESTAT:SDG_10_10(1.0),10/01/24 11:00:00,A,EXP_PPS_EU27_2020_HAB,GDP,PC,BE,2019,36800,
ESTAT:SDG_10_10(1.0),10/01/24 11:00:00,A,EXP_PPS_EU27_2020_HAB,GDP,PC,BE,2020,35600,
ESTAT:SDG_10_10(1.0),10/01/24 11:00:00,A,EXP_PPS_EU27_2020_HAB,GDP,PC,BE,2021,39100,
ESTAT:SDG_10_10(1.0),10/01/24 11:00:00,A,EXP_PPS_EU27_2020_HAB,GDP,PC,BE,2022,42400,
ESTAT:SDG_10_10(1.0),10/01/24 11:00:00,A,EXP_PPS_EU27_2020_HAB,GDP,PC,BG,2000,5300,
ESTAT:SDG_10_10(1.0),10/01/24 11:00:00,A,EXP_PPS_EU27_2020_HAB,GDP,PC,BG,2001,5800,
ESTAT:SDG_10_10(1.0),10/01/24 11:00:00,A,EXP_PPS_EU27_2020_HAB,GDP,PC,BG,2002,6400,
ESTAT:SDG_10_10(1.0),10/01/24 11:00:00,A,EXP_PPS_EU27_2020_HAB,GDP,PC,BG,2003,6900,
ESTAT:SDG_10_10(1.0),10/01/24 11:00:00,A,EXP_PPS_EU27_2020_HAB,GDP,PC,BG,2004,7500,
ESTAT:SDG_10_10(1.0),10/01/24 11:00:00,A,EXP_PPS_EU27_2020_HAB,GDP,PC,BG,2005,8300,
ESTAT:SDG_10_10(1.0),10/01/24 11:00:00,A,EXP_PPS_EU27_2020_HAB,GDP,PC,BG,2006,9000,
ESTAT:SDG_10_10(1.0),10/01/24 11:00:00,A,EXP_PPS_EU27_2020_HAB,GDP,PC,BG,2007,10000,
ESTAT:SDG_10_10(1.0),10/01/24 11:00:00,A,EXP_PPS_EU27_2020_HAB,GDP,PC,BG,2008,10900,
ESTAT:SDG_10_10(1.0),10/01/24 11:00:00,A,EXP_PPS_EU27_2020_HAB,GDP,PC,BG,2009,10500,
ESTAT:SDG_10_10(1.0),10/01/24 11:00:00,A,EXP_PPS_EU27_2020_HAB,GDP,PC,BG,2010,11100,
ESTAT:SDG_10_10(1.0),10/01/24 11:00:00,A,EXP_PPS_EU27_2020_HAB,GDP,PC,BG,2011,11700,
ESTAT:SDG_10_10(1.0),10/01/24 11:00:00,A,EXP_PPS_EU27_2020_HAB,GDP,PC,BG,2012,12100,
ESTAT:SDG_10_10(1.0),10/01/24 11:00:00,A,EXP_PPS_EU27_2020_HAB,GDP,PC,BG,2013,12000,
ESTAT:SDG_10_10(1.0),10/01/24 11:00:00,A,EXP_PPS_EU27_2020_HAB,GDP,PC,BG,2014,12600,
ESTAT:SDG_10_10(1.0),10/01/24 11:00:00,A,EXP_PPS_EU27_2020_HAB,GDP,PC,BG,2015,13200,
ESTAT:SDG_10_10(1.0),10/01/24 11:00:00,A,EXP_PPS_EU27_2020_HAB,GDP,PC,BG,2016,13900,
ESTAT:SDG_10_10(1.0),10/01/24 11:00:00,A,EXP_PPS_EU27_2020_HAB,GDP,PC,BG,2017,14700,
ESTAT:SDG_10_10(1.0),10/01/24 11:00:00,A,EXP_PPS_EU27_2020_HAB,GDP,PC,BG,2018,15600,
ESTAT:SDG_10_10(1.0),10/01/24 11:00:00,A,EXP_PPS_EU27_2020_HAB,GDP,PC,BG,2019,16600,
ESTAT:SDG_10_10(1.0),10/01/24 11:00:00,A,EXP_PPS_EU27_2020_HAB,GDP,PC,BG,2020,16400,
ESTAT:SDG_10_10(1.0),10/01/24 11:00:00,A,EXP_PPS_EU27_2020_HAB,GDP,PC,BG,2021,18500,
ESTAT:SDG_10_10(1.0),10/01/24 11:00:00,A,EXP_PPS_EU27_2020_HAB,GDP,PC,BG,2022,22000,
ESTAT:SDG_10_10(1.0),10/01/24 11:00:00,A,EXP_PPS_EU27_2020_HAB,GDP,PC,CH,2000,30200,
ESTAT:SDG_10_10(1.0),10/01/24 11:00:00,A,EXP_PPS_EU27_2020_HAB,GDP,PC,CH,2001,31000,
ESTAT:SDG_10_10(1.0),10/01/24 11:00:00,A,EXP_PPS_EU27_2020_HAB,GDP,PC,CH,2002,31500,
ESTAT:SDG_10_10(1.0),10/01/24 11:00:00,A,EXP_PPS_EU27_2020_HAB,GDP,PC,CH,2003,31600,
ESTAT:SDG_10_10(1.0),10/01/24 11:00:00,A,EXP_PPS_EU27_2020_HAB,GDP,PC,CH,2004,32600,
ESTAT:SDG_10_10(1.0),10/01/24 11:00:00,A,EXP_PPS_EU27_2020_HAB,GDP,PC,CH,2005,33800,
ESTAT:SDG_10_10(1.0),10/01/24 11:00:00,A,EXP_PPS_EU27_2020_HAB,GDP,PC,CH,2006,36500,
ESTAT:SDG_10_10(1.0),10/01/24 11:00:00,A,EXP_PPS_EU27_2020_HAB,GDP,PC,CH,2007,39900,
ESTAT:SDG_10_10(1.0),10/01/24 11:00:00,A,EXP_PPS_EU27_2020_HAB,GDP,PC,CH,2008,41500,
ESTAT:SDG_10_10(1.0),10/01/24 11:00:00,A,EXP_PPS_EU27_2020_HAB,GDP,PC,CH,2009,39800,
ESTAT:SDG_10_10(1.0),10/01/24 11:00:00,A,EXP_PPS_EU27_2020_HAB,GDP,PC,CH,2010,41100,
ESTAT:SDG_10_10(1.0),10/01/24 11:00:00,A,EXP_PPS_EU27_2020_HAB,GDP,PC,CH,2011,42800,
ESTAT:SDG_10_10(1.0),10/01/24 11:00:00,A,EXP_PPS_EU27_2020_HAB,GDP,PC,CH,2012,43900,
ESTAT:SDG_10_10(1.0),10/01/24 11:00:00,A,EXP_PPS_EU27_2020_HAB,GDP,PC,CH,2013,44500,
ESTAT:SDG_10_10(1.0),10/01/24 11:00:00,A,EXP_PPS_EU27_2020_HAB,GDP,PC,CH,2014,45400,
ESTAT:SDG_10_10(1.0),10/01/24 11:00:00,A,EXP_PPS_EU27_2020_HAB,GDP,PC,CH,2015,46900,
ESTAT:SDG_10_10(1.0),10/01/24 11:00:00,A,EXP_PPS_EU27_2020_HAB,GDP,PC,CH,2016,46800,
ESTAT:SDG_10_10(1.0),10/01/24 11:00:00,A,EXP_PPS_EU27_2020_HAB,GDP,PC,CH,2017,46800,
ESTAT:SDG_10_10(1.0),10/01/24 11:00:00,A,EXP_PPS_EU27_2020_HAB,GDP,PC,CH,2018,47900,
ESTAT:SDG_10_10(1.0),10/01/24 11:00:00,A,EXP_PPS_EU27_2020_HAB,GDP,PC,CH,2019,47900,
ESTAT:SDG_10_10(1.0),10/01/24 11:00:00,A,EXP_PPS_EU27_2020_HAB,GDP,PC,CH,2020,46600,
ESTAT:SDG_10_10(1.0),10/01/24 11:00:00,A,EXP_PPS_EU27_2020_HAB,GDP,PC,CH,2021,51500,
ESTAT:SDG_10_10(1.0),10/01/24 11:00:00,A,EXP_PPS_EU27_2020_HAB,GDP,PC,CH,2022,56300,
ESTAT:SDG_10_10(1.0),10/01/24 11:00:00,A,EXP_PPS_EU27_2020_HAB,GDP,PC,CY,2000,17700,
ESTAT:SDG_10_10(1.0),10/01/24 11:00:00,A,EXP_PPS_EU27_2020_HAB,GDP,PC,CY,2001,18900,
ESTAT:SDG_10_10(1.0),10/01/24 11:00:00,A,EXP_PPS_EU27_2020_HAB,GDP,PC,CY,2002,19300,
ESTAT:SDG_10_10(1.0),10/01/24 11:00:00,A,EXP_PPS_EU27_2020_HAB,GDP,PC,CY,2003,19900,
ESTAT:SDG_10_10(1.0),10/01/24 11:00:00,A,EXP_PPS_EU27_2020_HAB,GDP,PC,CY,2004,21200,
ESTAT:SDG_10_10(1.0),10/01/24 11:00:00,A,EXP_PPS_EU27_2020_HAB,GDP,PC,CY,2005,22700,
ESTAT:SDG_10_10(1.0),10/01/24 11:00:00,A,EXP_PPS_EU27_2020_HAB,GDP,PC,CY,2006,23900,
ESTAT:SDG_10_10(1.0),10/01/24 11:00:00,A,EXP_PPS_EU27_2020_HAB,GDP,PC,CY,2007,26000,
ESTAT:SDG_10_10(1.0),10/01/24 11:00:00,A,EXP_PPS_EU27_2020_HAB,GDP,PC,CY,2008,27000,
ESTAT:SDG_10_10(1.0),10/01/24 11:00:00,A,EXP_PPS_EU27_2020_HAB,GDP,PC,CY,2009,25600,
ESTAT:SDG_10_10(1.0),10/01/24 11:00:00,A,EXP_PPS_EU27_2020_HAB,GDP,PC,CY,2010,25400,
ESTAT:SDG_10_10(1.0),10/01/24 11:00:00,A,EXP_PPS_EU27_2020_HAB,GDP,PC,CY,2011,24900,
ESTAT:SDG_10_10(1.0),10/01/24 11:00:00,A,EXP_PPS_EU27_2020_HAB,GDP,PC,CY,2012,23600,
ESTAT:SDG_10_10(1.0),10/01/24 11:00:00,A,EXP_PPS_EU27_2020_HAB,GDP,PC,CY,2013,22000,
ESTAT:SDG_10_10(1.0),10/01/24 11:00:00,A,EXP_PPS_EU27_2020_HAB,GDP,PC,CY,2014,21600,
ESTAT:SDG_10_10(1.0),10/01/24 11:00:00,A,EXP_PPS_EU27_2020_HAB,GDP,PC,CY,2015,22900,
ESTAT:SDG_10_10(1.0),10/01/24 11:00:00,A,EXP_PPS_EU27_2020_HAB,GDP,PC,CY,2016,24900,
ESTAT:SDG_10_10(1.0),10/01/24 11:00:00,A,EXP_PPS_EU27_2020_HAB,GDP,PC,CY,2017,26400,
ESTAT:SDG_10_10(1.0),10/01/24 11:00:00,A,EXP_PPS_EU27_2020_HAB,GDP,PC,CY,2018,27600,
ESTAT:SDG_10_10(1.0),10/01/24 11:00:00,A,EXP_PPS_EU27_2020_HAB,GDP,PC,CY,2019,29100,
ESTAT:SDG_10_10(1.0),10/01/24 11:00:00,A,EXP_PPS_EU27_2020_HAB,GDP,PC,CY,2020,27300,
ESTAT:SDG_10_10(1.0),10/01/24 11:00:00,A,EXP_PPS_EU27_2020_HAB,GDP,PC,CY,2021,30600,
ESTAT:SDG_10_10(1.0),10/01/24 11:00:00,A,EXP_PPS_EU27_2020_HAB,GDP,PC,CY,2022,33400,
ESTAT:SDG_10_10(1.0),10/01/24 11:00:00,A,EXP_PPS_EU27_2020_HAB,GDP,PC,CZ,2000,13500,
ESTAT:SDG_10_10(1.0),10/01/24 11:00:00,A,EXP_PPS_EU27_2020_HAB,GDP,PC,CZ,2001,14600,
ESTAT:SDG_10_10(1.0),10/01/24 11:00:00,A,EXP_PPS_EU27_2020_HAB,GDP,PC,CZ,2002,15000,
ESTAT:SDG_10_10(1.0),10/01/24 11:00:00,A,EXP_PPS_EU27_2020_HAB,GDP,PC,CZ,2003,16000,
ESTAT:SDG_10_10(1.0),10/01/24 11:00:00,A,EXP_PPS_EU27_2020_HAB,GDP,PC,CZ,2004,17100,
ESTAT:SDG_10_10(1.0),10/01/24 11:00:00,A,EXP_PPS_EU27_2020_HAB,GDP,PC,CZ,2005,18100,
ESTAT:SDG_10_10(1.0),10/01/24 11:00:00,A,EXP_PPS_EU27_2020_HAB,GDP,PC,CZ,2006,19000,
ESTAT:SDG_10_10(1.0),10/01/24 11:00:00,A,EXP_PPS_EU27_2020_HAB,GDP,PC,CZ,2007,20700,
ESTAT:SDG_10_10(1.0),10/01/24 11:00:00,A,EXP_PPS_EU27_2020_HAB,GDP,PC,CZ,2008,21600,
ESTAT:SDG_10_10(1.0),10/01/24 11:00:00,A,EXP_PPS_EU27_2020_HAB,GDP,PC,CZ,2009,20900,
ESTAT:SDG_10_10(1.0),10/01/24 11:00:00,A,EXP_PPS_EU27_2020_HAB,GDP,PC,CZ,2010,21000,
ESTAT:SDG_10_10(1.0),10/01/24 11:00:00,A,EXP_PPS_EU27_2020_HAB,GDP,PC,CZ,2011,21600,
ESTAT:SDG_10_10(1.0),10/01/24 11:00:00,A,EXP_PPS_EU27_2020_HAB,GDP,PC,CZ,2012,21600,
ESTAT:SDG_10_10(1.0),10/01/24 11:00:00,A,EXP_PPS_EU27_2020_HAB,GDP,PC,CZ,2013,22200,
ESTAT:SDG_10_10(1.0),10/01/24 11:00:00,A,EXP_PPS_EU27_2020_HAB,GDP,PC,CZ,2014,23300,
ESTAT:SDG_10_10(1.0),10/01/24 11:00:00,A,EXP_PPS_EU27_2020_HAB,GDP,PC,CZ,2015,24400,
ESTAT:SDG_10_10(1.0),10/01/24 11:00:00,A,EXP_PPS_EU27_2020_HAB,GDP,PC,CZ,2016,25100,
ESTAT:SDG_10_10(1.0),10/01/24 11:00:00,A,EXP_PPS_EU27_2020_HAB,GDP,PC,CZ,2017,26700,
ESTAT:SDG_10_10(1.0),10/01/24 11:00:00,A,EXP_PPS_EU27_2020_HAB,GDP,PC,CZ,2018,27900,
ESTAT:SDG_10_10(1.0),10/01/24 11:00:00,A,EXP_PPS_EU27_2020_HAB,GDP,PC,CZ,2019,29200,
ESTAT:SDG_10_10(1.0),10/01/24 11:00:00,A,EXP_PPS_EU27_2020_HAB,GDP,PC,CZ,2020,28100,
ESTAT:SDG_10_10(1.0),10/01/24 11:00:00,A,EXP_PPS_EU27_2020_HAB,GDP,PC,CZ,2021,30000,
ESTAT:SDG_10_10(1.0),10/01/24 11:00:00,A,EXP_PPS_EU27_2020_HAB,GDP,PC,CZ,2022,32000,
ESTAT:SDG_10_10(1.0),10/01/24 11:00:00,A,EXP_PPS_EU27_2020_HAB,GDP,PC,DE,2000,22800,
ESTAT:SDG_10_10(1.0),10/01/24 11:00:00,A,EXP_PPS_EU27_2020_HAB,GDP,PC,DE,2001,23700,
ESTAT:SDG_10_10(1.0),10/01/24 11:00:00,A,EXP_PPS_EU27_2020_HAB,GDP,PC,DE,2002,24200,
ESTAT:SDG_10_10(1.0),10/01/24 11:00:00,A,EXP_PPS_EU27_2020_HAB,GDP,PC,DE,2003,24800,
ESTAT:SDG_10_10(1.0),10/01/24 11:00:00,A,EXP_PPS_EU27_2020_HAB,GDP,PC,DE,2004,25900,
ESTAT:SDG_10_10(1.0),10/01/24 11:00:00,A,EXP_PPS_EU27_2020_HAB,GDP,PC,DE,2005,26400,
ESTAT:SDG_10_10(1.0),10/01/24 11:00:00,A,EXP_PPS_EU27_2020_HAB,GDP,PC,DE,2006,27600,
ESTAT:SDG_10_10(1.0),10/01/24 11:00:00,A,EXP_PPS_EU27_2020_HAB,GDP,PC,DE,2007,29100,
ESTAT:SDG_10_10(1.0),10/01/24 11:00:00,A,EXP_PPS_EU27_2020_HAB,GDP,PC,DE,2008,29800,
ESTAT:SDG_10_10(1.0),10/01/24 11:00:00,A,EXP_PPS_EU27_2020_HAB,GDP,PC,DE,2009,28300,
ESTAT:SDG_10_10(1.0),10/01/24 11:00:00,A,EXP_PPS_EU27_2020_HAB,GDP,PC,DE,2010,30000,
ESTAT:SDG_10_10(1.0),10/01/24 11:00:00,A,EXP_PPS_EU27_2020_HAB,GDP,PC,DE,2011,31700,
ESTAT:SDG_10_10(1.0),10/01/24 11:00:00,A,EXP_PPS_EU27_2020_HAB,GDP,PC,DE,2012,32000,
ESTAT:SDG_10_10(1.0),10/01/24 11:00:00,A,EXP_PPS_EU27_2020_HAB,GDP,PC,DE,2013,32500,
ESTAT:SDG_10_10(1.0),10/01/24 11:00:00,A,EXP_PPS_EU27_2020_HAB,GDP,PC,DE,2014,33700,
ESTAT:SDG_10_10(1.0),10/01/24 11:00:00,A,EXP_PPS_EU27_2020_HAB,GDP,PC,DE,2015,34200,
ESTAT:SDG_10_10(1.0),10/01/24 11:00:00,A,EXP_PPS_EU27_2020_HAB,GDP,PC,DE,2016,35100,
ESTAT:SDG_10_10(1.0),10/01/24 11:00:00,A,EXP_PPS_EU27_2020_HAB,GDP,PC,DE,2017,36500,
ESTAT:SDG_10_10(1.0),10/01/24 11:00:00,A,EXP_PPS_EU27_2020_HAB,GDP,PC,DE,2018,37400,
ESTAT:SDG_10_10(1.0),10/01/24 11:00:00,A,EXP_PPS_EU27_2020_HAB,GDP,PC,DE,2019,37900,
ESTAT:SDG_10_10(1.0),10/01/24 11:00:00,A,EXP_PPS_EU27_2020_HAB,GDP,PC,DE,2020,37000,
ESTAT:SDG_10_10(1.0),10/01/24 11:00:00,A,EXP_PPS_EU27_2020_HAB,GDP,PC,DE,2021,39100,
ESTAT:SDG_10_10(1.0),10/01/24 11:00:00,A,EXP_PPS_EU27_2020_HAB,GDP,PC,DE,2022,41300,
ESTAT:SDG_10_10(1.0),10/01/24 11:00:00,A,EXP_PPS_EU27_2020_HAB,GDP,PC,DK,2000,23800,
ESTAT:SDG_10_10(1.0),10/01/24 11:00:00,A,EXP_PPS_EU27_2020_HAB,GDP,PC,DK,2001,24400,
ESTAT:SDG_10_10(1.0),10/01/24 11:00:00,A,EXP_PPS_EU27_2020_HAB,GDP,PC,DK,2002,25100,
ESTAT:SDG_10_10(1.0),10/01/24 11:00:00,A,EXP_PPS_EU27_2020_HAB,GDP,PC,DK,2003,25300,
ESTAT:SDG_10_10(1.0),10/01/24 11:00:00,A,EXP_PPS_EU27_2020_HAB,GDP,PC,DK,2004,26900,
ESTAT:SDG_10_10(1.0),10/01/24 11:00:00,A,EXP_PPS_EU27_2020_HAB,GDP,PC,DK,2005,28000,
ESTAT:SDG_10_10(1.0),10/01/24 11:00:00,A,EXP_PPS_EU27_2020_HAB,GDP,PC,DK,2006,29700,
ESTAT:SDG_10_10(1.0),10/01/24 11:00:00,A,EXP_PPS_EU27_2020_HAB,GDP,PC,DK,2007,30800,
ESTAT:SDG_10_10(1.0),10/01/24 11:00:00,A,EXP_PPS_EU27_2020_HAB,GDP,PC,DK,2008,32000,
ESTAT:SDG_10_10(1.0),10/01/24 11:00:00,A,EXP_PPS_EU27_2020_HAB,GDP,PC,DK,2009,30500,
ESTAT:SDG_10_10(1.0),10/01/24 11:00:00,A,EXP_PPS_EU27_2020_HAB,GDP,PC,DK,2010,32500,
ESTAT:SDG_10_10(1.0),10/01/24 11:00:00,A,EXP_PPS_EU27_2020_HAB,GDP,PC,DK,2011,33100,
ESTAT:SDG_10_10(1.0),10/01/24 11:00:00,A,EXP_PPS_EU27_2020_HAB,GDP,PC,DK,2012,33100,
ESTAT:SDG_10_10(1.0),10/01/24 11:00:00,A,EXP_PPS_EU27_2020_HAB,GDP,PC,DK,2013,33700,
ESTAT:SDG_10_10(1.0),10/01/24 11:00:00,A,EXP_PPS_EU27_2020_HAB,GDP,PC,DK,2014,34300,
ESTAT:SDG_10_10(1.0),10/01/24 11:00:00,A,EXP_PPS_EU27_2020_HAB,GDP,PC,DK,2015,35300,
ESTAT:SDG_10_10(1.0),10/01/24 11:00:00,A,EXP_PPS_EU27_2020_HAB,GDP,PC,DK,2016,36100,
ESTAT:SDG_10_10(1.0),10/01/24 11:00:00,A,EXP_PPS_EU27_2020_HAB,GDP,PC,DK,2017,38000,
ESTAT:SDG_10_10(1.0),10/01/24 11:00:00,A,EXP_PPS_EU27_2020_HAB,GDP,PC,DK,2018,39000,
ESTAT:SDG_10_10(1.0),10/01/24 11:00:00,A,EXP_PPS_EU27_2020_HAB,GDP,PC,DK,2019,39500,
ESTAT:SDG_10_10(1.0),10/01/24 11:00:00,A,EXP_PPS_EU27_2020_HAB,GDP,PC,DK,2020,40000,
ESTAT:SDG_10_10(1.0),10/01/24 11:00:00,A,EXP_PPS_EU27_2020_HAB,GDP,PC,DK,2021,44100,
ESTAT:SDG_10_10(1.0),10/01/24 11:00:00,A,EXP_PPS_EU27_2020_HAB,GDP,PC,DK,2022,48400,
ESTAT:SDG_10_10(1.0),10/01/24 11:00:00,A,EXP_PPS_EU27_2020_HAB,GDP,PC,EE,2000,7800,
ESTAT:SDG_10_10(1.0),10/01/24 11:00:00,A,EXP_PPS_EU27_2020_HAB,GDP,PC,EE,2001,8500,
ESTAT:SDG_10_10(1.0),10/01/24 11:00:00,A,EXP_PPS_EU27_2020_HAB,GDP,PC,EE,2002,9500,
ESTAT:SDG_10_10(1.0),10/01/24 11:00:00,A,EXP_PPS_EU27_2020_HAB,GDP,PC,EE,2003,10700,
ESTAT:SDG_10_10(1.0),10/01/24 11:00:00,A,EXP_PPS_EU27_2020_HAB,GDP,PC,EE,2004,11800,
ESTAT:SDG_10_10(1.0),10/01/24 11:00:00,A,EXP_PPS_EU27_2020_HAB,GDP,PC,EE,2005,13600,
ESTAT:SDG_10_10(1.0),10/01/24 11:00:00,A,EXP_PPS_EU27_2020_HAB,GDP,PC,EE,2006,15300,
ESTAT:SDG_10_10(1.0),10/01/24 11:00:00,A,EXP_PPS_EU27_2020_HAB,GDP,PC,EE,2007,17500,
ESTAT:SDG_10_10(1.0),10/01/24 11:00:00,A,EXP_PPS_EU27_2020_HAB,GDP,PC,EE,2008,17700,
ESTAT:SDG_10_10(1.0),10/01/24 11:00:00,A,EXP_PPS_EU27_2020_HAB,GDP,PC,EE,2009,15400,
ESTAT:SDG_10_10(1.0),10/01/24 11:00:00,A,EXP_PPS_EU27_2020_HAB,GDP,PC,EE,2010,16300,
ESTAT:SDG_10_10(1.0),10/01/24 11:00:00,A,EXP_PPS_EU27_2020_HAB,GDP,PC,EE,2011,18300,
ESTAT:SDG_10_10(1.0),10/01/24 11:00:00,A,EXP_PPS_EU27_2020_HAB,GDP,PC,EE,2012,19200,
ESTAT:SDG_10_10(1.0),10/01/24 11:00:00,A,EXP_PPS_EU27_2020_HAB,GDP,PC,EE,2013,19800,
ESTAT:SDG_10_10(1.0),10/01/24 11:00:00,A,EXP_PPS_EU27_2020_HAB,GDP,PC,EE,2014,20700,
ESTAT:SDG_10_10(1.0),10/01/24 11:00:00,A,EXP_PPS_EU27_2020_HAB,GDP,PC,EE,2015,21000,
ESTAT:SDG_10_10(1.0),10/01/24 11:00:00,A,EXP_PPS_EU27_2020_HAB,GDP,PC,EE,2016,21700,
ESTAT:SDG_10_10(1.0),10/01/24 11:00:00,A,EXP_PPS_EU27_2020_HAB,GDP,PC,EE,2017,23300,
ESTAT:SDG_10_10(1.0),10/01/24 11:00:00,A,EXP_PPS_EU27_2020_HAB,GDP,PC,EE,2018,24700,
ESTAT:SDG_10_10(1.0),10/01/24 11:00:00,A,EXP_PPS_EU27_2020_HAB,GDP,PC,EE,2019,25900,
ESTAT:SDG_10_10(1.0),10/01/24 11:00:00,A,EXP_PPS_EU27_2020_HAB,GDP,PC,EE,2020,25600,
ESTAT:SDG_10_10(1.0),10/01/24 11:00:00,A,EXP_PPS_EU27_2020_HAB,GDP,PC,EE,2021,28200,
ESTAT:SDG_10_10(1.0),10/01/24 11:00:00,A,EXP_PPS_EU27_2020_HAB,GDP,PC,EE,2022,30100,
ESTAT:SDG_10_10(1.0),10/01/24 11:00:00,A,EXP_PPS_EU27_2020_HAB,GDP,PC,EL,2000,16200,
ESTAT:SDG_10_10(1.0),10/01/24 11:00:00,A,EXP_PPS_EU27_2020_HAB,GDP,PC,EL,2001,17300,
ESTAT:SDG_10_10(1.0),10/01/24 11:00:00,A,EXP_PPS_EU27_2020_HAB,GDP,PC,EL,2002,18500,
ESTAT:SDG_10_10(1.0),10/01/24 11:00:00,A,EXP_PPS_EU27_2020_HAB,GDP,PC,EL,2003,19600,
ESTAT:SDG_10_10(1.0),10/01/24 11:00:00,A,EXP_PPS_EU27_2020_HAB,GDP,PC,EL,2004,20800,
ESTAT:SDG_10_10(1.0),10/01/24 11:00:00,A,EXP_PPS_EU27_2020_HAB,GDP,PC,EL,2005,20900,
ESTAT:SDG_10_10(1.0),10/01/24 11:00:00,A,EXP_PPS_EU27_2020_HAB,GDP,PC,EL,2006,22700,
ESTAT:SDG_10_10(1.0),10/01/24 11:00:00,A,EXP_PPS_EU27_2020_HAB,GDP,PC,EL,2007,23100,
ESTAT:SDG_10_10(1.0),10/01/24 11:00:00,A,EXP_PPS_EU27_2020_HAB,GDP,PC,EL,2008,23900,
ESTAT:SDG_10_10(1.0),10/01/24 11:00:00,A,EXP_PPS_EU27_2020_HAB,GDP,PC,EL,2009,22900,
ESTAT:SDG_10_10(1.0),10/01/24 11:00:00,A,EXP_PPS_EU27_2020_HAB,GDP,PC,EL,2010,21100,
ESTAT:SDG_10_10(1.0),10/01/24 11:00:00,A,EXP_PPS_EU27_2020_HAB,GDP,PC,EL,2011,19100,
ESTAT:SDG_10_10(1.0),10/01/24 11:00:00,A,EXP_PPS_EU27_2020_HAB,GDP,PC,EL,2012,18400,
ESTAT:SDG_10_10(1.0),10/01/24 11:00:00,A,EXP_PPS_EU27_2020_HAB,GDP,PC,EL,2013,18800,
ESTAT:SDG_10_10(1.0),10/01/24 11:00:00,A,EXP_PPS_EU27_2020_HAB,GDP,PC,EL,2014,19100,
ESTAT:SDG_10_10(1.0),10/01/24 11:00:00,A,EXP_PPS_EU27_2020_HAB,GDP,PC,EL,2015,19200,
ESTAT:SDG_10_10(1.0),10/01/24 11:00:00,A,EXP_PPS_EU27_2020_HAB,GDP,PC,EL,2016,19100,
ESTAT:SDG_10_10(1.0),10/01/24 11:00:00,A,EXP_PPS_EU27_2020_HAB,GDP,PC,EL,2017,19600,
ESTAT:SDG_10_10(1.0),10/01/24 11:00:00,A,EXP_PPS_EU27_2020_HAB,GDP,PC,EL,2018,20100,
ESTAT:SDG_10_10(1.0),10/01/24 11:00:00,A,EXP_PPS_EU27_2020_HAB,GDP,PC,EL,2019,20600,
ESTAT:SDG_10_10(1.0),10/01/24 11:00:00,A,EXP_PPS_EU27_2020_HAB,GDP,PC,EL,2020,18600,
ESTAT:SDG_10_10(1.0),10/01/24 11:00:00,A,EXP_PPS_EU27_2020_HAB,GDP,PC,EL,2021,20700,
ESTAT:SDG_10_10(1.0),10/01/24 11:00:00,A,EXP_PPS_EU27_2020_HAB,GDP,PC,EL,2022,23800,
ESTAT:SDG_10_10(1.0),10/01/24 11:00:00,A,EXP_PPS_EU27_2020_HAB,GDP,PC,ES,2000,17900,
ESTAT:SDG_10_10(1.0),10/01/24 11:00:00,A,EXP_PPS_EU27_2020_HAB,GDP,PC,ES,2001,19000,
ESTAT:SDG_10_10(1.0),10/01/24 11:00:00,A,EXP_PPS_EU27_2020_HAB,GDP,PC,ES,2002,20000,
ESTAT:SDG_10_10(1.0),10/01/24 11:00:00,A,EXP_PPS_EU27_2020_HAB,GDP,PC,ES,2003,20600,
ESTAT:SDG_10_10(1.0),10/01/24 11:00:00,A,EXP_PPS_EU27_2020_HAB,GDP,PC,ES,2004,21400,
ESTAT:SDG_10_10(1.0),10/01/24 11:00:00,A,EXP_PPS_EU27_2020_HAB,GDP,PC,ES,2005,22600,
ESTAT:SDG_10_10(1.0),10/01/24 11:00:00,A,EXP_PPS_EU27_2020_HAB,GDP,PC,ES,2006,24400,
ESTAT:SDG_10_10(1.0),10/01/24 11:00:00,A,EXP_PPS_EU27_2020_HAB,GDP,PC,ES,2007,25600,
ESTAT:SDG_10_10(1.0),10/01/24 11:00:00,A,EXP_PPS_EU27_2020_HAB,GDP,PC,ES,2008,25800,
ESTAT:SDG_10_10(1.0),10/01/24 11:00:00,A,EXP_PPS_EU27_2020_HAB,GDP,PC,ES,2009,24200,
ESTAT:SDG_10_10(1.0),10/01/24 11:00:00,A,EXP_PPS_EU27_2020_HAB,GDP,PC,ES,2010,24000,
ESTAT:SDG_10_10(1.0),10/01/24 11:00:00,A,EXP_PPS_EU27_2020_HAB,GDP,PC,ES,2011,23700,
ESTAT:SDG_10_10(1.0),10/01/24 11:00:00,A,EXP_PPS_EU27_2020_HAB,GDP,PC,ES,2012,23400,
ESTAT:SDG_10_10(1.0),10/01/24 11:00:00,A,EXP_PPS_EU27_2020_HAB,GDP,PC,ES,2013,23400,
ESTAT:SDG_10_10(1.0),10/01/24 11:00:00,A,EXP_PPS_EU27_2020_HAB,GDP,PC,ES,2014,24000,
ESTAT:SDG_10_10(1.0),10/01/24 11:00:00,A,EXP_PPS_EU27_2020_HAB,GDP,PC,ES,2015,25100,
ESTAT:SDG_10_10(1.0),10/01/24 11:00:00,A,EXP_PPS_EU27_2020_HAB,GDP,PC,ES,2016,25900,
ESTAT:SDG_10_10(1.0),10/01/24 11:00:00,A,EXP_PPS_EU27_2020_HAB,GDP,PC,ES,2017,27200,
ESTAT:SDG_10_10(1.0),10/01/24 11:00:00,A,EXP_PPS_EU27_2020_HAB,GDP,PC,ES,2018,27600,
ESTAT:SDG_10_10(1.0),10/01/24 11:00:00,A,EXP_PPS_EU27_2020_HAB,GDP,PC,ES,2019,28500,
ESTAT:SDG_10_10(1.0),10/01/24 11:00:00,A,EXP_PPS_EU27_2020_HAB,GDP,PC,ES,2020,24900,
ESTAT:SDG_10_10(1.0),10/01/24 11:00:00,A,EXP_PPS_EU27_2020_HAB,GDP,PC,ES,2021,27600,
ESTAT:SDG_10_10(1.0),10/01/24 11:00:00,A,EXP_PPS_EU27_2020_HAB,GDP,PC,ES,2022,30300,
ESTAT:SDG_10_10(1.0),10/01/24 11:00:00,A,EXP_PPS_EU27_2020_HAB,GDP,PC,FI,2000,22200,
ESTAT:SDG_10_10(1.0),10/01/24 11:00:00,A,EXP_PPS_EU27_2020_HAB,GDP,PC,FI,2001,23000,
ESTAT:SDG_10_10(1.0),10/01/24 11:00:00,A,EXP_PPS_EU27_2020_HAB,GDP,PC,FI,2002,23400,
ESTAT:SDG_10_10(1.0),10/01/24 11:00:00,A,EXP_PPS_EU27_2020_HAB,GDP,PC,FI,2003,23800,
ESTAT:SDG_10_10(1.0),10/01/24 11:00:00,A,EXP_PPS_EU27_2020_HAB,GDP,PC,FI,2004,25500,
ESTAT:SDG_10_10(1.0),10/01/24 11:00:00,A,EXP_PPS_EU27_2020_HAB,GDP,PC,FI,2005,26200,
ESTAT:SDG_10_10(1.0),10/01/24 11:00:00,A,EXP_PPS_EU27_2020_HAB,GDP,PC,FI,2006,27400,
ESTAT:SDG_10_10(1.0),10/01/24 11:00:00,A,EXP_PPS_EU27_2020_HAB,GDP,PC,FI,2007,29900,
ESTAT:SDG_10_10(1.0),10/01/24 11:00:00,A,EXP_PPS_EU27_2020_HAB,GDP,PC,FI,2008,31100,
ESTAT:SDG_10_10(1.0),10/01/24 11:00:00,A,EXP_PPS_EU27_2020_HAB,GDP,PC,FI,2009,28700,
ESTAT:SDG_10_10(1.0),10/01/24 11:00:00,A,EXP_PPS_EU27_2020_HAB,GDP,PC,FI,2010,29500,
ESTAT:SDG_10_10(1.0),10/01/24 11:00:00,A,EXP_PPS_EU27_2020_HAB,GDP,PC,FI,2011,30500,
ESTAT:SDG_10_10(1.0),10/01/24 11:00:00,A,EXP_PPS_EU27_2020_HAB,GDP,PC,FI,2012,30200,
ESTAT:SDG_10_10(1.0),10/01/24 11:00:00,A,EXP_PPS_EU27_2020_HAB,GDP,PC,FI,2013,29900,
ESTAT:SDG_10_10(1.0),10/01/24 11:00:00,A,EXP_PPS_EU27_2020_HAB,GDP,PC,FI,2014,29900,
ESTAT:SDG_10_10(1.0),10/01/24 11:00:00,A,EXP_PPS_EU27_2020_HAB,GDP,PC,FI,2015,30500,
ESTAT:SDG_10_10(1.0),10/01/24 11:00:00,A,EXP_PPS_EU27_2020_HAB,GDP,PC,FI,2016,31200,
ESTAT:SDG_10_10(1.0),10/01/24 11:00:00,A,EXP_PPS_EU27_2020_HAB,GDP,PC,FI,2017,32700,
ESTAT:SDG_10_10(1.0),10/01/24 11:00:00,A,EXP_PPS_EU27_2020_HAB,GDP,PC,FI,2018,33600,
ESTAT:SDG_10_10(1.0),10/01/24 11:00:00,A,EXP_PPS_EU27_2020_HAB,GDP,PC,FI,2019,34200,
ESTAT:SDG_10_10(1.0),10/01/24 11:00:00,A,EXP_PPS_EU27_2020_HAB,GDP,PC,FI,2020,34300,
ESTAT:SDG_10_10(1.0),10/01/24 11:00:00,A,EXP_PPS_EU27_2020_HAB,GDP,PC,FI,2021,36500,
ESTAT:SDG_10_10(1.0),10/01/24 11:00:00,A,EXP_PPS_EU27_2020_HAB,GDP,PC,FI,2022,39000,
ESTAT:SDG_10_10(1.0),10/01/24 11:00:00,A,EXP_PPS_EU27_2020_HAB,GDP,PC,FR,2000,21700,
ESTAT:SDG_10_10(1.0),10/01/24 11:00:00,A,EXP_PPS_EU27_2020_HAB,GDP,PC,FR,2001,22800,
ESTAT:SDG_10_10(1.0),10/01/24 11:00:00,A,EXP_PPS_EU27_2020_HAB,GDP,PC,FR,2002,23400,
ESTAT:SDG_10_10(1.0),10/01/24 11:00:00,A,EXP_PPS_EU27_2020_HAB,GDP,PC,FR,2003,23100,
ESTAT:SDG_10_10(1.0),10/01/24 11:00:00,A,EXP_PPS_EU27_2020_HAB,GDP,PC,FR,2004,23700,
ESTAT:SDG_10_10(1.0),10/01/24 11:00:00,A,EXP_PPS_EU27_2020_HAB,GDP,PC,FR,2005,25000,
ESTAT:SDG_10_10(1.0),10/01/24 11:00:00,A,EXP_PPS_EU27_2020_HAB,GDP,PC,FR,2006,25800,
ESTAT:SDG_10_10(1.0),10/01/24 11:00:00,A,EXP_PPS_EU27_2020_HAB,GDP,PC,FR,2007,26900,
ESTAT:SDG_10_10(1.0),10/01/24 11:00:00,A,EXP_PPS_EU27_2020_HAB,GDP,PC,FR,2008,27200,
ESTAT:SDG_10_10(1.0),10/01/24 11:00:00,A,EXP_PPS_EU27_2020_HAB,GDP,PC,FR,2009,26200,
ESTAT:SDG_10_10(1.0),10/01/24 11:00:00,A,EXP_PPS_EU27_2020_HAB,GDP,PC,FR,2010,27200,
ESTAT:SDG_10_10(1.0),10/01/24 11:00:00,A,EXP_PPS_EU27_2020_HAB,GDP,PC,FR,2011,27900,
ESTAT:SDG_10_10(1.0),10/01/24 11:00:00,A,EXP_PPS_EU27_2020_HAB,GDP,PC,FR,2012,27800,
ESTAT:SDG_10_10(1.0),10/01/24 11:00:00,A,EXP_PPS_EU27_2020_HAB,GDP,PC,FR,2013,28500,
ESTAT:SDG_10_10(1.0),10/01/24 11:00:00,A,EXP_PPS_EU27_2020_HAB,GDP,PC,FR,2014,28800,
ESTAT:SDG_10_10(1.0),10/01/24 11:00:00,A,EXP_PPS_EU27_2020_HAB,GDP,PC,FR,2015,29400,
ESTAT:SDG_10_10(1.0),10/01/24 11:00:00,A,EXP_PPS_EU27_2020_HAB,GDP,PC,FR,2016,29800,
ESTAT:SDG_10_10(1.0),10/01/24 11:00:00,A,EXP_PPS_EU27_2020_HAB,GDP,PC,FR,2017,30500,
ESTAT:SDG_10_10(1.0),10/01/24 11:00:00,A,EXP_PPS_EU27_2020_HAB,GDP,PC,FR,2018,31400,
ESTAT:SDG_10_10(1.0),10/01/24 11:00:00,A,EXP_PPS_EU27_2020_HAB,GDP,PC,FR,2019,33100,
ESTAT:SDG_10_10(1.0),10/01/24 11:00:00,A,EXP_PPS_EU27_2020_HAB,GDP,PC,FR,2020,31400,
ESTAT:SDG_10_10(1.0),10/01/24 11:00:00,A,EXP_PPS_EU27_2020_HAB,GDP,PC,FR,2021,33700,
ESTAT:SDG_10_10(1.0),10/01/24 11:00:00,A,EXP_PPS_EU27_2020_HAB,GDP,PC,FR,2022,35500,
ESTAT:SDG_10_10(1.0),10/01/24 11:00:00,A,EXP_PPS_EU27_2020_HAB,GDP,PC,HR,2000,8900,
ESTAT:SDG_10_10(1.0),10/01/24 11:00:00,A,EXP_PPS_EU27_2020_HAB,GDP,PC,HR,2001,9600,
ESTAT:SDG_10_10(1.0),10/01/24 11:00:00,A,EXP_PPS_EU27_2020_HAB,GDP,PC,HR,2002,10500,
ESTAT:SDG_10_10(1.0),10/01/24 11:00:00,A,EXP_PPS_EU27_2020_HAB,GDP,PC,HR,2003,11200,
ESTAT:SDG_10_10(1.0),10/01/24 11:00:00,A,EXP_PPS_EU27_2020_HAB,GDP,PC,HR,2004,12000,
ESTAT:SDG_10_10(1.0),10/01/24 11:00:00,A,EXP_PPS_EU27_2020_HAB,GDP,PC,HR,2005,12700,
ESTAT:SDG_10_10(1.0),10/01/24 11:00:00,A,EXP_PPS_EU27_2020_HAB,GDP,PC,HR,2006,14000,
ESTAT:SDG_10_10(1.0),10/01/24 11:00:00,A,EXP_PPS_EU27_2020_HAB,GDP,PC,HR,2007,15400,
ESTAT:SDG_10_10(1.0),10/01/24 11:00:00,A,EXP_PPS_EU27_2020_HAB,GDP,PC,HR,2008,16300,
ESTAT:SDG_10_10(1.0),10/01/24 11:00:00,A,EXP_PPS_EU27_2020_HAB,GDP,PC,HR,2009,15300,
ESTAT:SDG_10_10(1.0),10/01/24 11:00:00,A,EXP_PPS_EU27_2020_HAB,GDP,PC,HR,2010,15200,
ESTAT:SDG_10_10(1.0),10/01/24 11:00:00,A,EXP_PPS_EU27_2020_HAB,GDP,PC,HR,2011,15700,
ESTAT:SDG_10_10(1.0),10/01/24 11:00:00,A,EXP_PPS_EU27_2020_HAB,GDP,PC,HR,2012,15900,
ESTAT:SDG_10_10(1.0),10/01/24 11:00:00,A,EXP_PPS_EU27_2020_HAB,GDP,PC,HR,2013,16000,
ESTAT:SDG_10_10(1.0),10/01/24 11:00:00,A,EXP_PPS_EU27_2020_HAB,GDP,PC,HR,2014,16100,
ESTAT:SDG_10_10(1.0),10/01/24 11:00:00,A,EXP_PPS_EU27_2020_HAB,GDP,PC,HR,2015,16800,
ESTAT:SDG_10_10(1.0),10/01/24 11:00:00,A,EXP_PPS_EU27_2020_HAB,GDP,PC,HR,2016,17600,
ESTAT:SDG_10_10(1.0),10/01/24 11:00:00,A,EXP_PPS_EU27_2020_HAB,GDP,PC,HR,2017,18700,
ESTAT:SDG_10_10(1.0),10/01/24 11:00:00,A,EXP_PPS_EU27_2020_HAB,GDP,PC,HR,2018,19600,
ESTAT:SDG_10_10(1.0),10/01/24 11:00:00,A,EXP_PPS_EU27_2020_HAB,GDP,PC,HR,2019,20900,
ESTAT:SDG_10_10(1.0),10/01/24 11:00:00,A,EXP_PPS_EU27_2020_HAB,GDP,PC,HR,2020,19500,
ESTAT:SDG_10_10(1.0),10/01/24 11:00:00,A,EXP_PPS_EU27_2020_HAB,GDP,PC,HR,2021,22800,
ESTAT:SDG_10_10(1.0),10/01/24 11:00:00,A,EXP_PPS_EU27_2020_HAB,GDP,PC,HR,2022,25800,
ESTAT:SDG_10_10(1.0),10/01/24 11:00:00,A,EXP_PPS_EU27_2020_HAB,GDP,PC,HU,2000,9800,
ESTAT:SDG_10_10(1.0),10/01/24 11:00:00,A,EXP_PPS_EU27_2020_HAB,GDP,PC,HU,2001,10900,
ESTAT:SDG_10_10(1.0),10/01/24 11:00:00,A,EXP_PPS_EU27_2020_HAB,GDP,PC,HU,2002,11900,
ESTAT:SDG_10_10(1.0),10/01/24 11:00:00,A,EXP_PPS_EU27_2020_HAB,GDP,PC,HU,2003,12700,
ESTAT:SDG_10_10(1.0),10/01/24 11:00:00,A,EXP_PPS_EU27_2020_HAB,GDP,PC,HU,2004,13300,
ESTAT:SDG_10_10(1.0),10/01/24 11:00:00,A,EXP_PPS_EU27_2020_HAB,GDP,PC,HU,2005,14000,
ESTAT:SDG_10_10(1.0),10/01/24 11:00:00,A,EXP_PPS_EU27_2020_HAB,GDP,PC,HU,2006,14600,
ESTAT:SDG_10_10(1.0),10/01/24 11:00:00,A,EXP_PPS_EU27_2020_HAB,GDP,PC,HU,2007,15100,
ESTAT:SDG_10_10(1.0),10/01/24 11:00:00,A,EXP_PPS_EU27_2020_HAB,GDP,PC,HU,2008,16100,
ESTAT:SDG_10_10(1.0),10/01/24 11:00:00,A,EXP_PPS_EU27_2020_HAB,GDP,PC,HU,2009,15600,
ESTAT:SDG_10_10(1.0),10/01/24 11:00:00,A,EXP_PPS_EU27_2020_HAB,GDP,PC,HU,2010,16500,
ESTAT:SDG_10_10(1.0),10/01/24 11:00:00,A,EXP_PPS_EU27_2020_HAB,GDP,PC,HU,2011,17200,
ESTAT:SDG_10_10(1.0),10/01/24 11:00:00,A,EXP_PPS_EU27_2020_HAB,GDP,PC,HU,2012,17200,
ESTAT:SDG_10_10(1.0),10/01/24 11:00:00,A,EXP_PPS_EU27_2020_HAB,GDP,PC,HU,2013,17700,
ESTAT:SDG_10_10(1.0),10/01/24 11:00:00,A,EXP_PPS_EU27_2020_HAB,GDP,PC,HU,2014,18400,
ESTAT:SDG_10_10(1.0),10/01/24 11:00:00,A,EXP_PPS_EU27_2020_HAB,GDP,PC,HU,2015,19300,
ESTAT:SDG_10_10(1.0),10/01/24 11:00:00,A,EXP_PPS_EU27_2020_HAB,GDP,PC,HU,2016,19400,
ESTAT:SDG_10_10(1.0),10/01/24 11:00:00,A,EXP_PPS_EU27_2020_HAB,GDP,PC,HU,2017,20300,
ESTAT:SDG_10_10(1.0),10/01/24 11:00:00,A,EXP_PPS_EU27_2020_HAB,GDP,PC,HU,2018,21600,
ESTAT:SDG_10_10(1.0),10/01/24 11:00:00,A,EXP_PPS_EU27_2020_HAB,GDP,PC,HU,2019,22900,
ESTAT:SDG_10_10(1.0),10/01/24 11:00:00,A,EXP_PPS_EU27_2020_HAB,GDP,PC,HU,2020,22400,
ESTAT:SDG_10_10(1.0),10/01/24 11:00:00,A,EXP_PPS_EU27_2020_HAB,GDP,PC,HU,2021,24400,
ESTAT:SDG_10_10(1.0),10/01/24 11:00:00,A,EXP_PPS_EU27_2020_HAB,GDP,PC,HU,2022,27000,
ESTAT:SDG_10_10(1.0),10/01/24 11:00:00,A,EXP_PPS_EU27_2020_HAB,GDP,PC,IE,2000,25100,
ESTAT:SDG_10_10(1.0),10/01/24 11:00:00,A,EXP_PPS_EU27_2020_HAB,GDP,PC,IE,2001,27000,
ESTAT:SDG_10_10(1.0),10/01/24 11:00:00,A,EXP_PPS_EU27_2020_HAB,GDP,PC,IE,2002,28900,
ESTAT:SDG_10_10(1.0),10/01/24 11:00:00,A,EXP_PPS_EU27_2020_HAB,GDP,PC,IE,2003,29800,
ESTAT:SDG_10_10(1.0),10/01/24 11:00:00,A,EXP_PPS_EU27_2020_HAB,GDP,PC,IE,2004,31700,
ESTAT:SDG_10_10(1.0),10/01/24 11:00:00,A,EXP_PPS_EU27_2020_HAB,GDP,PC,IE,2005,33100,
ESTAT:SDG_10_10(1.0),10/01/24 11:00:00,A,EXP_PPS_EU27_2020_HAB,GDP,PC,IE,2006,35200,
ESTAT:SDG_10_10(1.0),10/01/24 11:00:00,A,EXP_PPS_EU27_2020_HAB,GDP,PC,IE,2007,36900,
ESTAT:SDG_10_10(1.0),10/01/24 11:00:00,A,EXP_PPS_EU27_2020_HAB,GDP,PC,IE,2008,34200,
ESTAT:SDG_10_10(1.0),10/01/24 11:00:00,A,EXP_PPS_EU27_2020_HAB,GDP,PC,IE,2009,31300,
ESTAT:SDG_10_10(1.0),10/01/24 11:00:00,A,EXP_PPS_EU27_2020_HAB,GDP,PC,IE,2010,32700,
ESTAT:SDG_10_10(1.0),10/01/24 11:00:00,A,EXP_PPS_EU27_2020_HAB,GDP,PC,IE,2011,33600,
ESTAT:SDG_10_10(1.0),10/01/24 11:00:00,A,EXP_PPS_EU27_2020_HAB,GDP,PC,IE,2012,34200,
ESTAT:SDG_10_10(1.0),10/01/24 11:00:00,A,EXP_PPS_EU27_2020_HAB,GDP,PC,IE,2013,34500,
ESTAT:SDG_10_10(1.0),10/01/24 11:00:00,A,EXP_PPS_EU27_2020_HAB,GDP,PC,IE,2014,36800,
ESTAT:SDG_10_10(1.0),10/01/24 11:00:00,A,EXP_PPS_EU27_2020_HAB,GDP,PC,IE,2015,49800,
ESTAT:SDG_10_10(1.0),10/01/24 11:00:00,A,EXP_PPS_EU27_2020_HAB,GDP,PC,IE,2016,49700,
ESTAT:SDG_10_10(1.0),10/01/24 11:00:00,A,EXP_PPS_EU27_2020_HAB,GDP,PC,IE,2017,53700,
ESTAT:SDG_10_10(1.0),10/01/24 11:00:00,A,EXP_PPS_EU27_2020_HAB,GDP,PC,IE,2018,57700,
ESTAT:SDG_10_10(1.0),10/01/24 11:00:00,A,EXP_PPS_EU27_2020_HAB,GDP,PC,IE,2019,59200,
ESTAT:SDG_10_10(1.0),10/01/24 11:00:00,A,EXP_PPS_EU27_2020_HAB,GDP,PC,IE,2020,62100,
ESTAT:SDG_10_10(1.0),10/01/24 11:00:00,A,EXP_PPS_EU27_2020_HAB,GDP,PC,IE,2021,72200,
ESTAT:SDG_10_10(1.0),10/01/24 11:00:00,A,EXP_PPS_EU27_2020_HAB,GDP,PC,IE,2022,83300,
ESTAT:SDG_10_10(1.0),10/01/24 11:00:00,A,EXP_PPS_EU27_2020_HAB,GDP,PC,IS,2000,24700,
ESTAT:SDG_10_10(1.0),10/01/24 11:00:00,A,EXP_PPS_EU27_2020_HAB,GDP,PC,IS,2001,26400,
ESTAT:SDG_10_10(1.0),10/01/24 11:00:00,A,EXP_PPS_EU27_2020_HAB,GDP,PC,IS,2002,26700,
ESTAT:SDG_10_10(1.0),10/01/24 11:00:00,A,EXP_PPS_EU27_2020_HAB,GDP,PC,IS,2003,26900,
ESTAT:SDG_10_10(1.0),10/01/24 11:00:00,A,EXP_PPS_EU27_2020_HAB,GDP,PC,IS,2004,29000,
ESTAT:SDG_10_10(1.0),10/01/24 11:00:00,A,EXP_PPS_EU27_2020_HAB,GDP,PC,IS,2005,30600,
ESTAT:SDG_10_10(1.0),10/01/24 11:00:00,A,EXP_PPS_EU27_2020_HAB,GDP,PC,IS,2006,31500,
ESTAT:SDG_10_10(1.0),10/01/24 11:00:00,A,EXP_PPS_EU27_2020_HAB,GDP,PC,IS,2007,32800,
ESTAT:SDG_10_10(1.0),10/01/24 11:00:00,A,EXP_PPS_EU27_2020_HAB,GDP,PC,IS,2008,33700,
ESTAT:SDG_10_10(1.0),10/01/24 11:00:00,A,EXP_PPS_EU27_2020_HAB,GDP,PC,IS,2009,31500,
ESTAT:SDG_10_10(1.0),10/01/24 11:00:00,A,EXP_PPS_EU27_2020_HAB,GDP,PC,IS,2010,30100,
ESTAT:SDG_10_10(1.0),10/01/24 11:00:00,A,EXP_PPS_EU27_2020_HAB,GDP,PC,IS,2011,30500,
ESTAT:SDG_10_10(1.0),10/01/24 11:00:00,A,EXP_PPS_EU27_2020_HAB,GDP,PC,IS,2012,31000,
ESTAT:SDG_10_10(1.0),10/01/24 11:00:00,A,EXP_PPS_EU27_2020_HAB,GDP,PC,IS,2013,32000,
ESTAT:SDG_10_10(1.0),10/01/24 11:00:00,A,EXP_PPS_EU27_2020_HAB,GDP,PC,IS,2014,33000,
ESTAT:SDG_10_10(1.0),10/01/24 11:00:00,A,EXP_PPS_EU27_2020_HAB,GDP,PC,IS,2015,35400,
ESTAT:SDG_10_10(1.0),10/01/24 11:00:00,A,EXP_PPS_EU27_2020_HAB,GDP,PC,IS,2016,37200,
ESTAT:SDG_10_10(1.0),10/01/24 11:00:00,A,EXP_PPS_EU27_2020_HAB,GDP,PC,IS,2017,38200,
ESTAT:SDG_10_10(1.0),10/01/24 11:00:00,A,EXP_PPS_EU27_2020_HAB,GDP,PC,IS,2018,38800,
ESTAT:SDG_10_10(1.0),10/01/24 11:00:00,A,EXP_PPS_EU27_2020_HAB,GDP,PC,IS,2019,39400,
ESTAT:SDG_10_10(1.0),10/01/24 11:00:00,A,EXP_PPS_EU27_2020_HAB,GDP,PC,IS,2020,35500,
ESTAT:SDG_10_10(1.0),10/01/24 11:00:00,A,EXP_PPS_EU27_2020_HAB,GDP,PC,IS,2021,38800,
ESTAT:SDG_10_10(1.0),10/01/24 11:00:00,A,EXP_PPS_EU27_2020_HAB,GDP,PC,IS,2022,44600,
ESTAT:SDG_10_10(1.0),10/01/24 11:00:00,A,EXP_PPS_EU27_2020_HAB,GDP,PC,IT,2000,22500,
ESTAT:SDG_10_10(1.0),10/01/24 11:00:00,A,EXP_PPS_EU27_2020_HAB,GDP,PC,IT,2001,23200,
ESTAT:SDG_10_10(1.0),10/01/24 11:00:00,A,EXP_PPS_EU27_2020_HAB,GDP,PC,IT,2002,23500,
ESTAT:SDG_10_10(1.0),10/01/24 11:00:00,A,EXP_PPS_EU27_2020_HAB,GDP,PC,IT,2003,23900,
ESTAT:SDG_10_10(1.0),10/01/24 11:00:00,A,EXP_PPS_EU27_2020_HAB,GDP,PC,IT,2004,24100,
ESTAT:SDG_10_10(1.0),10/01/24 11:00:00,A,EXP_PPS_EU27_2020_HAB,GDP,PC,IT,2005,24600,
ESTAT:SDG_10_10(1.0),10/01/24 11:00:00,A,EXP_PPS_EU27_2020_HAB,GDP,PC,IT,2006,25700,
ESTAT:SDG_10_10(1.0),10/01/24 11:00:00,A,EXP_PPS_EU27_2020_HAB,GDP,PC,IT,2007,26800,
ESTAT:SDG_10_10(1.0),10/01/24 11:00:00,A,EXP_PPS_EU27_2020_HAB,GDP,PC,IT,2008,27400,
ESTAT:SDG_10_10(1.0),10/01/24 11:00:00,A,EXP_PPS_EU27_2020_HAB,GDP,PC,IT,2009,25900,
ESTAT:SDG_10_10(1.0),10/01/24 11:00:00,A,EXP_PPS_EU27_2020_HAB,GDP,PC,IT,2010,26400,
ESTAT:SDG_10_10(1.0),10/01/24 11:00:00,A,EXP_PPS_EU27_2020_HAB,GDP,PC,IT,2011,27000,
ESTAT:SDG_10_10(1.0),10/01/24 11:00:00,A,EXP_PPS_EU27_2020_HAB,GDP,PC,IT,2012,26600,
ESTAT:SDG_10_10(1.0),10/01/24 11:00:00,A,EXP_PPS_EU27_2020_HAB,GDP,PC,IT,2013,26200,
ESTAT:SDG_10_10(1.0),10/01/24 11:00:00,A,EXP_PPS_EU27_2020_HAB,GDP,PC,IT,2014,26100,
ESTAT:SDG_10_10(1.0),10/01/24 11:00:00,A,EXP_PPS_EU27_2020_HAB,GDP,PC,IT,2015,26700,
ESTAT:SDG_10_10(1.0),10/01/24 11:00:00,A,EXP_PPS_EU27_2020_HAB,GDP,PC,IT,2016,28000,
ESTAT:SDG_10_10(1.0),10/01/24 11:00:00,A,EXP_PPS_EU27_2020_HAB,GDP,PC,IT,2017,28800,
ESTAT:SDG_10_10(1.0),10/01/24 11:00:00,A,EXP_PPS_EU27_2020_HAB,GDP,PC,IT,2018,29400,
ESTAT:SDG_10_10(1.0),10/01/24 11:00:00,A,EXP_PPS_EU27_2020_HAB,GDP,PC,IT,2019,30200,
ESTAT:SDG_10_10(1.0),10/01/24 11:00:00,A,EXP_PPS_EU27_2020_HAB,GDP,PC,IT,2020,28200,
ESTAT:SDG_10_10(1.0),10/01/24 11:00:00,A,EXP_PPS_EU27_2020_HAB,GDP,PC,IT,2021,31500,
ESTAT:SDG_10_10(1.0),10/01/24 11:00:00,A,EXP_PPS_EU27_2020_HAB,GDP,PC,IT,2022,34400,
ESTAT:SDG_10_10(1.0),10/01/24 11:00:00,A,EXP_PPS_EU27_2020_HAB,GDP,PC,JP,2000,22700,
ESTAT:SDG_10_10(1.0),10/01/24 11:00:00,A,EXP_PPS_EU27_2020_HAB,GDP,PC,JP,2001,23100,
ESTAT:SDG_10_10(1.0),10/01/24 11:00:00,A,EXP_PPS_EU27_2020_HAB,GDP,PC,JP,2002,23700,
ESTAT:SDG_10_10(1.0),10/01/24 11:00:00,A,EXP_PPS_EU27_2020_HAB,GDP,PC,JP,2003,24100,
ESTAT:SDG_10_10(1.0),10/01/24 11:00:00,A,EXP_PPS_EU27_2020_HAB,GDP,PC,JP,2004,25200,
ESTAT:SDG_10_10(1.0),10/01/24 11:00:00,A,EXP_PPS_EU27_2020_HAB,GDP,PC,JP,2005,26300,
ESTAT:SDG_10_10(1.0),10/01/24 11:00:00,A,EXP_PPS_EU27_2020_HAB,GDP,PC,JP,2006,26700,
ESTAT:SDG_10_10(1.0),10/01/24 11:00:00,A,EXP_PPS_EU27_2020_HAB,GDP,PC,JP,2007,27600,
ESTAT:SDG_10_10(1.0),10/01/24 11:00:00,A,EXP_PPS_EU27_2020_HAB,GDP,PC,JP,2008,27400,
ESTAT:SDG_10_10(1.0),10/01/24 11:00:00,A,EXP_PPS_EU27_2020_HAB,GDP,PC,JP,2009,25300,
ESTAT:SDG_10_10(1.0),10/01/24 11:00:00,A,EXP_PPS_EU27_2020_HAB,GDP,PC,JP,2010,26800,
ESTAT:SDG_10_10(1.0),10/01/24 11:00:00,A,EXP_PPS_EU27_2020_HAB,GDP,PC,JP,2011,27000,
ESTAT:SDG_10_10(1.0),10/01/24 11:00:00,A,EXP_PPS_EU27_2020_HAB,GDP,PC,JP,2012,27800,
ESTAT:SDG_10_10(1.0),10/01/24 11:00:00,A,EXP_PPS_EU27_2020_HAB,GDP,PC,JP,2013,28500,
ESTAT:SDG_10_10(1.0),10/01/24 11:00:00,A,EXP_PPS_EU27_2020_HAB,GDP,PC,JP,2014,28300,
ESTAT:SDG_10_10(1.0),10/01/24 11:00:00,A,EXP_PPS_EU27_2020_HAB,GDP,PC,JP,2015,29400,
ESTAT:SDG_10_10(1.0),10/01/24 11:00:00,A,EXP_PPS_EU27_2020_HAB,GDP,PC,JP,2016,28200,
ESTAT:SDG_10_10(1.0),10/01/24 11:00:00,A,EXP_PPS_EU27_2020_HAB,GDP,PC,JP,2017,28500,
ESTAT:SDG_10_10(1.0),10/01/24 11:00:00,A,EXP_PPS_EU27_2020_HAB,GDP,PC,JP,2018,28700,
ESTAT:SDG_10_10(1.0),10/01/24 11:00:00,A,EXP_PPS_EU27_2020_HAB,GDP,PC,JP,2019,27900,
ESTAT:SDG_10_10(1.0),10/01/24 11:00:00,A,EXP_PPS_EU27_2020_HAB,GDP,PC,JP,2020,27200,
ESTAT:SDG_10_10(1.0),10/01/24 11:00:00,A,EXP_PPS_EU27_2020_HAB,GDP,PC,JP,2021,28000,
ESTAT:SDG_10_10(1.0),10/01/24 11:00:00,A,EXP_PPS_EU27_2020_HAB,GDP,PC,JP,2022,29100,
ESTAT:SDG_10_10(1.0),10/01/24 11:00:00,A,EXP_PPS_EU27_2020_HAB,GDP,PC,LT,2000,7000,
ESTAT:SDG_10_10(1.0),10/01/24 11:00:00,A,EXP_PPS_EU27_2020_HAB,GDP,PC,LT,2001,7800,
ESTAT:SDG_10_10(1.0),10/01/24 11:00:00,A,EXP_PPS_EU27_2020_HAB,GDP,PC,LT,2002,8600,
ESTAT:SDG_10_10(1.0),10/01/24 11:00:00,A,EXP_PPS_EU27_2020_HAB,GDP,PC,LT,2003,9900,
ESTAT:SDG_10_10(1.0),10/01/24 11:00:00,A,EXP_PPS_EU27_2020_HAB,GDP,PC,LT,2004,10600,
ESTAT:SDG_10_10(1.0),10/01/24 11:00:00,A,EXP_PPS_EU27_2020_HAB,GDP,PC,LT,2005,11900,
ESTAT:SDG_10_10(1.0),10/01/24 11:00:00,A,EXP_PPS_EU27_2020_HAB,GDP,PC,LT,2006,13100,
ESTAT:SDG_10_10(1.0),10/01/24 11:00:00,A,EXP_PPS_EU27_2020_HAB,GDP,PC,LT,2007,15100,
ESTAT:SDG_10_10(1.0),10/01/24 11:00:00,A,EXP_PPS_EU27_2020_HAB,GDP,PC,LT,2008,16100,
ESTAT:SDG_10_10(1.0),10/01/24 11:00:00,A,EXP_PPS_EU27_2020_HAB,GDP,PC,LT,2009,13700,
ESTAT:SDG_10_10(1.0),10/01/24 11:00:00,A,EXP_PPS_EU27_2020_HAB,GDP,PC,LT,2010,15200,
ESTAT:SDG_10_10(1.0),10/01/24 11:00:00,A,EXP_PPS_EU27_2020_HAB,GDP,PC,LT,2011,17100,
ESTAT:SDG_10_10(1.0),10/01/24 11:00:00,A,EXP_PPS_EU27_2020_HAB,GDP,PC,LT,2012,18200,
ESTAT:SDG_10_10(1.0),10/01/24 11:00:00,A,EXP_PPS_EU27_2020_HAB,GDP,PC,LT,2013,19300,
ESTAT:SDG_10_10(1.0),10/01/24 11:00:00,A,EXP_PPS_EU27_2020_HAB,GDP,PC,LT,2014,20200,
ESTAT:SDG_10_10(1.0),10/01/24 11:00:00,A,EXP_PPS_EU27_2020_HAB,GDP,PC,LT,2015,20700,
ESTAT:SDG_10_10(1.0),10/01/24 11:00:00,A,EXP_PPS_EU27_2020_HAB,GDP,PC,LT,2016,21500,
ESTAT:SDG_10_10(1.0),10/01/24 11:00:00,A,EXP_PPS_EU27_2020_HAB,GDP,PC,LT,2017,23200,
ESTAT:SDG_10_10(1.0),10/01/24 11:00:00,A,EXP_PPS_EU27_2020_HAB,GDP,PC,LT,2018,24700,
ESTAT:SDG_10_10(1.0),10/01/24 11:00:00,A,EXP_PPS_EU27_2020_HAB,GDP,PC,LT,2019,26400,
ESTAT:SDG_10_10(1.0),10/01/24 11:00:00,A,EXP_PPS_EU27_2020_HAB,GDP,PC,LT,2020,26300,
ESTAT:SDG_10_10(1.0),10/01/24 11:00:00,A,EXP_PPS_EU27_2020_HAB,GDP,PC,LT,2021,29200,
ESTAT:SDG_10_10(1.0),10/01/24 11:00:00,A,EXP_PPS_EU27_2020_HAB,GDP,PC,LT,2022,31600,
ESTAT:SDG_10_10(1.0),10/01/24 11:00:00,A,EXP_PPS_EU27_2020_HAB,GDP,PC,LU,2000,45800,
ESTAT:SDG_10_10(1.0),10/01/24 11:00:00,A,EXP_PPS_EU27_2020_HAB,GDP,PC,LU,2001,46500,
ESTAT:SDG_10_10(1.0),10/01/24 11:00:00,A,EXP_PPS_EU27_2020_HAB,GDP,PC,LU,2002,48000,
ESTAT:SDG_10_10(1.0),10/01/24 11:00:00,A,EXP_PPS_EU27_2020_HAB,GDP,PC,LU,2003,49400,
ESTAT:SDG_10_10(1.0),10/01/24 11:00:00,A,EXP_PPS_EU27_2020_HAB,GDP,PC,LU,2004,52900,
ESTAT:SDG_10_10(1.0),10/01/24 11:00:00,A,EXP_PPS_EU27_2020_HAB,GDP,PC,LU,2005,56300,
ESTAT:SDG_10_10(1.0),10/01/24 11:00:00,A,EXP_PPS_EU27_2020_HAB,GDP,PC,LU,2006,62700,
ESTAT:SDG_10_10(1.0),10/01/24 11:00:00,A,EXP_PPS_EU27_2020_HAB,GDP,PC,LU,2007,67200,
ESTAT:SDG_10_10(1.0),10/01/24 11:00:00,A,EXP_PPS_EU27_2020_HAB,GDP,PC,LU,2008,70600,
ESTAT:SDG_10_10(1.0),10/01/24 11:00:00,A,EXP_PPS_EU27_2020_HAB,GDP,PC,LU,2009,65600,
ESTAT:SDG_10_10(1.0),10/01/24 11:00:00,A,EXP_PPS_EU27_2020_HAB,GDP,PC,LU,2010,68400,
ESTAT:SDG_10_10(1.0),10/01/24 11:00:00,A,EXP_PPS_EU27_2020_HAB,GDP,PC,LU,2011,70400,
ESTAT:SDG_10_10(1.0),10/01/24 11:00:00,A,EXP_PPS_EU27_2020_HAB,GDP,PC,LU,2012,71400,
ESTAT:SDG_10_10(1.0),10/01/24 11:00:00,A,EXP_PPS_EU27_2020_HAB,GDP,PC,LU,2013,72800,
ESTAT:SDG_10_10(1.0),10/01/24 11:00:00,A,EXP_PPS_EU27_2020_HAB,GDP,PC,LU,2014,75500,
ESTAT:SDG_10_10(1.0),10/01/24 11:00:00,A,EXP_PPS_EU27_2020_HAB,GDP,PC,LU,2015,77600,
ESTAT:SDG_10_10(1.0),10/01/24 11:00:00,A,EXP_PPS_EU27_2020_HAB,GDP,PC,LU,2016,78500,
ESTAT:SDG_10_10(1.0),10/01/24 11:00:00,A,EXP_PPS_EU27_2020_HAB,GDP,PC,LU,2017,79000,
ESTAT:SDG_10_10(1.0),10/01/24 11:00:00,A,EXP_PPS_EU27_2020_HAB,GDP,PC,LU,2018,79000,
ESTAT:SDG_10_10(1.0),10/01/24 11:00:00,A,EXP_PPS_EU27_2020_HAB,GDP,PC,LU,2019,78900,
ESTAT:SDG_10_10(1.0),10/01/24 11:00:00,A,EXP_PPS_EU27_2020_HAB,GDP,PC,LU,2020,78000,
ESTAT:SDG_10_10(1.0),10/01/24 11:00:00,A,EXP_PPS_EU27_2020_HAB,GDP,PC,LU,2021,87000,
ESTAT:SDG_10_10(1.0),10/01/24 11:00:00,A,EXP_PPS_EU27_2020_HAB,GDP,PC,LU,2022,90900,
ESTAT:SDG_10_10(1.0),10/01/24 11:00:00,A,EXP_PPS_EU27_2020_HAB,GDP,PC,LV,2000,6700,
ESTAT:SDG_10_10(1.0),10/01/24 11:00:00,A,EXP_PPS_EU27_2020_HAB,GDP,PC,LV,2001,7500,
ESTAT:SDG_10_10(1.0),10/01/24 11:00:00,A,EXP_PPS_EU27_2020_HAB,GDP,PC,LV,2002,8300,
ESTAT:SDG_10_10(1.0),10/01/24 11:00:00,A,EXP_PPS_EU27_2020_HAB,GDP,PC,LV,2003,9100,
ESTAT:SDG_10_10(1.0),10/01/24 11:00:00,A,EXP_PPS_EU27_2020_HAB,GDP,PC,LV,2004,10000,
ESTAT:SDG_10_10(1.0),10/01/24 11:00:00,A,EXP_PPS_EU27_2020_HAB,GDP,PC,LV,2005,11400,
ESTAT:SDG_10_10(1.0),10/01/24 11:00:00,A,EXP_PPS_EU27_2020_HAB,GDP,PC,LV,2006,12600,
ESTAT:SDG_10_10(1.0),10/01/24 11:00:00,A,EXP_PPS_EU27_2020_HAB,GDP,PC,LV,2007,14400,
ESTAT:SDG_10_10(1.0),10/01/24 11:00:00,A,EXP_PPS_EU27_2020_HAB,GDP,PC,LV,2008,15200,
ESTAT:SDG_10_10(1.0),10/01/24 11:00:00,A,EXP_PPS_EU27_2020_HAB,GDP,PC,LV,2009,12900,
ESTAT:SDG_10_10(1.0),10/01/24 11:00:00,A,EXP_PPS_EU27_2020_HAB,GDP,PC,LV,2010,13400,
ESTAT:SDG_10_10(1.0),10/01/24 11:00:00,A,EXP_PPS_EU27_2020_HAB,GDP,PC,LV,2011,14300,
ESTAT:SDG_10_10(1.0),10/01/24 11:00:00,A,EXP_PPS_EU27_2020_HAB,GDP,PC,LV,2012,15700,
ESTAT:SDG_10_10(1.0),10/01/24 11:00:00,A,EXP_PPS_EU27_2020_HAB,GDP,PC,LV,2013,16300,
ESTAT:SDG_10_10(1.0),10/01/24 11:00:00,A,EXP_PPS_EU27_2020_HAB,GDP,PC,LV,2014,17100,
ESTAT:SDG_10_10(1.0),10/01/24 11:00:00,A,EXP_PPS_EU27_2020_HAB,GDP,PC,LV,2015,18000,
ESTAT:SDG_10_10(1.0),10/01/24 11:00:00,A,EXP_PPS_EU27_2020_HAB,GDP,PC,LV,2016,18600,
ESTAT:SDG_10_10(1.0),10/01/24 11:00:00,A,EXP_PPS_EU27_2020_HAB,GDP,PC,LV,2017,19700,
ESTAT:SDG_10_10(1.0),10/01/24 11:00:00,A,EXP_PPS_EU27_2020_HAB,GDP,PC,LV,2018,20900,
ESTAT:SDG_10_10(1.0),10/01/24 11:00:00,A,EXP_PPS_EU27_2020_HAB,GDP,PC,LV,2019,21700,
ESTAT:SDG_10_10(1.0),10/01/24 11:00:00,A,EXP_PPS_EU27_2020_HAB,GDP,PC,LV,2020,21500,
ESTAT:SDG_10_10(1.0),10/01/24 11:00:00,A,EXP_PPS_EU27_2020_HAB,GDP,PC,LV,2021,23200,
ESTAT:SDG_10_10(1.0),10/01/24 11:00:00,A,EXP_PPS_EU27_2020_HAB,GDP,PC,LV,2022,25700,
ESTAT:SDG_10_10(1.0),10/01/24 11:00:00,A,EXP_PPS_EU27_2020_HAB,GDP,PC,ME,2006,8300,
ESTAT:SDG_10_10(1.0),10/01/24 11:00:00,A,EXP_PPS_EU27_2020_HAB,GDP,PC,ME,2007,9800,
ESTAT:SDG_10_10(1.0),10/01/24 11:00:00,A,EXP_PPS_EU27_2020_HAB,GDP,PC,ME,2008,10700,
ESTAT:SDG_10_10(1.0),10/01/24 11:00:00,A,EXP_PPS_EU27_2020_HAB,GDP,PC,ME,2009,9800,
ESTAT:SDG_10_10(1.0),10/01/24 11:00:00,A,EXP_PPS_EU27_2020_HAB,GDP,PC,ME,2010,10300,
ESTAT:SDG_10_10(1.0),10/01/24 11:00:00,A,EXP_PPS_EU27_2020_HAB,GDP,PC,ME,2011,10800,
ESTAT:SDG_10_10(1.0),10/01/24 11:00:00,A,EXP_PPS_EU27_2020_HAB,GDP,PC,ME,2012,10200,
ESTAT:SDG_10_10(1.0),10/01/24 11:00:00,A,EXP_PPS_EU27_2020_HAB,GDP,PC,ME,2013,10700,
ESTAT:SDG_10_10(1.0),10/01/24 11:00:00,A,EXP_PPS_EU27_2020_HAB,GDP,PC,ME,2014,11000,
ESTAT:SDG_10_10(1.0),10/01/24 11:00:00,A,EXP_PPS_EU27_2020_HAB,GDP,PC,ME,2015,11700,
ESTAT:SDG_10_10(1.0),10/01/24 11:00:00,A,EXP_PPS_EU27_2020_HAB,GDP,PC,ME,2016,12600,
ESTAT:SDG_10_10(1.0),10/01/24 11:00:00,A,EXP_PPS_EU27_2020_HAB,GDP,PC,ME,2017,13500,
ESTAT:SDG_10_10(1.0),10/01/24 11:00:00,A,EXP_PPS_EU27_2020_HAB,GDP,PC,ME,2018,14600,
ESTAT:SDG_10_10(1.0),10/01/24 11:00:00,A,EXP_PPS_EU27_2020_HAB,GDP,PC,ME,2019,15700,
ESTAT:SDG_10_10(1.0),10/01/24 11:00:00,A,EXP_PPS_EU27_2020_HAB,GDP,PC,ME,2020,13400,
ESTAT:SDG_10_10(1.0),10/01/24 11:00:00,A,EXP_PPS_EU27_2020_HAB,GDP,PC,ME,2021,15500,
ESTAT:SDG_10_10(1.0),10/01/24 11:00:00,A,EXP_PPS_EU27_2020_HAB,GDP,PC,ME,2022,17600,
ESTAT:SDG_10_10(1.0),10/01/24 11:00:00,A,EXP_PPS_EU27_2020_HAB,GDP,PC,MK,2000,5100,
ESTAT:SDG_10_10(1.0),10/01/24 11:00:00,A,EXP_PPS_EU27_2020_HAB,GDP,PC,MK,2001,5000,
ESTAT:SDG_10_10(1.0),10/01/24 11:00:00,A,EXP_PPS_EU27_2020_HAB,GDP,PC,MK,2002,5200,
ESTAT:SDG_10_10(1.0),10/01/24 11:00:00,A,EXP_PPS_EU27_2020_HAB,GDP,PC,MK,2003,5400,
ESTAT:SDG_10_10(1.0),10/01/24 11:00:00,A,EXP_PPS_EU27_2020_HAB,GDP,PC,MK,2004,5900,
ESTAT:SDG_10_10(1.0),10/01/24 11:00:00,A,EXP_PPS_EU27_2020_HAB,GDP,PC,MK,2005,6400,
ESTAT:SDG_10_10(1.0),10/01/24 11:00:00,A,EXP_PPS_EU27_2020_HAB,GDP,PC,MK,2006,6900,
ESTAT:SDG_10_10(1.0),10/01/24 11:00:00,A,EXP_PPS_EU27_2020_HAB,GDP,PC,MK,2007,7400,
ESTAT:SDG_10_10(1.0),10/01/24 11:00:00,A,EXP_PPS_EU27_2020_HAB,GDP,PC,MK,2008,8200,
ESTAT:SDG_10_10(1.0),10/01/24 11:00:00,A,EXP_PPS_EU27_2020_HAB,GDP,PC,MK,2009,8300,
ESTAT:SDG_10_10(1.0),10/01/24 11:00:00,A,EXP_PPS_EU27_2020_HAB,GDP,PC,MK,2010,8600,
ESTAT:SDG_10_10(1.0),10/01/24 11:00:00,A,EXP_PPS_EU27_2020_HAB,GDP,PC,MK,2011,8700,
ESTAT:SDG_10_10(1.0),10/01/24 11:00:00,A,EXP_PPS_EU27_2020_HAB,GDP,PC,MK,2012,8800,
ESTAT:SDG_10_10(1.0),10/01/24 11:00:00,A,EXP_PPS_EU27_2020_HAB,GDP,PC,MK,2013,9200,
ESTAT:SDG_10_10(1.0),10/01/24 11:00:00,A,EXP_PPS_EU27_2020_HAB,GDP,PC,MK,2014,9600,
ESTAT:SDG_10_10(1.0),10/01/24 11:00:00,A,EXP_PPS_EU27_2020_HAB,GDP,PC,MK,2015,10000,
ESTAT:SDG_10_10(1.0),10/01/24 11:00:00,A,EXP_PPS_EU27_2020_HAB,GDP,PC,MK,2016,10500,
ESTAT:SDG_10_10(1.0),10/01/24 11:00:00,A,EXP_PPS_EU27_2020_HAB,GDP,PC,MK,2017,10800,
ESTAT:SDG_10_10(1.0),10/01/24 11:00:00,A,EXP_PPS_EU27_2020_HAB,GDP,PC,MK,2018,11400,
ESTAT:SDG_10_10(1.0),10/01/24 11:00:00,A,EXP_PPS_EU27_2020_HAB,GDP,PC,MK,2019,11900,
ESTAT:SDG_10_10(1.0),10/01/24 11:00:00,A,EXP_PPS_EU27_2020_HAB,GDP,PC,MK,2020,11400,
ESTAT:SDG_10_10(1.0),10/01/24 11:00:00,A,EXP_PPS_EU27_2020_HAB,GDP,PC,MK,2021,13300,
ESTAT:SDG_10_10(1.0),10/01/24 11:00:00,A,EXP_PPS_EU27_2020_HAB,GDP,PC,MK,2022,14800,
ESTAT:SDG_10_10(1.0),10/01/24 11:00:00,A,EXP_PPS_EU27_2020_HAB,GDP,PC,MT,2000,15300,
ESTAT:SDG_10_10(1.0),10/01/24 11:00:00,A,EXP_PPS_EU27_2020_HAB,GDP,PC,MT,2001,15300,
ESTAT:SDG_10_10(1.0),10/01/24 11:00:00,A,EXP_PPS_EU27_2020_HAB,GDP,PC,MT,2002,16100,
ESTAT:SDG_10_10(1.0),10/01/24 11:00:00,A,EXP_PPS_EU27_2020_HAB,GDP,PC,MT,2003,17200,
ESTAT:SDG_10_10(1.0),10/01/24 11:00:00,A,EXP_PPS_EU27_2020_HAB,GDP,PC,MT,2004,17600,
ESTAT:SDG_10_10(1.0),10/01/24 11:00:00,A,EXP_PPS_EU27_2020_HAB,GDP,PC,MT,2005,18300,
ESTAT:SDG_10_10(1.0),10/01/24 11:00:00,A,EXP_PPS_EU27_2020_HAB,GDP,PC,MT,2006,18500,
ESTAT:SDG_10_10(1.0),10/01/24 11:00:00,A,EXP_PPS_EU27_2020_HAB,GDP,PC,MT,2007,19800,
ESTAT:SDG_10_10(1.0),10/01/24 11:00:00,A,EXP_PPS_EU27_2020_HAB,GDP,PC,MT,2008,20600,
ESTAT:SDG_10_10(1.0),10/01/24 11:00:00,A,EXP_PPS_EU27_2020_HAB,GDP,PC,MT,2009,20100,
ESTAT:SDG_10_10(1.0),10/01/24 11:00:00,A,EXP_PPS_EU27_2020_HAB,GDP,PC,MT,2010,21700,
ESTAT:SDG_10_10(1.0),10/01/24 11:00:00,A,EXP_PPS_EU27_2020_HAB,GDP,PC,MT,2011,21600,
ESTAT:SDG_10_10(1.0),10/01/24 11:00:00,A,EXP_PPS_EU27_2020_HAB,GDP,PC,MT,2012,22300,
ESTAT:SDG_10_10(1.0),10/01/24 11:00:00,A,EXP_PPS_EU27_2020_HAB,GDP,PC,MT,2013,23300,
ESTAT:SDG_10_10(1.0),10/01/24 11:00:00,A,EXP_PPS_EU27_2020_HAB,GDP,PC,MT,2014,24600,
ESTAT:SDG_10_10(1.0),10/01/24 11:00:00,A,EXP_PPS_EU27_2020_HAB,GDP,PC,MT,2015,26900,
ESTAT:SDG_10_10(1.0),10/01/24 11:00:00,A,EXP_PPS_EU27_2020_HAB,GDP,PC,MT,2016,27600,
ESTAT:SDG_10_10(1.0),10/01/24 11:00:00,A,EXP_PPS_EU27_2020_HAB,GDP,PC,MT,2017,29800,
ESTAT:SDG_10_10(1.0),10/01/24 11:00:00,A,EXP_PPS_EU27_2020_HAB,GDP,PC,MT,2018,31100,
ESTAT:SDG_10_10(1.0),10/01/24 11:00:00,A,EXP_PPS_EU27_2020_HAB,GDP,PC,MT,2019,32700,
ESTAT:SDG_10_10(1.0),10/01/24 11:00:00,A,EXP_PPS_EU27_2020_HAB,GDP,PC,MT,2020,29700,
ESTAT:SDG_10_10(1.0),10/01/24 11:00:00,A,EXP_PPS_EU27_2020_HAB,GDP,PC,MT,2021,33700,
ESTAT:SDG_10_10(1.0),10/01/24 11:00:00,A,EXP_PPS_EU27_2020_HAB,GDP,PC,MT,2022,36900,
ESTAT:SDG_10_10(1.0),10/01/24 11:00:00,A,EXP_PPS_EU27_2020_HAB,GDP,PC,NL,2000,26500,
ESTAT:SDG_10_10(1.0),10/01/24 11:00:00,A,EXP_PPS_EU27_2020_HAB,GDP,PC,NL,2001,27500,
ESTAT:SDG_10_10(1.0),10/01/24 11:00:00,A,EXP_PPS_EU27_2020_HAB,GDP,PC,NL,2002,28200,
ESTAT:SDG_10_10(1.0),10/01/24 11:00:00,A,EXP_PPS_EU27_2020_HAB,GDP,PC,NL,2003,28000,
ESTAT:SDG_10_10(1.0),10/01/24 11:00:00,A,EXP_PPS_EU27_2020_HAB,GDP,PC,NL,2004,29300,
ESTAT:SDG_10_10(1.0),10/01/24 11:00:00,A,EXP_PPS_EU27_2020_HAB,GDP,PC,NL,2005,30800,
ESTAT:SDG_10_10(1.0),10/01/24 11:00:00,A,EXP_PPS_EU27_2020_HAB,GDP,PC,NL,2006,32600,
ESTAT:SDG_10_10(1.0),10/01/24 11:00:00,A,EXP_PPS_EU27_2020_HAB,GDP,PC,NL,2007,34700,
ESTAT:SDG_10_10(1.0),10/01/24 11:00:00,A,EXP_PPS_EU27_2020_HAB,GDP,PC,NL,2008,36000,
ESTAT:SDG_10_10(1.0),10/01/24 11:00:00,A,EXP_PPS_EU27_2020_HAB,GDP,PC,NL,2009,33600,
ESTAT:SDG_10_10(1.0),10/01/24 11:00:00,A,EXP_PPS_EU27_2020_HAB,GDP,PC,NL,2010,34100,
ESTAT:SDG_10_10(1.0),10/01/24 11:00:00,A,EXP_PPS_EU27_2020_HAB,GDP,PC,NL,2011,34700,
ESTAT:SDG_10_10(1.0),10/01/24 11:00:00,A,EXP_PPS_EU27_2020_HAB,GDP,PC,NL,2012,34900,
ESTAT:SDG_10_10(1.0),10/01/24 11:00:00,A,EXP_PPS_EU27_2020_HAB,GDP,PC,NL,2013,35500,
ESTAT:SDG_10_10(1.0),10/01/24 11:00:00,A,EXP_PPS_EU27_2020_HAB,GDP,PC,NL,2014,35300,
ESTAT:SDG_10_10(1.0),10/01/24 11:00:00,A,EXP_PPS_EU27_2020_HAB,GDP,PC,NL,2015,36200,
ESTAT:SDG_10_10(1.0),10/01/24 11:00:00,A,EXP_PPS_EU27_2020_HAB,GDP,PC,NL,2016,36300,
ESTAT:SDG_10_10(1.0),10/01/24 11:00:00,A,EXP_PPS_EU27_2020_HAB,GDP,PC,NL,2017,37800,
ESTAT:SDG_10_10(1.0),10/01/24 11:00:00,A,EXP_PPS_EU27_2020_HAB,GDP,PC,NL,2018,39200,
ESTAT:SDG_10_10(1.0),10/01/24 11:00:00,A,EXP_PPS_EU27_2020_HAB,GDP,PC,NL,2019,39700,
ESTAT:SDG_10_10(1.0),10/01/24 11:00:00,A,EXP_PPS_EU27_2020_HAB,GDP,PC,NL,2020,39000,
ESTAT:SDG_10_10(1.0),10/01/24 11:00:00,A,EXP_PPS_EU27_2020_HAB,GDP,PC,NL,2021,42700,
ESTAT:SDG_10_10(1.0),10/01/24 11:00:00,A,EXP_PPS_EU27_2020_HAB,GDP,PC,NL,2022,46300,
ESTAT:SDG_10_10(1.0),10/01/24 11:00:00,A,EXP_PPS_EU27_2020_HAB,GDP,PC,NO,2000,30700,
ESTAT:SDG_10_10(1.0),10/01/24 11:00:00,A,EXP_PPS_EU27_2020_HAB,GDP,PC,NO,2001,31300,
ESTAT:SDG_10_10(1.0),10/01/24 11:00:00,A,EXP_PPS_EU27_2020_HAB,GDP,PC,NO,2002,31200,
ESTAT:SDG_10_10(1.0),10/01/24 11:00:00,A,EXP_PPS_EU27_2020_HAB,GDP,PC,NO,2003,31800,
ESTAT:SDG_10_10(1.0),10/01/24 11:00:00,A,EXP_PPS_EU27_2020_HAB,GDP,PC,NO,2004,34900,
ESTAT:SDG_10_10(1.0),10/01/24 11:00:00,A,EXP_PPS_EU27_2020_HAB,GDP,PC,NO,2005,39300,
ESTAT:SDG_10_10(1.0),10/01/24 11:00:00,A,EXP_PPS_EU27_2020_HAB,GDP,PC,NO,2006,43200,
ESTAT:SDG_10_10(1.0),10/01/24 11:00:00,A,EXP_PPS_EU27_2020_HAB,GDP,PC,NO,2007,44300,
ESTAT:SDG_10_10(1.0),10/01/24 11:00:00,A,EXP_PPS_EU27_2020_HAB,GDP,PC,NO,2008,48200,
ESTAT:SDG_10_10(1.0),10/01/24 11:00:00,A,EXP_PPS_EU27_2020_HAB,GDP,PC,NO,2009,42000,
ESTAT:SDG_10_10(1.0),10/01/24 11:00:00,A,EXP_PPS_EU27_2020_HAB,GDP,PC,NO,2010,44100,
ESTAT:SDG_10_10(1.0),10/01/24 11:00:00,A,EXP_PPS_EU27_2020_HAB,GDP,PC,NO,2011,46500,
ESTAT:SDG_10_10(1.0),10/01/24 11:00:00,A,EXP_PPS_EU27_2020_HAB,GDP,PC,NO,2012,48600,
ESTAT:SDG_10_10(1.0),10/01/24 11:00:00,A,EXP_PPS_EU27_2020_HAB,GDP,PC,NO,2013,48600,
ESTAT:SDG_10_10(1.0),10/01/24 11:00:00,A,EXP_PPS_EU27_2020_HAB,GDP,PC,NO,2014,47500,
ESTAT:SDG_10_10(1.0),10/01/24 11:00:00,A,EXP_PPS_EU27_2020_HAB,GDP,PC,NO,2015,43700,
ESTAT:SDG_10_10(1.0),10/01/24 11:00:00,A,EXP_PPS_EU27_2020_HAB,GDP,PC,NO,2016,41200,
ESTAT:SDG_10_10(1.0),10/01/24 11:00:00,A,EXP_PPS_EU27_2020_HAB,GDP,PC,NO,2017,44400,
ESTAT:SDG_10_10(1.0),10/01/24 11:00:00,A,EXP_PPS_EU27_2020_HAB,GDP,PC,NO,2018,47600,
ESTAT:SDG_10_10(1.0),10/01/24 11:00:00,A,EXP_PPS_EU27_2020_HAB,GDP,PC,NO,2019,46100,
ESTAT:SDG_10_10(1.0),10/01/24 11:00:00,A,EXP_PPS_EU27_2020_HAB,GDP,PC,NO,2020,42900,
ESTAT:SDG_10_10(1.0),10/01/24 11:00:00,A,EXP_PPS_EU27_2020_HAB,GDP,PC,NO,2021,54800,
ESTAT:SDG_10_10(1.0),10/01/24 11:00:00,A,EXP_PPS_EU27_2020_HAB,GDP,PC,NO,2022,75300,
ESTAT:SDG_10_10(1.0),10/01/24 11:00:00,A,EXP_PPS_EU27_2020_HAB,GDP,PC,PL,2000,8900,
ESTAT:SDG_10_10(1.0),10/01/24 11:00:00,A,EXP_PPS_EU27_2020_HAB,GDP,PC,PL,2001,9200,
ESTAT:SDG_10_10(1.0),10/01/24 11:00:00,A,EXP_PPS_EU27_2020_HAB,GDP,PC,PL,2002,9700,
ESTAT:SDG_10_10(1.0),10/01/24 11:00:00,A,EXP_PPS_EU27_2020_HAB,GDP,PC,PL,2003,10100,
ESTAT:SDG_10_10(1.0),10/01/24 11:00:00,A,EXP_PPS_EU27_2020_HAB,GDP,PC,PL,2004,10900,
ESTAT:SDG_10_10(1.0),10/01/24 11:00:00,A,EXP_PPS_EU27_2020_HAB,GDP,PC,PL,2005,11400,
ESTAT:SDG_10_10(1.0),10/01/24 11:00:00,A,EXP_PPS_EU27_2020_HAB,GDP,PC,PL,2006,12000,
ESTAT:SDG_10_10(1.0),10/01/24 11:00:00,A,EXP_PPS_EU27_2020_HAB,GDP,PC,PL,2007,13300,
ESTAT:SDG_10_10(1.0),10/01/24 11:00:00,A,EXP_PPS_EU27_2020_HAB,GDP,PC,PL,2008,14200,
ESTAT:SDG_10_10(1.0),10/01/24 11:00:00,A,EXP_PPS_EU27_2020_HAB,GDP,PC,PL,2009,14400,
ESTAT:SDG_10_10(1.0),10/01/24 11:00:00,A,EXP_PPS_EU27_2020_HAB,GDP,PC,PL,2010,15600,
ESTAT:SDG_10_10(1.0),10/01/24 11:00:00,A,EXP_PPS_EU27_2020_HAB,GDP,PC,PL,2011,16700,
ESTAT:SDG_10_10(1.0),10/01/24 11:00:00,A,EXP_PPS_EU27_2020_HAB,GDP,PC,PL,2012,17200,
ESTAT:SDG_10_10(1.0),10/01/24 11:00:00,A,EXP_PPS_EU27_2020_HAB,GDP,PC,PL,2013,17300,
ESTAT:SDG_10_10(1.0),10/01/24 11:00:00,A,EXP_PPS_EU27_2020_HAB,GDP,PC,PL,2014,17900,
ESTAT:SDG_10_10(1.0),10/01/24 11:00:00,A,EXP_PPS_EU27_2020_HAB,GDP,PC,PL,2015,19000,
ESTAT:SDG_10_10(1.0),10/01/24 11:00:00,A,EXP_PPS_EU27_2020_HAB,GDP,PC,PL,2016,19300,
ESTAT:SDG_10_10(1.0),10/01/24 11:00:00,A,EXP_PPS_EU27_2020_HAB,GDP,PC,PL,2017,20300,
ESTAT:SDG_10_10(1.0),10/01/24 11:00:00,A,EXP_PPS_EU27_2020_HAB,GDP,PC,PL,2018,21500,
ESTAT:SDG_10_10(1.0),10/01/24 11:00:00,A,EXP_PPS_EU27_2020_HAB,GDP,PC,PL,2019,22800,
ESTAT:SDG_10_10(1.0),10/01/24 11:00:00,A,EXP_PPS_EU27_2020_HAB,GDP,PC,PL,2020,22900,
ESTAT:SDG_10_10(1.0),10/01/24 11:00:00,A,EXP_PPS_EU27_2020_HAB,GDP,PC,PL,2021,25200,
ESTAT:SDG_10_10(1.0),10/01/24 11:00:00,A,EXP_PPS_EU27_2020_HAB,GDP,PC,PL,2022,28200,
ESTAT:SDG_10_10(1.0),10/01/24 11:00:00,A,EXP_PPS_EU27_2020_HAB,GDP,PC,PT,2000,15700,
ESTAT:SDG_10_10(1.0),10/01/24 11:00:00,A,EXP_PPS_EU27_2020_HAB,GDP,PC,PT,2001,16200,
ESTAT:SDG_10_10(1.0),10/01/24 11:00:00,A,EXP_PPS_EU27_2020_HAB,GDP,PC,PT,2002,16700,
ESTAT:SDG_10_10(1.0),10/01/24 11:00:00,A,EXP_PPS_EU27_2020_HAB,GDP,PC,PT,2003,17100,
ESTAT:SDG_10_10(1.0),10/01/24 11:00:00,A,EXP_PPS_EU27_2020_HAB,GDP,PC,PT,2004,17500,
ESTAT:SDG_10_10(1.0),10/01/24 11:00:00,A,EXP_PPS_EU27_2020_HAB,GDP,PC,PT,2005,18600,
ESTAT:SDG_10_10(1.0),10/01/24 11:00:00,A,EXP_PPS_EU27_2020_HAB,GDP,PC,PT,2006,19600,
ESTAT:SDG_10_10(1.0),10/01/24 11:00:00,A,EXP_PPS_EU27_2020_HAB,GDP,PC,PT,2007,20300,
ESTAT:SDG_10_10(1.0),10/01/24 11:00:00,A,EXP_PPS_EU27_2020_HAB,GDP,PC,PT,2008,20700,
ESTAT:SDG_10_10(1.0),10/01/24 11:00:00,A,EXP_PPS_EU27_2020_HAB,GDP,PC,PT,2009,20000,
ESTAT:SDG_10_10(1.0),10/01/24 11:00:00,A,EXP_PPS_EU27_2020_HAB,GDP,PC,PT,2010,20600,
ESTAT:SDG_10_10(1.0),10/01/24 11:00:00,A,EXP_PPS_EU27_2020_HAB,GDP,PC,PT,2011,19900,
ESTAT:SDG_10_10(1.0),10/01/24 11:00:00,A,EXP_PPS_EU27_2020_HAB,GDP,PC,PT,2012,19500,
ESTAT:SDG_10_10(1.0),10/01/24 11:00:00,A,EXP_PPS_EU27_2020_HAB,GDP,PC,PT,2013,20200,
ESTAT:SDG_10_10(1.0),10/01/24 11:00:00,A,EXP_PPS_EU27_2020_HAB,GDP,PC,PT,2014,20600,
ESTAT:SDG_10_10(1.0),10/01/24 11:00:00,A,EXP_PPS_EU27_2020_HAB,GDP,PC,PT,2015,21300,
ESTAT:SDG_10_10(1.0),10/01/24 11:00:00,A,EXP_PPS_EU27_2020_HAB,GDP,PC,PT,2016,22000,
ESTAT:SDG_10_10(1.0),10/01/24 11:00:00,A,EXP_PPS_EU27_2020_HAB,GDP,PC,PT,2017,22700,
ESTAT:SDG_10_10(1.0),10/01/24 11:00:00,A,EXP_PPS_EU27_2020_HAB,GDP,PC,PT,2018,23700,
ESTAT:SDG_10_10(1.0),10/01/24 11:00:00,A,EXP_PPS_EU27_2020_HAB,GDP,PC,PT,2019,24600,
ESTAT:SDG_10_10(1.0),10/01/24 11:00:00,A,EXP_PPS_EU27_2020_HAB,GDP,PC,PT,2020,22900,
ESTAT:SDG_10_10(1.0),10/01/24 11:00:00,A,EXP_PPS_EU27_2020_HAB,GDP,PC,PT,2021,24600,
ESTAT:SDG_10_10(1.0),10/01/24 11:00:00,A,EXP_PPS_EU27_2020_HAB,GDP,PC,PT,2022,27900,
ESTAT:SDG_10_10(1.0),10/01/24 11:00:00,A,EXP_PPS_EU27_2020_HAB,GDP,PC,RO,2000,4900,
ESTAT:SDG_10_10(1.0),10/01/24 11:00:00,A,EXP_PPS_EU27_2020_HAB,GDP,PC,RO,2001,5300,
ESTAT:SDG_10_10(1.0),10/01/24 11:00:00,A,EXP_PPS_EU27_2020_HAB,GDP,PC,RO,2002,5900,
ESTAT:SDG_10_10(1.0),10/01/24 11:00:00,A,EXP_PPS_EU27_2020_HAB,GDP,PC,RO,2003,6200,
ESTAT:SDG_10_10(1.0),10/01/24 11:00:00,A,EXP_PPS_EU27_2020_HAB,GDP,PC,RO,2004,7300,
ESTAT:SDG_10_10(1.0),10/01/24 11:00:00,A,EXP_PPS_EU27_2020_HAB,GDP,PC,RO,2005,7900,
ESTAT:SDG_10_10(1.0),10/01/24 11:00:00,A,EXP_PPS_EU27_2020_HAB,GDP,PC,RO,2006,9200,
ESTAT:SDG_10_10(1.0),10/01/24 11:00:00,A,EXP_PPS_EU27_2020_HAB,GDP,PC,RO,2007,10800,
ESTAT:SDG_10_10(1.0),10/01/24 11:00:00,A,EXP_PPS_EU27_2020_HAB,GDP,PC,RO,2008,13000,
ESTAT:SDG_10_10(1.0),10/01/24 11:00:00,A,EXP_PPS_EU27_2020_HAB,GDP,PC,RO,2009,12600,
ESTAT:SDG_10_10(1.0),10/01/24 11:00:00,A,EXP_PPS_EU27_2020_HAB,GDP,PC,RO,2010,13100,
ESTAT:SDG_10_10(1.0),10/01/24 11:00:00,A,EXP_PPS_EU27_2020_HAB,GDP,PC,RO,2011,14000,
ESTAT:SDG_10_10(1.0),10/01/24 11:00:00,A,EXP_PPS_EU27_2020_HAB,GDP,PC,RO,2012,14600,
ESTAT:SDG_10_10(1.0),10/01/24 11:00:00,A,EXP_PPS_EU27_2020_HAB,GDP,PC,RO,2013,14200,
ESTAT:SDG_10_10(1.0),10/01/24 11:00:00,A,EXP_PPS_EU27_2020_HAB,GDP,PC,RO,2014,14800,
ESTAT:SDG_10_10(1.0),10/01/24 11:00:00,A,EXP_PPS_EU27_2020_HAB,GDP,PC,RO,2015,15500,
ESTAT:SDG_10_10(1.0),10/01/24 11:00:00,A,EXP_PPS_EU27_2020_HAB,GDP,PC,RO,2016,16600,
ESTAT:SDG_10_10(1.0),10/01/24 11:00:00,A,EXP_PPS_EU27_2020_HAB,GDP,PC,RO,2017,18500,
ESTAT:SDG_10_10(1.0),10/01/24 11:00:00,A,EXP_PPS_EU27_2020_HAB,GDP,PC,RO,2018,20000,
ESTAT:SDG_10_10(1.0),10/01/24 11:00:00,A,EXP_PPS_EU27_2020_HAB,GDP,PC,RO,2019,21800,
ESTAT:SDG_10_10(1.0),10/01/24 11:00:00,A,EXP_PPS_EU27_2020_HAB,GDP,PC,RO,2020,21900,
ESTAT:SDG_10_10(1.0),10/01/24 11:00:00,A,EXP_PPS_EU27_2020_HAB,GDP,PC,RO,2021,23900,
ESTAT:SDG_10_10(1.0),10/01/24 11:00:00,A,EXP_PPS_EU27_2020_HAB,GDP,PC,RO,2022,26800,
ESTAT:SDG_10_10(1.0),10/01/24 11:00:00,A,EXP_PPS_EU27_2020_HAB,GDP,PC,RS,2000,5000,
ESTAT:SDG_10_10(1.0),10/01/24 11:00:00,A,EXP_PPS_EU27_2020_HAB,GDP,PC,RS,2001,5400,
ESTAT:SDG_10_10(1.0),10/01/24 11:00:00,A,EXP_PPS_EU27_2020_HAB,GDP,PC,RS,2002,5900,
ESTAT:SDG_10_10(1.0),10/01/24 11:00:00,A,EXP_PPS_EU27_2020_HAB,GDP,PC,RS,2003,6300,
ESTAT:SDG_10_10(1.0),10/01/24 11:00:00,A,EXP_PPS_EU27_2020_HAB,GDP,PC,RS,2004,6900,
ESTAT:SDG_10_10(1.0),10/01/24 11:00:00,A,EXP_PPS_EU27_2020_HAB,GDP,PC,RS,2005,7500,
ESTAT:SDG_10_10(1.0),10/01/24 11:00:00,A,EXP_PPS_EU27_2020_HAB,GDP,PC,RS,2006,8100,
ESTAT:SDG_10_10(1.0),10/01/24 11:00:00,A,EXP_PPS_EU27_2020_HAB,GDP,PC,RS,2007,8900,
ESTAT:SDG_10_10(1.0),10/01/24 11:00:00,A,EXP_PPS_EU27_2020_HAB,GDP,PC,RS,2008,9800,
ESTAT:SDG_10_10(1.0),10/01/24 11:00:00,A,EXP_PPS_EU27_2020_HAB,GDP,PC,RS,2009,9500,
ESTAT:SDG_10_10(1.0),10/01/24 11:00:00,A,EXP_PPS_EU27_2020_HAB,GDP,PC,RS,2010,9700,
ESTAT:SDG_10_10(1.0),10/01/24 11:00:00,A,EXP_PPS_EU27_2020_HAB,GDP,PC,RS,2011,10200,
ESTAT:SDG_10_10(1.0),10/01/24 11:00:00,A,EXP_PPS_EU27_2020_HAB,GDP,PC,RS,2012,10300,
ESTAT:SDG_10_10(1.0),10/01/24 11:00:00,A,EXP_PPS_EU27_2020_HAB,GDP,PC,RS,2013,10600,
ESTAT:SDG_10_10(1.0),10/01/24 11:00:00,A,EXP_PPS_EU27_2020_HAB,GDP,PC,RS,2014,10500,
ESTAT:SDG_10_10(1.0),10/01/24 11:00:00,A,EXP_PPS_EU27_2020_HAB,GDP,PC,RS,2015,10700,
ESTAT:SDG_10_10(1.0),10/01/24 11:00:00,A,EXP_PPS_EU27_2020_HAB,GDP,PC,RS,2016,11000,
ESTAT:SDG_10_10(1.0),10/01/24 11:00:00,A,EXP_PPS_EU27_2020_HAB,GDP,PC,RS,2017,11400,
ESTAT:SDG_10_10(1.0),10/01/24 11:00:00,A,EXP_PPS_EU27_2020_HAB,GDP,PC,RS,2018,12000,
ESTAT:SDG_10_10(1.0),10/01/24 11:00:00,A,EXP_PPS_EU27_2020_HAB,GDP,PC,RS,2019,12800,
ESTAT:SDG_10_10(1.0),10/01/24 11:00:00,A,EXP_PPS_EU27_2020_HAB,GDP,PC,RS,2020,12800,
ESTAT:SDG_10_10(1.0),10/01/24 11:00:00,A,EXP_PPS_EU27_2020_HAB,GDP,PC,RS,2021,14200,
ESTAT:SDG_10_10(1.0),10/01/24 11:00:00,A,EXP_PPS_EU27_2020_HAB,GDP,PC,RS,2022,15600,
ESTAT:SDG_10_10(1.0),10/01/24 11:00:00,A,EXP_PPS_EU27_2020_HAB,GDP,PC,SE,2000,24600,
ESTAT:SDG_10_10(1.0),10/01/24 11:00:00,A,EXP_PPS_EU27_2020_HAB,GDP,PC,SE,2001,24800,
ESTAT:SDG_10_10(1.0),10/01/24 11:00:00,A,EXP_PPS_EU27_2020_HAB,GDP,PC,SE,2002,25300,
ESTAT:SDG_10_10(1.0),10/01/24 11:00:00,A,EXP_PPS_EU27_2020_HAB,GDP,PC,SE,2003,26100,
ESTAT:SDG_10_10(1.0),10/01/24 11:00:00,A,EXP_PPS_EU27_2020_HAB,GDP,PC,SE,2004,27700,
ESTAT:SDG_10_10(1.0),10/01/24 11:00:00,A,EXP_PPS_EU27_2020_HAB,GDP,PC,SE,2005,28000,
ESTAT:SDG_10_10(1.0),10/01/24 11:00:00,A,EXP_PPS_EU27_2020_HAB,GDP,PC,SE,2006,30000,
ESTAT:SDG_10_10(1.0),10/01/24 11:00:00,A,EXP_PPS_EU27_2020_HAB,GDP,PC,SE,2007,32300,
ESTAT:SDG_10_10(1.0),10/01/24 11:00:00,A,EXP_PPS_EU27_2020_HAB,GDP,PC,SE,2008,32700,
ESTAT:SDG_10_10(1.0),10/01/24 11:00:00,A,EXP_PPS_EU27_2020_HAB,GDP,PC,SE,2009,30400,
ESTAT:SDG_10_10(1.0),10/01/24 11:00:00,A,EXP_PPS_EU27_2020_HAB,GDP,PC,SE,2010,32000,
ESTAT:SDG_10_10(1.0),10/01/24 11:00:00,A,EXP_PPS_EU27_2020_HAB,GDP,PC,SE,2011,33200,
ESTAT:SDG_10_10(1.0),10/01/24 11:00:00,A,EXP_PPS_EU27_2020_HAB,GDP,PC,SE,2012,33500,
ESTAT:SDG_10_10(1.0),10/01/24 11:00:00,A,EXP_PPS_EU27_2020_HAB,GDP,PC,SE,2013,33400,
ESTAT:SDG_10_10(1.0),10/01/24 11:00:00,A,EXP_PPS_EU27_2020_HAB,GDP,PC,SE,2014,33800,
ESTAT:SDG_10_10(1.0),10/01/24 11:00:00,A,EXP_PPS_EU27_2020_HAB,GDP,PC,SE,2015,35300,
ESTAT:SDG_10_10(1.0),10/01/24 11:00:00,A,EXP_PPS_EU27_2020_HAB,GDP,PC,SE,2016,35000,
ESTAT:SDG_10_10(1.0),10/01/24 11:00:00,A,EXP_PPS_EU27_2020_HAB,GDP,PC,SE,2017,35700,
ESTAT:SDG_10_10(1.0),10/01/24 11:00:00,A,EXP_PPS_EU27_2020_HAB,GDP,PC,SE,2018,36300,
ESTAT:SDG_10_10(1.0),10/01/24 11:00:00,A,EXP_PPS_EU27_2020_HAB,GDP,PC,SE,2019,37200,
ESTAT:SDG_10_10(1.0),10/01/24 11:00:00,A,EXP_PPS_EU27_2020_HAB,GDP,PC,SE,2020,36900,
ESTAT:SDG_10_10(1.0),10/01/24 11:00:00,A,EXP_PPS_EU27_2020_HAB,GDP,PC,SE,2021,40000,
ESTAT:SDG_10_10(1.0),10/01/24 11:00:00,A,EXP_PPS_EU27_2020_HAB,GDP,PC,SE,2022,42400,
ESTAT:SDG_10_10(1.0),10/01/24 11:00:00,A,EXP_PPS_EU27_2020_HAB,GDP,PC,SI,2000,14900,
ESTAT:SDG_10_10(1.0),10/01/24 11:00:00,A,EXP_PPS_EU27_2020_HAB,GDP,PC,SI,2001,15700,
ESTAT:SDG_10_10(1.0),10/01/24 11:00:00,A,EXP_PPS_EU27_2020_HAB,GDP,PC,SI,2002,16600,
ESTAT:SDG_10_10(1.0),10/01/24 11:00:00,A,EXP_PPS_EU27_2020_HAB,GDP,PC,SI,2003,17300,
ESTAT:SDG_10_10(1.0),10/01/24 11:00:00,A,EXP_PPS_EU27_2020_HAB,GDP,PC,SI,2004,18600,
ESTAT:SDG_10_10(1.0),10/01/24 11:00:00,A,EXP_PPS_EU27_2020_HAB,GDP,PC,SI,2005,19500,
ESTAT:SDG_10_10(1.0),10/01/24 11:00:00,A,EXP_PPS_EU27_2020_HAB,GDP,PC,SI,2006,20400,
ESTAT:SDG_10_10(1.0),10/01/24 11:00:00,A,EXP_PPS_EU27_2020_HAB,GDP,PC,SI,2007,21800,
ESTAT:SDG_10_10(1.0),10/01/24 11:00:00,A,EXP_PPS_EU27_2020_HAB,GDP,PC,SI,2008,23000,
ESTAT:SDG_10_10(1.0),10/01/24 11:00:00,A,EXP_PPS_EU27_2020_HAB,GDP,PC,SI,2009,20800,
ESTAT:SDG_10_10(1.0),10/01/24 11:00:00,A,EXP_PPS_EU27_2020_HAB,GDP,PC,SI,2010,21100,
ESTAT:SDG_10_10(1.0),10/01/24 11:00:00,A,EXP_PPS_EU27_2020_HAB,GDP,PC,SI,2011,21600,
ESTAT:SDG_10_10(1.0),10/01/24 11:00:00,A,EXP_PPS_EU27_2020_HAB,GDP,PC,SI,2012,21400,
ESTAT:SDG_10_10(1.0),10/01/24 11:00:00,A,EXP_PPS_EU27_2020_HAB,GDP,PC,SI,2013,21600,
ESTAT:SDG_10_10(1.0),10/01/24 11:00:00,A,EXP_PPS_EU27_2020_HAB,GDP,PC,SI,2014,22100,
ESTAT:SDG_10_10(1.0),10/01/24 11:00:00,A,EXP_PPS_EU27_2020_HAB,GDP,PC,SI,2015,22700,
ESTAT:SDG_10_10(1.0),10/01/24 11:00:00,A,EXP_PPS_EU27_2020_HAB,GDP,PC,SI,2016,23600,
ESTAT:SDG_10_10(1.0),10/01/24 11:00:00,A,EXP_PPS_EU27_2020_HAB,GDP,PC,SI,2017,25100,
ESTAT:SDG_10_10(1.0),10/01/24 11:00:00,A,EXP_PPS_EU27_2020_HAB,GDP,PC,SI,2018,26500,
ESTAT:SDG_10_10(1.0),10/01/24 11:00:00,A,EXP_PPS_EU27_2020_HAB,GDP,PC,SI,2019,27800,
ESTAT:SDG_10_10(1.0),10/01/24 11:00:00,A,EXP_PPS_EU27_2020_HAB,GDP,PC,SI,2020,26900,
ESTAT:SDG_10_10(1.0),10/01/24 11:00:00,A,EXP_PPS_EU27_2020_HAB,GDP,PC,SI,2021,29300,
ESTAT:SDG_10_10(1.0),10/01/24 11:00:00,A,EXP_PPS_EU27_2020_HAB,GDP,PC,SI,2022,31900,
ESTAT:SDG_10_10(1.0),10/01/24 11:00:00,A,EXP_PPS_EU27_2020_HAB,GDP,PC,SK,2000,9400,
ESTAT:SDG_10_10(1.0),10/01/24 11:00:00,A,EXP_PPS_EU27_2020_HAB,GDP,PC,SK,2001,10300,
ESTAT:SDG_10_10(1.0),10/01/24 11:00:00,A,EXP_PPS_EU27_2020_HAB,GDP,PC,SK,2002,10900,
ESTAT:SDG_10_10(1.0),10/01/24 11:00:00,A,EXP_PPS_EU27_2020_HAB,GDP,PC,SK,2003,11600,
ESTAT:SDG_10_10(1.0),10/01/24 11:00:00,A,EXP_PPS_EU27_2020_HAB,GDP,PC,SK,2004,12400,
ESTAT:SDG_10_10(1.0),10/01/24 11:00:00,A,EXP_PPS_EU27_2020_HAB,GDP,PC,SK,2005,13600,
ESTAT:SDG_10_10(1.0),10/01/24 11:00:00,A,EXP_PPS_EU27_2020_HAB,GDP,PC,SK,2006,15000,
ESTAT:SDG_10_10(1.0),10/01/24 11:00:00,A,EXP_PPS_EU27_2020_HAB,GDP,PC,SK,2007,16700,
ESTAT:SDG_10_10(1.0),10/01/24 11:00:00,A,EXP_PPS_EU27_2020_HAB,GDP,PC,SK,2008,18300,
ESTAT:SDG_10_10(1.0),10/01/24 11:00:00,A,EXP_PPS_EU27_2020_HAB,GDP,PC,SK,2009,17300,
ESTAT:SDG_10_10(1.0),10/01/24 11:00:00,A,EXP_PPS_EU27_2020_HAB,GDP,PC,SK,2010,19100,
ESTAT:SDG_10_10(1.0),10/01/24 11:00:00,A,EXP_PPS_EU27_2020_HAB,GDP,PC,SK,2011,19600,
ESTAT:SDG_10_10(1.0),10/01/24 11:00:00,A,EXP_PPS_EU27_2020_HAB,GDP,PC,SK,2012,19900,
ESTAT:SDG_10_10(1.0),10/01/24 11:00:00,A,EXP_PPS_EU27_2020_HAB,GDP,PC,SK,2013,20200,
ESTAT:SDG_10_10(1.0),10/01/24 11:00:00,A,EXP_PPS_EU27_2020_HAB,GDP,PC,SK,2014,20800,
ESTAT:SDG_10_10(1.0),10/01/24 11:00:00,A,EXP_PPS_EU27_2020_HAB,GDP,PC,SK,2015,21600,
ESTAT:SDG_10_10(1.0),10/01/24 11:00:00,A,EXP_PPS_EU27_2020_HAB,GDP,PC,SK,2016,20700,
ESTAT:SDG_10_10(1.0),10/01/24 11:00:00,A,EXP_PPS_EU27_2020_HAB,GDP,PC,SK,2017,20700,
ESTAT:SDG_10_10(1.0),10/01/24 11:00:00,A,EXP_PPS_EU27_2020_HAB,GDP,PC,SK,2018,21300,
ESTAT:SDG_10_10(1.0),10/01/24 11:00:00,A,EXP_PPS_EU27_2020_HAB,GDP,PC,SK,2019,22100,
ESTAT:SDG_10_10(1.0),10/01/24 11:00:00,A,EXP_PPS_EU27_2020_HAB,GDP,PC,SK,2020,22400,
ESTAT:SDG_10_10(1.0),10/01/24 11:00:00,A,EXP_PPS_EU27_2020_HAB,GDP,PC,SK,2021,23900,
ESTAT:SDG_10_10(1.0),10/01/24 11:00:00,A,EXP_PPS_EU27_2020_HAB,GDP,PC,SK,2022,25200,
ESTAT:SDG_10_10(1.0),10/01/24 11:00:00,A,EXP_PPS_EU27_2020_HAB,GDP,PC,TR,2000,7900,
ESTAT:SDG_10_10(1.0),10/01/24 11:00:00,A,EXP_PPS_EU27_2020_HAB,GDP,PC,TR,2001,7600,
ESTAT:SDG_10_10(1.0),10/01/24 11:00:00,A,EXP_PPS_EU27_2020_HAB,GDP,PC,TR,2002,7600,
ESTAT:SDG_10_10(1.0),10/01/24 11:00:00,A,EXP_PPS_EU27_2020_HAB,GDP,PC,TR,2003,7900,
ESTAT:SDG_10_10(1.0),10/01/24 11:00:00,A,EXP_PPS_EU27_2020_HAB,GDP,PC,TR,2004,8900,
ESTAT:SDG_10_10(1.0),10/01/24 11:00:00,A,EXP_PPS_EU27_2020_HAB,GDP,PC,TR,2005,9800,
ESTAT:SDG_10_10(1.0),10/01/24 11:00:00,A,EXP_PPS_EU27_2020_HAB,GDP,PC,TR,2006,10800,
ESTAT:SDG_10_10(1.0),10/01/24 11:00:00,A,EXP_PPS_EU27_2020_HAB,GDP,PC,TR,2007,11700,
ESTAT:SDG_10_10(1.0),10/01/24 11:00:00,A,EXP_PPS_EU27_2020_HAB,GDP,PC,TR,2008,12400,
ESTAT:SDG_10_10(1.0),10/01/24 11:00:00,A,EXP_PPS_EU27_2020_HAB,GDP,PC,TR,2009,11700,
ESTAT:SDG_10_10(1.0),10/01/24 11:00:00,A,EXP_PPS_EU27_2020_HAB,GDP,PC,TR,2010,13100,
ESTAT:SDG_10_10(1.0),10/01/24 11:00:00,A,EXP_PPS_EU27_2020_HAB,GDP,PC,TR,2011,14600,
ESTAT:SDG_10_10(1.0),10/01/24 11:00:00,A,EXP_PPS_EU27_2020_HAB,GDP,PC,TR,2012,15200,
ESTAT:SDG_10_10(1.0),10/01/24 11:00:00,A,EXP_PPS_EU27_2020_HAB,GDP,PC,TR,2013,16100,
ESTAT:SDG_10_10(1.0),10/01/24 11:00:00,A,EXP_PPS_EU27_2020_HAB,GDP,PC,TR,2014,17300,
ESTAT:SDG_10_10(1.0),10/01/24 11:00:00,A,EXP_PPS_EU27_2020_HAB,GDP,PC,TR,2015,18600,
ESTAT:SDG_10_10(1.0),10/01/24 11:00:00,A,EXP_PPS_EU27_2020_HAB,GDP,PC,TR,2016,18500,
ESTAT:SDG_10_10(1.0),10/01/24 11:00:00,A,EXP_PPS_EU27_2020_HAB,GDP,PC,TR,2017,19400,
ESTAT:SDG_10_10(1.0),10/01/24 11:00:00,A,EXP_PPS_EU27_2020_HAB,GDP,PC,TR,2018,19200,
ESTAT:SDG_10_10(1.0),10/01/24 11:00:00,A,EXP_PPS_EU27_2020_HAB,GDP,PC,TR,2019,18500,
ESTAT:SDG_10_10(1.0),10/01/24 11:00:00,A,EXP_PPS_EU27_2020_HAB,GDP,PC,TR,2020,18300,
ESTAT:SDG_10_10(1.0),10/01/24 11:00:00,A,EXP_PPS_EU27_2020_HAB,GDP,PC,TR,2021,20000,
ESTAT:SDG_10_10(1.0),10/01/24 11:00:00,A,EXP_PPS_EU27_2020_HAB,GDP,PC,TR,2022,23800,
ESTAT:SDG_10_10(1.0),10/01/24 11:00:00,A,EXP_PPS_EU27_2020_HAB,GDP,PC,UK,2000,22000,
ESTAT:SDG_10_10(1.0),10/01/24 11:00:00,A,EXP_PPS_EU27_2020_HAB,GDP,PC,UK,2001,23100,
ESTAT:SDG_10_10(1.0),10/01/24 11:00:00,A,EXP_PPS_EU27_2020_HAB,GDP,PC,UK,2002,23800,
ESTAT:SDG_10_10(1.0),10/01/24 11:00:00,A,EXP_PPS_EU27_2020_HAB,GDP,PC,UK,2003,24900,
ESTAT:SDG_10_10(1.0),10/01/24 11:00:00,A,EXP_PPS_EU27_2020_HAB,GDP,PC,UK,2004,26200,
ESTAT:SDG_10_10(1.0),10/01/24 11:00:00,A,EXP_PPS_EU27_2020_HAB,GDP,PC,UK,2005,26800,
ESTAT:SDG_10_10(1.0),10/01/24 11:00:00,A,EXP_PPS_EU27_2020_HAB,GDP,PC,UK,2006,27600,
ESTAT:SDG_10_10(1.0),10/01/24 11:00:00,A,EXP_PPS_EU27_2020_HAB,GDP,PC,UK,2007,28000,
ESTAT:SDG_10_10(1.0),10/01/24 11:00:00,A,EXP_PPS_EU27_2020_HAB,GDP,PC,UK,2008,28500,
ESTAT:SDG_10_10(1.0),10/01/24 11:00:00,A,EXP_PPS_EU27_2020_HAB,GDP,PC,UK,2009,26500,
ESTAT:SDG_10_10(1.0),10/01/24 11:00:00,A,EXP_PPS_EU27_2020_HAB,GDP,PC,UK,2010,27600,
ESTAT:SDG_10_10(1.0),10/01/24 11:00:00,A,EXP_PPS_EU27_2020_HAB,GDP,PC,UK,2011,27700,
ESTAT:SDG_10_10(1.0),10/01/24 11:00:00,A,EXP_PPS_EU27_2020_HAB,GDP,PC,UK,2012,28300,
ESTAT:SDG_10_10(1.0),10/01/24 11:00:00,A,EXP_PPS_EU27_2020_HAB,GDP,PC,UK,2013,28800,
ESTAT:SDG_10_10(1.0),10/01/24 11:00:00,A,EXP_PPS_EU27_2020_HAB,GDP,PC,UK,2014,29600,
ESTAT:SDG_10_10(1.0),10/01/24 11:00:00,A,EXP_PPS_EU27_2020_HAB,GDP,PC,UK,2015,30600,
ESTAT:SDG_10_10(1.0),10/01/24 11:00:00,A,EXP_PPS_EU27_2020_HAB,GDP,PC,UK,2016,30600,
ESTAT:SDG_10_10(1.0),10/01/24 11:00:00,A,EXP_PPS_EU27_2020_HAB,GDP,PC,UK,2017,31600,
ESTAT:SDG_10_10(1.0),10/01/24 11:00:00,A,EXP_PPS_EU27_2020_HAB,GDP,PC,UK,2018,31900,
ESTAT:SDG_10_10(1.0),10/01/24 11:00:00,A,EXP_PPS_EU27_2020_HAB,GDP,PC,UK,2019,32500,
ESTAT:SDG_10_10(1.0),10/01/24 11:00:00,A,EXP_PPS_EU27_2020_HAB,GDP,PC,UK,2020,30700,
ESTAT:SDG_10_10(1.0),10/01/24 11:00:00,A,EXP_PPS_EU27_2020_HAB,GDP,PC,UK,2021,33300,
ESTAT:SDG_10_10(1.0),10/01/24 11:00:00,A,EXP_PPS_EU27_2020_HAB,GDP,PC,UK,2022,35200,
ESTAT:SDG_10_10(1.0),10/01/24 11:00:00,A,EXP_PPS_EU27_2020_HAB,GDP,PC,US,2000,30100,
ESTAT:SDG_10_10(1.0),10/01/24 11:00:00,A,EXP_PPS_EU27_2020_HAB,GDP,PC,US,2001,30700,
ESTAT:SDG_10_10(1.0),10/01/24 11:00:00,A,EXP_PPS_EU27_2020_HAB,GDP,PC,US,2002,30500,
ESTAT:SDG_10_10(1.0),10/01/24 11:00:00,A,EXP_PPS_EU27_2020_HAB,GDP,PC,US,2003,32400,
ESTAT:SDG_10_10(1.0),10/01/24 11:00:00,A,EXP_PPS_EU27_2020_HAB,GDP,PC,US,2004,34000,
ESTAT:SDG_10_10(1.0),10/01/24 11:00:00,A,EXP_PPS_EU27_2020_HAB,GDP,PC,US,2005,36100,
ESTAT:SDG_10_10(1.0),10/01/24 11:00:00,A,EXP_PPS_EU27_2020_HAB,GDP,PC,US,2006,36700,
ESTAT:SDG_10_10(1.0),10/01/24 11:00:00,A,EXP_PPS_EU27_2020_HAB,GDP,PC,US,2007,37900,
ESTAT:SDG_10_10(1.0),10/01/24 11:00:00,A,EXP_PPS_EU27_2020_HAB,GDP,PC,US,2008,37600,
ESTAT:SDG_10_10(1.0),10/01/24 11:00:00,A,EXP_PPS_EU27_2020_HAB,GDP,PC,US,2009,35600,
ESTAT:SDG_10_10(1.0),10/01/24 11:00:00,A,EXP_PPS_EU27_2020_HAB,GDP,PC,US,2010,36800,
ESTAT:SDG_10_10(1.0),10/01/24 11:00:00,A,EXP_PPS_EU27_2020_HAB,GDP,PC,US,2011,37200,
ESTAT:SDG_10_10(1.0),10/01/24 11:00:00,A,EXP_PPS_EU27_2020_HAB,GDP,PC,US,2012,38100,
ESTAT:SDG_10_10(1.0),10/01/24 11:00:00,A,EXP_PPS_EU27_2020_HAB,GDP,PC,US,2013,38300,
ESTAT:SDG_10_10(1.0),10/01/24 11:00:00,A,EXP_PPS_EU27_2020_HAB,GDP,PC,US,2014,39400,
ESTAT:SDG_10_10(1.0),10/01/24 11:00:00,A,EXP_PPS_EU27_2020_HAB,GDP,PC,US,2015,40600,
ESTAT:SDG_10_10(1.0),10/01/24 11:00:00,A,EXP_PPS_EU27_2020_HAB,GDP,PC,US,2016,40000,
ESTAT:SDG_10_10(1.0),10/01/24 11:00:00,A,EXP_PPS_EU27_2020_HAB,GDP,PC,US,2017,40900,
ESTAT:SDG_10_10(1.0),10/01/24 11:00:00,A,EXP_PPS_EU27_2020_HAB,GDP,PC,US,2018,42300,
ESTAT:SDG_10_10(1.0),10/01/24 11:00:00,A,EXP_PPS_EU27_2020_HAB,GDP,PC,US,2019,42100,
ESTAT:SDG_10_10(1.0),10/01/24 11:00:00,A,EXP_PPS_EU27_2020_HAB,GDP,PC,US,2020,40600,
ESTAT:SDG_10_10(1.0),10/01/24 11:00:00,A,EXP_PPS_EU27_2020_HAB,GDP,PC,US,2021,44300,
ESTAT:SDG_10_10(1.0),10/01/24 11:00:00,A,EXP_PPS_EU27_2020_HAB,GDP,PC,US,2022,47400,
