DATAFLOW,LAST UPDATE,freq,age,sex,indic_il,unit,geo,TIME_PERIOD,OBS_VALUE,OBS_FLAG
ESTAT:ILC_DI03(1.0),02/02/24 23:00:00,A,TOTAL,T,MEI_E,PPS,AL,2017,4370,
ESTAT:ILC_DI03(1.0),02/02/24 23:00:00,A,TOTAL,T,MEI_E,PPS,AL,2018,4688,
ESTAT:ILC_DI03(1.0),02/02/24 23:00:00,A,TOTAL,T,MEI_E,PPS,AL,2019,4992,
ESTAT:ILC_DI03(1.0),02/02/24 23:00:00,A,TOTAL,T,MEI_E,PPS,AL,2020,5114,
ESTAT:ILC_DI03(1.0),02/02/24 23:00:00,A,TOTAL,T,MEI_E,PPS,AL,2021,4969,
ESTAT:ILC_DI03(1.0),02/02/24 23:00:00,A,TOTAL,T,MEI_E,PPS,AT,1995,14274,
ESTAT:ILC_DI03(1.0),02/02/24 23:00:00,A,TOTAL,T,MEI_E,PPS,AT,1996,14178,
ESTAT:ILC_DI03(1.0),02/02/24 23:00:00,A,TOTAL,T,MEI_E,PPS,AT,1997,14406,
ESTAT:ILC_DI03(1.0),02/02/24 23:00:00,A,TOTAL,T,MEI_E,PPS,AT,1998,14517,
ESTAT:ILC_DI03(1.0),02/02/24 23:00:00,A,TOTAL,T,MEI_E,PPS,AT,1999,15009,
ESTAT:ILC_DI03(1.0),02/02/24 23:00:00,A,TOTAL,T,MEI_E,PPS,AT,2000,16353,
ESTAT:ILC_DI03(1.0),02/02/24 23:00:00,A,TOTAL,T,MEI_E,PPS,AT,2001,17146,
ESTAT:ILC_DI03(1.0),02/02/24 23:00:00,A,TOTAL,T,MEI_E,PPS,AT,2003,16984,b
ESTAT:ILC_DI03(1.0),02/02/24 23:00:00,A,TOTAL,T,MEI_E,PPS,AT,2004,18008,
ESTAT:ILC_DI03(1.0),02/02/24 23:00:00,A,TOTAL,T,MEI_E,PPS,AT,2005,19168,
ESTAT:ILC_DI03(1.0),02/02/24 23:00:00,A,TOTAL,T,MEI_E,PPS,AT,2006,19205,
ESTAT:ILC_DI03(1.0),02/02/24 23:00:00,A,TOTAL,T,MEI_E,PPS,AT,2007,19955,
ESTAT:ILC_DI03(1.0),02/02/24 23:00:00,A,TOTAL,T,MEI_E,PPS,AT,2008,21143,b
ESTAT:ILC_DI03(1.0),02/02/24 23:00:00,A,TOTAL,T,MEI_E,PPS,AT,2009,21648,
ESTAT:ILC_DI03(1.0),02/02/24 23:00:00,A,TOTAL,T,MEI_E,PPS,AT,2010,21849,
ESTAT:ILC_DI03(1.0),02/02/24 23:00:00,A,TOTAL,T,MEI_E,PPS,AT,2011,22765,
ESTAT:ILC_DI03(1.0),02/02/24 23:00:00,A,TOTAL,T,MEI_E,PPS,AT,2012,23073,
ESTAT:ILC_DI03(1.0),02/02/24 23:00:00,A,TOTAL,T,MEI_E,PPS,AT,2013,23075,
ESTAT:ILC_DI03(1.0),02/02/24 23:00:00,A,TOTAL,T,MEI_E,PPS,AT,2014,24340,
ESTAT:ILC_DI03(1.0),02/02/24 23:00:00,A,TOTAL,T,MEI_E,PPS,AT,2015,24531,
ESTAT:ILC_DI03(1.0),02/02/24 23:00:00,A,TOTAL,T,MEI_E,PPS,AT,2016,25368,
ESTAT:ILC_DI03(1.0),02/02/24 23:00:00,A,TOTAL,T,MEI_E,PPS,AT,2017,26076,
ESTAT:ILC_DI03(1.0),02/02/24 23:00:00,A,TOTAL,T,MEI_E,PPS,AT,2018,25627,
ESTAT:ILC_DI03(1.0),02/02/24 23:00:00,A,TOTAL,T,MEI_E,PPS,AT,2019,26300,
ESTAT:ILC_DI03(1.0),02/02/24 23:00:00,A,TOTAL,T,MEI_E,PPS,AT,2020,25924,
ESTAT:ILC_DI03(1.0),02/02/24 23:00:00,A,TOTAL,T,MEI_E,PPS,AT,2021,26771,
ESTAT:ILC_DI03(1.0),02/02/24 23:00:00,A,TOTAL,T,MEI_E,PPS,AT,2022,27782,
ESTAT:ILC_DI03(1.0),02/02/24 23:00:00,A,TOTAL,T,MEI_E,PPS,BE,1995,14296,
ESTAT:ILC_DI03(1.0),02/02/24 23:00:00,A,TOTAL,T,MEI_E,PPS,BE,1996,14384,
ESTAT:ILC_DI03(1.0),02/02/24 23:00:00,A,TOTAL,T,MEI_E,PPS,BE,1997,15241,
ESTAT:ILC_DI03(1.0),02/02/24 23:00:00,A,TOTAL,T,MEI_E,PPS,BE,1998,15793,
ESTAT:ILC_DI03(1.0),02/02/24 23:00:00,A,TOTAL,T,MEI_E,PPS,BE,1999,16661,
ESTAT:ILC_DI03(1.0),02/02/24 23:00:00,A,TOTAL,T,MEI_E,PPS,BE,2000,16893,
ESTAT:ILC_DI03(1.0),02/02/24 23:00:00,A,TOTAL,T,MEI_E,PPS,BE,2001,17785,
ESTAT:ILC_DI03(1.0),02/02/24 23:00:00,A,TOTAL,T,MEI_E,PPS,BE,2003,16912,b
ESTAT:ILC_DI03(1.0),02/02/24 23:00:00,A,TOTAL,T,MEI_E,PPS,BE,2004,15903,
ESTAT:ILC_DI03(1.0),02/02/24 23:00:00,A,TOTAL,T,MEI_E,PPS,BE,2005,17374,
ESTAT:ILC_DI03(1.0),02/02/24 23:00:00,A,TOTAL,T,MEI_E,PPS,BE,2006,17868,
ESTAT:ILC_DI03(1.0),02/02/24 23:00:00,A,TOTAL,T,MEI_E,PPS,BE,2007,17775,
ESTAT:ILC_DI03(1.0),02/02/24 23:00:00,A,TOTAL,T,MEI_E,PPS,BE,2008,18606,
ESTAT:ILC_DI03(1.0),02/02/24 23:00:00,A,TOTAL,T,MEI_E,PPS,BE,2009,19021,
ESTAT:ILC_DI03(1.0),02/02/24 23:00:00,A,TOTAL,T,MEI_E,PPS,BE,2010,19014,
ESTAT:ILC_DI03(1.0),02/02/24 23:00:00,A,TOTAL,T,MEI_E,PPS,BE,2011,19629,
ESTAT:ILC_DI03(1.0),02/02/24 23:00:00,A,TOTAL,T,MEI_E,PPS,BE,2012,19862,
ESTAT:ILC_DI03(1.0),02/02/24 23:00:00,A,TOTAL,T,MEI_E,PPS,BE,2013,21198,
ESTAT:ILC_DI03(1.0),02/02/24 23:00:00,A,TOTAL,T,MEI_E,PPS,BE,2014,21148,
ESTAT:ILC_DI03(1.0),02/02/24 23:00:00,A,TOTAL,T,MEI_E,PPS,BE,2015,21779,
ESTAT:ILC_DI03(1.0),02/02/24 23:00:00,A,TOTAL,T,MEI_E,PPS,BE,2016,23218,
ESTAT:ILC_DI03(1.0),02/02/24 23:00:00,A,TOTAL,T,MEI_E,PPS,BE,2017,22437,
ESTAT:ILC_DI03(1.0),02/02/24 23:00:00,A,TOTAL,T,MEI_E,PPS,BE,2018,22714,
ESTAT:ILC_DI03(1.0),02/02/24 23:00:00,A,TOTAL,T,MEI_E,PPS,BE,2019,23597,b
ESTAT:ILC_DI03(1.0),02/02/24 23:00:00,A,TOTAL,T,MEI_E,PPS,BE,2020,24004,
ESTAT:ILC_DI03(1.0),02/02/24 23:00:00,A,TOTAL,T,MEI_E,PPS,BE,2021,24331,
ESTAT:ILC_DI03(1.0),02/02/24 23:00:00,A,TOTAL,T,MEI_E,PPS,BE,2022,26049,
ESTAT:ILC_DI03(1.0),02/02/24 23:00:00,A,TOTAL,T,MEI_E,PPS,BG,2006,3659,
ESTAT:ILC_DI03(1.0),02/02/24 23:00:00,A,TOTAL,T,MEI_E,PPS,BG,2007,3836,
ESTAT:ILC_DI03(1.0),02/02/24 23:00:00,A,TOTAL,T,MEI_E,PPS,BG,2008,5842,
ESTAT:ILC_DI03(1.0),02/02/24 23:00:00,A,TOTAL,T,MEI_E,PPS,BG,2009,6668,
ESTAT:ILC_DI03(1.0),02/02/24 23:00:00,A,TOTAL,T,MEI_E,PPS,BG,2010,6824,
ESTAT:ILC_DI03(1.0),02/02/24 23:00:00,A,TOTAL,T,MEI_E,PPS,BG,2011,6861,
ESTAT:ILC_DI03(1.0),02/02/24 23:00:00,A,TOTAL,T,MEI_E,PPS,BG,2012,6528,
ESTAT:ILC_DI03(1.0),02/02/24 23:00:00,A,TOTAL,T,MEI_E,PPS,BG,2013,7081,
ESTAT:ILC_DI03(1.0),02/02/24 23:00:00,A,TOTAL,T,MEI_E,PPS,BG,2014,7970,
ESTAT:ILC_DI03(1.0),02/02/24 23:00:00,A,TOTAL,T,MEI_E,PPS,BG,2015,8454,
ESTAT:ILC_DI03(1.0),02/02/24 23:00:00,A,TOTAL,T,MEI_E,PPS,BG,2016,8253,b
ESTAT:ILC_DI03(1.0),02/02/24 23:00:00,A,TOTAL,T,MEI_E,PPS,BG,2017,9648,
ESTAT:ILC_DI03(1.0),02/02/24 23:00:00,A,TOTAL,T,MEI_E,PPS,BG,2018,9336,
ESTAT:ILC_DI03(1.0),02/02/24 23:00:00,A,TOTAL,T,MEI_E,PPS,BG,2019,11001,
ESTAT:ILC_DI03(1.0),02/02/24 23:00:00,A,TOTAL,T,MEI_E,PPS,BG,2020,11112,
ESTAT:ILC_DI03(1.0),02/02/24 23:00:00,A,TOTAL,T,MEI_E,PPS,BG,2021,12235,
ESTAT:ILC_DI03(1.0),02/02/24 23:00:00,A,TOTAL,T,MEI_E,PPS,BG,2022,12313,
ESTAT:ILC_DI03(1.0),02/02/24 23:00:00,A,TOTAL,T,MEI_E,PPS,CH,2007,23875,
ESTAT:ILC_DI03(1.0),02/02/24 23:00:00,A,TOTAL,T,MEI_E,PPS,CH,2008,25317,
ESTAT:ILC_DI03(1.0),02/02/24 23:00:00,A,TOTAL,T,MEI_E,PPS,CH,2009,26258,
ESTAT:ILC_DI03(1.0),02/02/24 23:00:00,A,TOTAL,T,MEI_E,PPS,CH,2010,25590,
ESTAT:ILC_DI03(1.0),02/02/24 23:00:00,A,TOTAL,T,MEI_E,PPS,CH,2011,26377,
ESTAT:ILC_DI03(1.0),02/02/24 23:00:00,A,TOTAL,T,MEI_E,PPS,CH,2012,27264,
ESTAT:ILC_DI03(1.0),02/02/24 23:00:00,A,TOTAL,T,MEI_E,PPS,CH,2013,29300,
ESTAT:ILC_DI03(1.0),02/02/24 23:00:00,A,TOTAL,T,MEI_E,PPS,CH,2014,29951,b
ESTAT:ILC_DI03(1.0),02/02/24 23:00:00,A,TOTAL,T,MEI_E,PPS,CH,2015,30517,
ESTAT:ILC_DI03(1.0),02/02/24 23:00:00,A,TOTAL,T,MEI_E,PPS,CH,2016,31825,
ESTAT:ILC_DI03(1.0),02/02/24 23:00:00,A,TOTAL,T,MEI_E,PPS,CH,2017,31265,
ESTAT:ILC_DI03(1.0),02/02/24 23:00:00,A,TOTAL,T,MEI_E,PPS,CH,2018,31216,
ESTAT:ILC_DI03(1.0),02/02/24 23:00:00,A,TOTAL,T,MEI_E,PPS,CH,2019,31473,
ESTAT:ILC_DI03(1.0),02/02/24 23:00:00,A,TOTAL,T,MEI_E,PPS,CH,2020,30773,
ESTAT:ILC_DI03(1.0),02/02/24 23:00:00,A,TOTAL,T,MEI_E,PPS,CH,2021,31279,
ESTAT:ILC_DI03(1.0),02/02/24 23:00:00,A,TOTAL,T,MEI_E,PPS,CH,2022,31916,
ESTAT:ILC_DI03(1.0),02/02/24 23:00:00,A,TOTAL,T,MEI_E,PPS,CY,2005,16922,
ESTAT:ILC_DI03(1.0),02/02/24 23:00:00,A,TOTAL,T,MEI_E,PPS,CY,2006,18684,
ESTAT:ILC_DI03(1.0),02/02/24 23:00:00,A,TOTAL,T,MEI_E,PPS,CY,2007,21158,
ESTAT:ILC_DI03(1.0),02/02/24 23:00:00,A,TOTAL,T,MEI_E,PPS,CY,2008,21140,b
ESTAT:ILC_DI03(1.0),02/02/24 23:00:00,A,TOTAL,T,MEI_E,PPS,CY,2009,21784,
ESTAT:ILC_DI03(1.0),02/02/24 23:00:00,A,TOTAL,T,MEI_E,PPS,CY,2010,21089,
ESTAT:ILC_DI03(1.0),02/02/24 23:00:00,A,TOTAL,T,MEI_E,PPS,CY,2011,22128,
ESTAT:ILC_DI03(1.0),02/02/24 23:00:00,A,TOTAL,T,MEI_E,PPS,CY,2012,22781,
ESTAT:ILC_DI03(1.0),02/02/24 23:00:00,A,TOTAL,T,MEI_E,PPS,CY,2013,21006,
ESTAT:ILC_DI03(1.0),02/02/24 23:00:00,A,TOTAL,T,MEI_E,PPS,CY,2014,20161,
ESTAT:ILC_DI03(1.0),02/02/24 23:00:00,A,TOTAL,T,MEI_E,PPS,CY,2015,18812,
ESTAT:ILC_DI03(1.0),02/02/24 23:00:00,A,TOTAL,T,MEI_E,PPS,CY,2016,19545,
ESTAT:ILC_DI03(1.0),02/02/24 23:00:00,A,TOTAL,T,MEI_E,PPS,CY,2017,20045,
ESTAT:ILC_DI03(1.0),02/02/24 23:00:00,A,TOTAL,T,MEI_E,PPS,CY,2018,20068,
ESTAT:ILC_DI03(1.0),02/02/24 23:00:00,A,TOTAL,T,MEI_E,PPS,CY,2019,22129,
ESTAT:ILC_DI03(1.0),02/02/24 23:00:00,A,TOTAL,T,MEI_E,PPS,CY,2020,21293,
ESTAT:ILC_DI03(1.0),02/02/24 23:00:00,A,TOTAL,T,MEI_E,PPS,CY,2021,21590,
ESTAT:ILC_DI03(1.0),02/02/24 23:00:00,A,TOTAL,T,MEI_E,PPS,CY,2022,22907,
ESTAT:ILC_DI03(1.0),02/02/24 23:00:00,A,TOTAL,T,MEI_E,PPS,CZ,2005,8735,
ESTAT:ILC_DI03(1.0),02/02/24 23:00:00,A,TOTAL,T,MEI_E,PPS,CZ,2006,9307,
ESTAT:ILC_DI03(1.0),02/02/24 23:00:00,A,TOTAL,T,MEI_E,PPS,CZ,2007,10023,
ESTAT:ILC_DI03(1.0),02/02/24 23:00:00,A,TOTAL,T,MEI_E,PPS,CZ,2008,10914,
ESTAT:ILC_DI03(1.0),02/02/24 23:00:00,A,TOTAL,T,MEI_E,PPS,CZ,2009,11444,
ESTAT:ILC_DI03(1.0),02/02/24 23:00:00,A,TOTAL,T,MEI_E,PPS,CZ,2010,10923,
ESTAT:ILC_DI03(1.0),02/02/24 23:00:00,A,TOTAL,T,MEI_E,PPS,CZ,2011,11315,
ESTAT:ILC_DI03(1.0),02/02/24 23:00:00,A,TOTAL,T,MEI_E,PPS,CZ,2012,11602,
ESTAT:ILC_DI03(1.0),02/02/24 23:00:00,A,TOTAL,T,MEI_E,PPS,CZ,2013,12207,
ESTAT:ILC_DI03(1.0),02/02/24 23:00:00,A,TOTAL,T,MEI_E,PPS,CZ,2014,12513,
ESTAT:ILC_DI03(1.0),02/02/24 23:00:00,A,TOTAL,T,MEI_E,PPS,CZ,2015,13100,
ESTAT:ILC_DI03(1.0),02/02/24 23:00:00,A,TOTAL,T,MEI_E,PPS,CZ,2016,14023,
ESTAT:ILC_DI03(1.0),02/02/24 23:00:00,A,TOTAL,T,MEI_E,PPS,CZ,2017,14167,
ESTAT:ILC_DI03(1.0),02/02/24 23:00:00,A,TOTAL,T,MEI_E,PPS,CZ,2018,14737,
ESTAT:ILC_DI03(1.0),02/02/24 23:00:00,A,TOTAL,T,MEI_E,PPS,CZ,2019,15541,
ESTAT:ILC_DI03(1.0),02/02/24 23:00:00,A,TOTAL,T,MEI_E,PPS,CZ,2020,15825,
ESTAT:ILC_DI03(1.0),02/02/24 23:00:00,A,TOTAL,T,MEI_E,PPS,CZ,2021,15654,
ESTAT:ILC_DI03(1.0),02/02/24 23:00:00,A,TOTAL,T,MEI_E,PPS,CZ,2022,17118,
ESTAT:ILC_DI03(1.0),02/02/24 23:00:00,A,TOTAL,T,MEI_E,PPS,DE,1995,13371,
ESTAT:ILC_DI03(1.0),02/02/24 23:00:00,A,TOTAL,T,MEI_E,PPS,DE,1996,14010,
ESTAT:ILC_DI03(1.0),02/02/24 23:00:00,A,TOTAL,T,MEI_E,PPS,DE,1997,14583,
ESTAT:ILC_DI03(1.0),02/02/24 23:00:00,A,TOTAL,T,MEI_E,PPS,DE,1998,14947,
ESTAT:ILC_DI03(1.0),02/02/24 23:00:00,A,TOTAL,T,MEI_E,PPS,DE,1999,15398,
ESTAT:ILC_DI03(1.0),02/02/24 23:00:00,A,TOTAL,T,MEI_E,PPS,DE,2000,16475,
ESTAT:ILC_DI03(1.0),02/02/24 23:00:00,A,TOTAL,T,MEI_E,PPS,DE,2001,17812,
ESTAT:ILC_DI03(1.0),02/02/24 23:00:00,A,TOTAL,T,MEI_E,PPS,DE,2005,17390,b
ESTAT:ILC_DI03(1.0),02/02/24 23:00:00,A,TOTAL,T,MEI_E,PPS,DE,2006,16736,
ESTAT:ILC_DI03(1.0),02/02/24 23:00:00,A,TOTAL,T,MEI_E,PPS,DE,2007,19755,
ESTAT:ILC_DI03(1.0),02/02/24 23:00:00,A,TOTAL,T,MEI_E,PPS,DE,2008,20738,
ESTAT:ILC_DI03(1.0),02/02/24 23:00:00,A,TOTAL,T,MEI_E,PPS,DE,2009,20502,
ESTAT:ILC_DI03(1.0),02/02/24 23:00:00,A,TOTAL,T,MEI_E,PPS,DE,2010,20073,
ESTAT:ILC_DI03(1.0),02/02/24 23:00:00,A,TOTAL,T,MEI_E,PPS,DE,2011,20815,
ESTAT:ILC_DI03(1.0),02/02/24 23:00:00,A,TOTAL,T,MEI_E,PPS,DE,2012,21586,
ESTAT:ILC_DI03(1.0),02/02/24 23:00:00,A,TOTAL,T,MEI_E,PPS,DE,2013,22352,
ESTAT:ILC_DI03(1.0),02/02/24 23:00:00,A,TOTAL,T,MEI_E,PPS,DE,2014,21947,
ESTAT:ILC_DI03(1.0),02/02/24 23:00:00,A,TOTAL,T,MEI_E,PPS,DE,2015,23155,
ESTAT:ILC_DI03(1.0),02/02/24 23:00:00,A,TOTAL,T,MEI_E,PPS,DE,2016,23881,
ESTAT:ILC_DI03(1.0),02/02/24 23:00:00,A,TOTAL,T,MEI_E,PPS,DE,2017,24114,
ESTAT:ILC_DI03(1.0),02/02/24 23:00:00,A,TOTAL,T,MEI_E,PPS,DE,2018,25048,
ESTAT:ILC_DI03(1.0),02/02/24 23:00:00,A,TOTAL,T,MEI_E,PPS,DE,2019,25194,
ESTAT:ILC_DI03(1.0),02/02/24 23:00:00,A,TOTAL,T,MEI_E,PPS,DE,2020,27851,b
ESTAT:ILC_DI03(1.0),02/02/24 23:00:00,A,TOTAL,T,MEI_E,PPS,DE,2021,27228,
ESTAT:ILC_DI03(1.0),02/02/24 23:00:00,A,TOTAL,T,MEI_E,PPS,DE,2022,26538,
ESTAT:ILC_DI03(1.0),02/02/24 23:00:00,A,TOTAL,T,MEI_E,PPS,DK,2003,16825,
ESTAT:ILC_DI03(1.0),02/02/24 23:00:00,A,TOTAL,T,MEI_E,PPS,DK,2004,16125,
ESTAT:ILC_DI03(1.0),02/02/24 23:00:00,A,TOTAL,T,MEI_E,PPS,DK,2005,16692,
ESTAT:ILC_DI03(1.0),02/02/24 23:00:00,A,TOTAL,T,MEI_E,PPS,DK,2006,17109,
ESTAT:ILC_DI03(1.0),02/02/24 23:00:00,A,TOTAL,T,MEI_E,PPS,DK,2007,18149,
ESTAT:ILC_DI03(1.0),02/02/24 23:00:00,A,TOTAL,T,MEI_E,PPS,DK,2008,18963,
ESTAT:ILC_DI03(1.0),02/02/24 23:00:00,A,TOTAL,T,MEI_E,PPS,DK,2009,18538,
ESTAT:ILC_DI03(1.0),02/02/24 23:00:00,A,TOTAL,T,MEI_E,PPS,DK,2010,18822,
ESTAT:ILC_DI03(1.0),02/02/24 23:00:00,A,TOTAL,T,MEI_E,PPS,DK,2011,20894,b
ESTAT:ILC_DI03(1.0),02/02/24 23:00:00,A,TOTAL,T,MEI_E,PPS,DK,2012,21001,
ESTAT:ILC_DI03(1.0),02/02/24 23:00:00,A,TOTAL,T,MEI_E,PPS,DK,2013,21640,
ESTAT:ILC_DI03(1.0),02/02/24 23:00:00,A,TOTAL,T,MEI_E,PPS,DK,2014,22316,
ESTAT:ILC_DI03(1.0),02/02/24 23:00:00,A,TOTAL,T,MEI_E,PPS,DK,2015,22651,
ESTAT:ILC_DI03(1.0),02/02/24 23:00:00,A,TOTAL,T,MEI_E,PPS,DK,2016,23945,
ESTAT:ILC_DI03(1.0),02/02/24 23:00:00,A,TOTAL,T,MEI_E,PPS,DK,2017,23387,
ESTAT:ILC_DI03(1.0),02/02/24 23:00:00,A,TOTAL,T,MEI_E,PPS,DK,2018,24275,
ESTAT:ILC_DI03(1.0),02/02/24 23:00:00,A,TOTAL,T,MEI_E,PPS,DK,2019,25004,
ESTAT:ILC_DI03(1.0),02/02/24 23:00:00,A,TOTAL,T,MEI_E,PPS,DK,2020,24400,b
ESTAT:ILC_DI03(1.0),02/02/24 23:00:00,A,TOTAL,T,MEI_E,PPS,DK,2021,25509,
ESTAT:ILC_DI03(1.0),02/02/24 23:00:00,A,TOTAL,T,MEI_E,PPS,DK,2022,26170,
ESTAT:ILC_DI03(1.0),02/02/24 23:00:00,A,TOTAL,T,MEI_E,PPS,EE,2004,5227,
ESTAT:ILC_DI03(1.0),02/02/24 23:00:00,A,TOTAL,T,MEI_E,PPS,EE,2005,5755,
ESTAT:ILC_DI03(1.0),02/02/24 23:00:00,A,TOTAL,T,MEI_E,PPS,EE,2006,6735,
ESTAT:ILC_DI03(1.0),02/02/24 23:00:00,A,TOTAL,T,MEI_E,PPS,EE,2007,7741,
ESTAT:ILC_DI03(1.0),02/02/24 23:00:00,A,TOTAL,T,MEI_E,PPS,EE,2008,8635,
ESTAT:ILC_DI03(1.0),02/02/24 23:00:00,A,TOTAL,T,MEI_E,PPS,EE,2009,9403,
ESTAT:ILC_DI03(1.0),02/02/24 23:00:00,A,TOTAL,T,MEI_E,PPS,EE,2010,8779,
ESTAT:ILC_DI03(1.0),02/02/24 23:00:00,A,TOTAL,T,MEI_E,PPS,EE,2011,8785,
ESTAT:ILC_DI03(1.0),02/02/24 23:00:00,A,TOTAL,T,MEI_E,PPS,EE,2012,9382,
ESTAT:ILC_DI03(1.0),02/02/24 23:00:00,A,TOTAL,T,MEI_E,PPS,EE,2013,10265,
ESTAT:ILC_DI03(1.0),02/02/24 23:00:00,A,TOTAL,T,MEI_E,PPS,EE,2014,11294,b
ESTAT:ILC_DI03(1.0),02/02/24 23:00:00,A,TOTAL,T,MEI_E,PPS,EE,2015,12550,
ESTAT:ILC_DI03(1.0),02/02/24 23:00:00,A,TOTAL,T,MEI_E,PPS,EE,2016,13868,
ESTAT:ILC_DI03(1.0),02/02/24 23:00:00,A,TOTAL,T,MEI_E,PPS,EE,2017,14151,
ESTAT:ILC_DI03(1.0),02/02/24 23:00:00,A,TOTAL,T,MEI_E,PPS,EE,2018,14932,
ESTAT:ILC_DI03(1.0),02/02/24 23:00:00,A,TOTAL,T,MEI_E,PPS,EE,2019,15879,
ESTAT:ILC_DI03(1.0),02/02/24 23:00:00,A,TOTAL,T,MEI_E,PPS,EE,2020,16063,
ESTAT:ILC_DI03(1.0),02/02/24 23:00:00,A,TOTAL,T,MEI_E,PPS,EE,2021,16682,
ESTAT:ILC_DI03(1.0),02/02/24 23:00:00,A,TOTAL,T,MEI_E,PPS,EE,2022,19473,
ESTAT:ILC_DI03(1.0),02/02/24 23:00:00,A,TOTAL,T,MEI_E,PPS,EL,1995,7953,
ESTAT:ILC_DI03(1.0),02/02/24 23:00:00,A,TOTAL,T,MEI_E,PPS,EL,1996,8300,
ESTAT:ILC_DI03(1.0),02/02/24 23:00:00,A,TOTAL,T,MEI_E,PPS,EL,1997,8772,
ESTAT:ILC_DI03(1.0),02/02/24 23:00:00,A,TOTAL,T,MEI_E,PPS,EL,1998,9396,
ESTAT:ILC_DI03(1.0),02/02/24 23:00:00,A,TOTAL,T,MEI_E,PPS,EL,1999,9483,
ESTAT:ILC_DI03(1.0),02/02/24 23:00:00,A,TOTAL,T,MEI_E,PPS,EL,2000,10343,
ESTAT:ILC_DI03(1.0),02/02/24 23:00:00,A,TOTAL,T,MEI_E,PPS,EL,2001,10546,
ESTAT:ILC_DI03(1.0),02/02/24 23:00:00,A,TOTAL,T,MEI_E,PPS,EL,2003,12065,b
ESTAT:ILC_DI03(1.0),02/02/24 23:00:00,A,TOTAL,T,MEI_E,PPS,EL,2004,11876,
ESTAT:ILC_DI03(1.0),02/02/24 23:00:00,A,TOTAL,T,MEI_E,PPS,EL,2005,12728,
ESTAT:ILC_DI03(1.0),02/02/24 23:00:00,A,TOTAL,T,MEI_E,PPS,EL,2006,13220,
ESTAT:ILC_DI03(1.0),02/02/24 23:00:00,A,TOTAL,T,MEI_E,PPS,EL,2007,13622,
ESTAT:ILC_DI03(1.0),02/02/24 23:00:00,A,TOTAL,T,MEI_E,PPS,EL,2008,14223,
ESTAT:ILC_DI03(1.0),02/02/24 23:00:00,A,TOTAL,T,MEI_E,PPS,EL,2009,14833,
ESTAT:ILC_DI03(1.0),02/02/24 23:00:00,A,TOTAL,T,MEI_E,PPS,EL,2010,14717,
ESTAT:ILC_DI03(1.0),02/02/24 23:00:00,A,TOTAL,T,MEI_E,PPS,EL,2011,13364,
ESTAT:ILC_DI03(1.0),02/02/24 23:00:00,A,TOTAL,T,MEI_E,PPS,EL,2012,11293,
ESTAT:ILC_DI03(1.0),02/02/24 23:00:00,A,TOTAL,T,MEI_E,PPS,EL,2013,10053,
ESTAT:ILC_DI03(1.0),02/02/24 23:00:00,A,TOTAL,T,MEI_E,PPS,EL,2014,10028,
ESTAT:ILC_DI03(1.0),02/02/24 23:00:00,A,TOTAL,T,MEI_E,PPS,EL,2015,10163,
ESTAT:ILC_DI03(1.0),02/02/24 23:00:00,A,TOTAL,T,MEI_E,PPS,EL,2016,10462,
ESTAT:ILC_DI03(1.0),02/02/24 23:00:00,A,TOTAL,T,MEI_E,PPS,EL,2017,10462,
ESTAT:ILC_DI03(1.0),02/02/24 23:00:00,A,TOTAL,T,MEI_E,PPS,EL,2018,10621,
ESTAT:ILC_DI03(1.0),02/02/24 23:00:00,A,TOTAL,T,MEI_E,PPS,EL,2019,11179,
ESTAT:ILC_DI03(1.0),02/02/24 23:00:00,A,TOTAL,T,MEI_E,PPS,EL,2020,11635,
ESTAT:ILC_DI03(1.0),02/02/24 23:00:00,A,TOTAL,T,MEI_E,PPS,EL,2021,11277,
ESTAT:ILC_DI03(1.0),02/02/24 23:00:00,A,TOTAL,T,MEI_E,PPS,EL,2022,12335,
ESTAT:ILC_DI03(1.0),02/02/24 23:00:00,A,TOTAL,T,MEI_E,PPS,ES,1995,8889,
ESTAT:ILC_DI03(1.0),02/02/24 23:00:00,A,TOTAL,T,MEI_E,PPS,ES,1996,9191,
ESTAT:ILC_DI03(1.0),02/02/24 23:00:00,A,TOTAL,T,MEI_E,PPS,ES,1997,9677,
ESTAT:ILC_DI03(1.0),02/02/24 23:00:00,A,TOTAL,T,MEI_E,PPS,ES,1998,10104,
ESTAT:ILC_DI03(1.0),02/02/24 23:00:00,A,TOTAL,T,MEI_E,PPS,ES,1999,10604,
ESTAT:ILC_DI03(1.0),02/02/24 23:00:00,A,TOTAL,T,MEI_E,PPS,ES,2000,11789,
ESTAT:ILC_DI03(1.0),02/02/24 23:00:00,A,TOTAL,T,MEI_E,PPS,ES,2001,12776,
ESTAT:ILC_DI03(1.0),02/02/24 23:00:00,A,TOTAL,T,MEI_E,PPS,ES,2004,13152,b
ESTAT:ILC_DI03(1.0),02/02/24 23:00:00,A,TOTAL,T,MEI_E,PPS,ES,2005,13203,
ESTAT:ILC_DI03(1.0),02/02/24 23:00:00,A,TOTAL,T,MEI_E,PPS,ES,2006,13877,
ESTAT:ILC_DI03(1.0),02/02/24 23:00:00,A,TOTAL,T,MEI_E,PPS,ES,2007,14456,
ESTAT:ILC_DI03(1.0),02/02/24 23:00:00,A,TOTAL,T,MEI_E,PPS,ES,2008,17439,b
ESTAT:ILC_DI03(1.0),02/02/24 23:00:00,A,TOTAL,T,MEI_E,PPS,ES,2009,17928,
ESTAT:ILC_DI03(1.0),02/02/24 23:00:00,A,TOTAL,T,MEI_E,PPS,ES,2010,17316,
ESTAT:ILC_DI03(1.0),02/02/24 23:00:00,A,TOTAL,T,MEI_E,PPS,ES,2011,16858,
ESTAT:ILC_DI03(1.0),02/02/24 23:00:00,A,TOTAL,T,MEI_E,PPS,ES,2012,16626,
ESTAT:ILC_DI03(1.0),02/02/24 23:00:00,A,TOTAL,T,MEI_E,PPS,ES,2013,16475,
ESTAT:ILC_DI03(1.0),02/02/24 23:00:00,A,TOTAL,T,MEI_E,PPS,ES,2014,16480,
ESTAT:ILC_DI03(1.0),02/02/24 23:00:00,A,TOTAL,T,MEI_E,PPS,ES,2015,16691,
ESTAT:ILC_DI03(1.0),02/02/24 23:00:00,A,TOTAL,T,MEI_E,PPS,ES,2016,17771,
ESTAT:ILC_DI03(1.0),02/02/24 23:00:00,A,TOTAL,T,MEI_E,PPS,ES,2017,17917,
ESTAT:ILC_DI03(1.0),02/02/24 23:00:00,A,TOTAL,T,MEI_E,PPS,ES,2018,18363,
ESTAT:ILC_DI03(1.0),02/02/24 23:00:00,A,TOTAL,T,MEI_E,PPS,ES,2019,18618,
ESTAT:ILC_DI03(1.0),02/02/24 23:00:00,A,TOTAL,T,MEI_E,PPS,ES,2020,18813,
ESTAT:ILC_DI03(1.0),02/02/24 23:00:00,A,TOTAL,T,MEI_E,PPS,ES,2021,18564,
ESTAT:ILC_DI03(1.0),02/02/24 23:00:00,A,TOTAL,T,MEI_E,PPS,ES,2022,19662,
ESTAT:ILC_DI03(1.0),02/02/24 23:00:00,A,TOTAL,T,MEI_E,PPS,FI,1996,11337,
ESTAT:ILC_DI03(1.0),02/02/24 23:00:00,A,TOTAL,T,MEI_E,PPS,FI,1997,11824,
ESTAT:ILC_DI03(1.0),02/02/24 23:00:00,A,TOTAL,T,MEI_E,PPS,FI,1998,12109,
ESTAT:ILC_DI03(1.0),02/02/24 23:00:00,A,TOTAL,T,MEI_E,PPS,FI,1999,12533,
ESTAT:ILC_DI03(1.0),02/02/24 23:00:00,A,TOTAL,T,MEI_E,PPS,FI,2000,12933,
ESTAT:ILC_DI03(1.0),02/02/24 23:00:00,A,TOTAL,T,MEI_E,PPS,FI,2001,13970,
ESTAT:ILC_DI03(1.0),02/02/24 23:00:00,A,TOTAL,T,MEI_E,PPS,FI,2004,14676,b
ESTAT:ILC_DI03(1.0),02/02/24 23:00:00,A,TOTAL,T,MEI_E,PPS,FI,2005,15782,
ESTAT:ILC_DI03(1.0),02/02/24 23:00:00,A,TOTAL,T,MEI_E,PPS,FI,2006,16364,
ESTAT:ILC_DI03(1.0),02/02/24 23:00:00,A,TOTAL,T,MEI_E,PPS,FI,2007,16940,
ESTAT:ILC_DI03(1.0),02/02/24 23:00:00,A,TOTAL,T,MEI_E,PPS,FI,2008,18408,
ESTAT:ILC_DI03(1.0),02/02/24 23:00:00,A,TOTAL,T,MEI_E,PPS,FI,2009,19156,
ESTAT:ILC_DI03(1.0),02/02/24 23:00:00,A,TOTAL,T,MEI_E,PPS,FI,2010,18968,
ESTAT:ILC_DI03(1.0),02/02/24 23:00:00,A,TOTAL,T,MEI_E,PPS,FI,2011,19842,
ESTAT:ILC_DI03(1.0),02/02/24 23:00:00,A,TOTAL,T,MEI_E,PPS,FI,2012,20580,
ESTAT:ILC_DI03(1.0),02/02/24 23:00:00,A,TOTAL,T,MEI_E,PPS,FI,2013,21344,
ESTAT:ILC_DI03(1.0),02/02/24 23:00:00,A,TOTAL,T,MEI_E,PPS,FI,2014,21221,
ESTAT:ILC_DI03(1.0),02/02/24 23:00:00,A,TOTAL,T,MEI_E,PPS,FI,2015,21455,
ESTAT:ILC_DI03(1.0),02/02/24 23:00:00,A,TOTAL,T,MEI_E,PPS,FI,2016,22304,
ESTAT:ILC_DI03(1.0),02/02/24 23:00:00,A,TOTAL,T,MEI_E,PPS,FI,2017,22061,
ESTAT:ILC_DI03(1.0),02/02/24 23:00:00,A,TOTAL,T,MEI_E,PPS,FI,2018,22371,
ESTAT:ILC_DI03(1.0),02/02/24 23:00:00,A,TOTAL,T,MEI_E,PPS,FI,2019,22965,
ESTAT:ILC_DI03(1.0),02/02/24 23:00:00,A,TOTAL,T,MEI_E,PPS,FI,2020,22831,
ESTAT:ILC_DI03(1.0),02/02/24 23:00:00,A,TOTAL,T,MEI_E,PPS,FI,2021,22567,
ESTAT:ILC_DI03(1.0),02/02/24 23:00:00,A,TOTAL,T,MEI_E,PPS,FI,2022,23445,
ESTAT:ILC_DI03(1.0),02/02/24 23:00:00,A,TOTAL,T,MEI_E,PPS,FR,1995,13177,
ESTAT:ILC_DI03(1.0),02/02/24 23:00:00,A,TOTAL,T,MEI_E,PPS,FR,1996,13388,
ESTAT:ILC_DI03(1.0),02/02/24 23:00:00,A,TOTAL,T,MEI_E,PPS,FR,1997,13551,
ESTAT:ILC_DI03(1.0),02/02/24 23:00:00,A,TOTAL,T,MEI_E,PPS,FR,1998,14453,
ESTAT:ILC_DI03(1.0),02/02/24 23:00:00,A,TOTAL,T,MEI_E,PPS,FR,1999,15151,
ESTAT:ILC_DI03(1.0),02/02/24 23:00:00,A,TOTAL,T,MEI_E,PPS,FR,2000,15179,
ESTAT:ILC_DI03(1.0),02/02/24 23:00:00,A,TOTAL,T,MEI_E,PPS,FR,2001,16189,
ESTAT:ILC_DI03(1.0),02/02/24 23:00:00,A,TOTAL,T,MEI_E,PPS,FR,2004,15900,b
ESTAT:ILC_DI03(1.0),02/02/24 23:00:00,A,TOTAL,T,MEI_E,PPS,FR,2005,16560,
ESTAT:ILC_DI03(1.0),02/02/24 23:00:00,A,TOTAL,T,MEI_E,PPS,FR,2006,16934,
ESTAT:ILC_DI03(1.0),02/02/24 23:00:00,A,TOTAL,T,MEI_E,PPS,FR,2007,16938,
ESTAT:ILC_DI03(1.0),02/02/24 23:00:00,A,TOTAL,T,MEI_E,PPS,FR,2008,20791,b
ESTAT:ILC_DI03(1.0),02/02/24 23:00:00,A,TOTAL,T,MEI_E,PPS,FR,2009,20945,
ESTAT:ILC_DI03(1.0),02/02/24 23:00:00,A,TOTAL,T,MEI_E,PPS,FR,2010,20865,
ESTAT:ILC_DI03(1.0),02/02/24 23:00:00,A,TOTAL,T,MEI_E,PPS,FR,2011,21692,
ESTAT:ILC_DI03(1.0),02/02/24 23:00:00,A,TOTAL,T,MEI_E,PPS,FR,2012,22336,
ESTAT:ILC_DI03(1.0),02/02/24 23:00:00,A,TOTAL,T,MEI_E,PPS,FR,2013,22669,
ESTAT:ILC_DI03(1.0),02/02/24 23:00:00,A,TOTAL,T,MEI_E,PPS,FR,2014,22416,
ESTAT:ILC_DI03(1.0),02/02/24 23:00:00,A,TOTAL,T,MEI_E,PPS,FR,2015,23196,
ESTAT:ILC_DI03(1.0),02/02/24 23:00:00,A,TOTAL,T,MEI_E,PPS,FR,2016,24006,
ESTAT:ILC_DI03(1.0),02/02/24 23:00:00,A,TOTAL,T,MEI_E,PPS,FR,2017,23441,
ESTAT:ILC_DI03(1.0),02/02/24 23:00:00,A,TOTAL,T,MEI_E,PPS,FR,2018,23097,
ESTAT:ILC_DI03(1.0),02/02/24 23:00:00,A,TOTAL,T,MEI_E,PPS,FR,2019,23782,
ESTAT:ILC_DI03(1.0),02/02/24 23:00:00,A,TOTAL,T,MEI_E,PPS,FR,2020,22374,b
ESTAT:ILC_DI03(1.0),02/02/24 23:00:00,A,TOTAL,T,MEI_E,PPS,FR,2021,23056,
ESTAT:ILC_DI03(1.0),02/02/24 23:00:00,A,TOTAL,T,MEI_E,PPS,FR,2022,23579,b
ESTAT:ILC_DI03(1.0),02/02/24 23:00:00,A,TOTAL,T,MEI_E,PPS,HR,2010,8677,
ESTAT:ILC_DI03(1.0),02/02/24 23:00:00,A,TOTAL,T,MEI_E,PPS,HR,2011,8271,
ESTAT:ILC_DI03(1.0),02/02/24 23:00:00,A,TOTAL,T,MEI_E,PPS,HR,2012,8198,
ESTAT:ILC_DI03(1.0),02/02/24 23:00:00,A,TOTAL,T,MEI_E,PPS,HR,2013,8493,
ESTAT:ILC_DI03(1.0),02/02/24 23:00:00,A,TOTAL,T,MEI_E,PPS,HR,2014,8589,
ESTAT:ILC_DI03(1.0),02/02/24 23:00:00,A,TOTAL,T,MEI_E,PPS,HR,2015,9186,
ESTAT:ILC_DI03(1.0),02/02/24 23:00:00,A,TOTAL,T,MEI_E,PPS,HR,2016,9944,
ESTAT:ILC_DI03(1.0),02/02/24 23:00:00,A,TOTAL,T,MEI_E,PPS,HR,2017,10418,
ESTAT:ILC_DI03(1.0),02/02/24 23:00:00,A,TOTAL,T,MEI_E,PPS,HR,2018,10926,
ESTAT:ILC_DI03(1.0),02/02/24 23:00:00,A,TOTAL,T,MEI_E,PPS,HR,2019,11884,
ESTAT:ILC_DI03(1.0),02/02/24 23:00:00,A,TOTAL,T,MEI_E,PPS,HR,2020,12145,
ESTAT:ILC_DI03(1.0),02/02/24 23:00:00,A,TOTAL,T,MEI_E,PPS,HR,2021,12514,
ESTAT:ILC_DI03(1.0),02/02/24 23:00:00,A,TOTAL,T,MEI_E,PPS,HR,2022,13495,
ESTAT:ILC_DI03(1.0),02/02/24 23:00:00,A,TOTAL,T,MEI_E,PPS,HU,2005,6316,
ESTAT:ILC_DI03(1.0),02/02/24 23:00:00,A,TOTAL,T,MEI_E,PPS,HU,2006,7240,
ESTAT:ILC_DI03(1.0),02/02/24 23:00:00,A,TOTAL,T,MEI_E,PPS,HU,2007,7196,
ESTAT:ILC_DI03(1.0),02/02/24 23:00:00,A,TOTAL,T,MEI_E,PPS,HU,2008,7237,
ESTAT:ILC_DI03(1.0),02/02/24 23:00:00,A,TOTAL,T,MEI_E,PPS,HU,2009,7502,
ESTAT:ILC_DI03(1.0),02/02/24 23:00:00,A,TOTAL,T,MEI_E,PPS,HU,2010,7324,
ESTAT:ILC_DI03(1.0),02/02/24 23:00:00,A,TOTAL,T,MEI_E,PPS,HU,2011,8026,
ESTAT:ILC_DI03(1.0),02/02/24 23:00:00,A,TOTAL,T,MEI_E,PPS,HU,2012,8500,
ESTAT:ILC_DI03(1.0),02/02/24 23:00:00,A,TOTAL,T,MEI_E,PPS,HU,2013,8222,
ESTAT:ILC_DI03(1.0),02/02/24 23:00:00,A,TOTAL,T,MEI_E,PPS,HU,2014,8583,
ESTAT:ILC_DI03(1.0),02/02/24 23:00:00,A,TOTAL,T,MEI_E,PPS,HU,2015,8978,
ESTAT:ILC_DI03(1.0),02/02/24 23:00:00,A,TOTAL,T,MEI_E,PPS,HU,2016,9356,
ESTAT:ILC_DI03(1.0),02/02/24 23:00:00,A,TOTAL,T,MEI_E,PPS,HU,2017,9334,
ESTAT:ILC_DI03(1.0),02/02/24 23:00:00,A,TOTAL,T,MEI_E,PPS,HU,2018,9712,
ESTAT:ILC_DI03(1.0),02/02/24 23:00:00,A,TOTAL,T,MEI_E,PPS,HU,2019,10505,
ESTAT:ILC_DI03(1.0),02/02/24 23:00:00,A,TOTAL,T,MEI_E,PPS,HU,2020,10896,
ESTAT:ILC_DI03(1.0),02/02/24 23:00:00,A,TOTAL,T,MEI_E,PPS,HU,2021,11065,
ESTAT:ILC_DI03(1.0),02/02/24 23:00:00,A,TOTAL,T,MEI_E,PPS,HU,2022,11500,
ESTAT:ILC_DI03(1.0),02/02/24 23:00:00,A,TOTAL,T,MEI_E,PPS,IE,1995,10888,
ESTAT:ILC_DI03(1.0),02/02/24 23:00:00,A,TOTAL,T,MEI_E,PPS,IE,1996,11695,
ESTAT:ILC_DI03(1.0),02/02/24 23:00:00,A,TOTAL,T,MEI_E,PPS,IE,1997,11854,
ESTAT:ILC_DI03(1.0),02/02/24 23:00:00,A,TOTAL,T,MEI_E,PPS,IE,1998,13406,
ESTAT:ILC_DI03(1.0),02/02/24 23:00:00,A,TOTAL,T,MEI_E,PPS,IE,1999,13149,
ESTAT:ILC_DI03(1.0),02/02/24 23:00:00,A,TOTAL,T,MEI_E,PPS,IE,2000,13220,
ESTAT:ILC_DI03(1.0),02/02/24 23:00:00,A,TOTAL,T,MEI_E,PPS,IE,2001,14366,
ESTAT:ILC_DI03(1.0),02/02/24 23:00:00,A,TOTAL,T,MEI_E,PPS,IE,2003,15383,b
ESTAT:ILC_DI03(1.0),02/02/24 23:00:00,A,TOTAL,T,MEI_E,PPS,IE,2004,16471,
ESTAT:ILC_DI03(1.0),02/02/24 23:00:00,A,TOTAL,T,MEI_E,PPS,IE,2005,17503,
ESTAT:ILC_DI03(1.0),02/02/24 23:00:00,A,TOTAL,T,MEI_E,PPS,IE,2006,18909,
ESTAT:ILC_DI03(1.0),02/02/24 23:00:00,A,TOTAL,T,MEI_E,PPS,IE,2007,20873,
ESTAT:ILC_DI03(1.0),02/02/24 23:00:00,A,TOTAL,T,MEI_E,PPS,IE,2008,21183,
ESTAT:ILC_DI03(1.0),02/02/24 23:00:00,A,TOTAL,T,MEI_E,PPS,IE,2009,20093,
ESTAT:ILC_DI03(1.0),02/02/24 23:00:00,A,TOTAL,T,MEI_E,PPS,IE,2010,19670,
ESTAT:ILC_DI03(1.0),02/02/24 23:00:00,A,TOTAL,T,MEI_E,PPS,IE,2011,19291,
ESTAT:ILC_DI03(1.0),02/02/24 23:00:00,A,TOTAL,T,MEI_E,PPS,IE,2012,19154,
ESTAT:ILC_DI03(1.0),02/02/24 23:00:00,A,TOTAL,T,MEI_E,PPS,IE,2013,19711,
ESTAT:ILC_DI03(1.0),02/02/24 23:00:00,A,TOTAL,T,MEI_E,PPS,IE,2014,19361,
ESTAT:ILC_DI03(1.0),02/02/24 23:00:00,A,TOTAL,T,MEI_E,PPS,IE,2015,20216,
ESTAT:ILC_DI03(1.0),02/02/24 23:00:00,A,TOTAL,T,MEI_E,PPS,IE,2016,20880,
ESTAT:ILC_DI03(1.0),02/02/24 23:00:00,A,TOTAL,T,MEI_E,PPS,IE,2017,21481,
ESTAT:ILC_DI03(1.0),02/02/24 23:00:00,A,TOTAL,T,MEI_E,PPS,IE,2018,22362,
ESTAT:ILC_DI03(1.0),02/02/24 23:00:00,A,TOTAL,T,MEI_E,PPS,IE,2019,22994,
ESTAT:ILC_DI03(1.0),02/02/24 23:00:00,A,TOTAL,T,MEI_E,PPS,IE,2020,22625,b
ESTAT:ILC_DI03(1.0),02/02/24 23:00:00,A,TOTAL,T,MEI_E,PPS,IE,2021,22744,
ESTAT:ILC_DI03(1.0),02/02/24 23:00:00,A,TOTAL,T,MEI_E,PPS,IE,2022,22839,
ESTAT:ILC_DI03(1.0),02/02/24 23:00:00,A,TOTAL,T,MEI_E,PPS,IS,2004,17683,
ESTAT:ILC_DI03(1.0),02/02/24 23:00:00,A,TOTAL,T,MEI_E,PPS,IS,2005,19105,
ESTAT:ILC_DI03(1.0),02/02/24 23:00:00,A,TOTAL,T,MEI_E,PPS,IS,2006,21034,
ESTAT:ILC_DI03(1.0),02/02/24 23:00:00,A,TOTAL,T,MEI_E,PPS,IS,2007,23331,
ESTAT:ILC_DI03(1.0),02/02/24 23:00:00,A,TOTAL,T,MEI_E,PPS,IS,2008,25126,
ESTAT:ILC_DI03(1.0),02/02/24 23:00:00,A,TOTAL,T,MEI_E,PPS,IS,2009,25617,
ESTAT:ILC_DI03(1.0),02/02/24 23:00:00,A,TOTAL,T,MEI_E,PPS,IS,2010,20617,
ESTAT:ILC_DI03(1.0),02/02/24 23:00:00,A,TOTAL,T,MEI_E,PPS,IS,2011,19683,
ESTAT:ILC_DI03(1.0),02/02/24 23:00:00,A,TOTAL,T,MEI_E,PPS,IS,2012,20031,
ESTAT:ILC_DI03(1.0),02/02/24 23:00:00,A,TOTAL,T,MEI_E,PPS,IS,2013,21371,
ESTAT:ILC_DI03(1.0),02/02/24 23:00:00,A,TOTAL,T,MEI_E,PPS,IS,2014,21954,
ESTAT:ILC_DI03(1.0),02/02/24 23:00:00,A,TOTAL,T,MEI_E,PPS,IS,2015,23322,
ESTAT:ILC_DI03(1.0),02/02/24 23:00:00,A,TOTAL,T,MEI_E,PPS,IS,2016,24750,
ESTAT:ILC_DI03(1.0),02/02/24 23:00:00,A,TOTAL,T,MEI_E,PPS,IS,2017,24577,
ESTAT:ILC_DI03(1.0),02/02/24 23:00:00,A,TOTAL,T,MEI_E,PPS,IS,2018,25951,
ESTAT:ILC_DI03(1.0),02/02/24 23:00:00,A,TOTAL,T,MEI_E,PPS,IT,1995,10408,
ESTAT:ILC_DI03(1.0),02/02/24 23:00:00,A,TOTAL,T,MEI_E,PPS,IT,1996,10490,
ESTAT:ILC_DI03(1.0),02/02/24 23:00:00,A,TOTAL,T,MEI_E,PPS,IT,1997,10673,
ESTAT:ILC_DI03(1.0),02/02/24 23:00:00,A,TOTAL,T,MEI_E,PPS,IT,1998,11280,
ESTAT:ILC_DI03(1.0),02/02/24 23:00:00,A,TOTAL,T,MEI_E,PPS,IT,1999,11896,
ESTAT:ILC_DI03(1.0),02/02/24 23:00:00,A,TOTAL,T,MEI_E,PPS,IT,2000,12662,
ESTAT:ILC_DI03(1.0),02/02/24 23:00:00,A,TOTAL,T,MEI_E,PPS,IT,2001,12779,
ESTAT:ILC_DI03(1.0),02/02/24 23:00:00,A,TOTAL,T,MEI_E,PPS,IT,2004,15341,b
ESTAT:ILC_DI03(1.0),02/02/24 23:00:00,A,TOTAL,T,MEI_E,PPS,IT,2005,15796,
ESTAT:ILC_DI03(1.0),02/02/24 23:00:00,A,TOTAL,T,MEI_E,PPS,IT,2006,15974,
ESTAT:ILC_DI03(1.0),02/02/24 23:00:00,A,TOTAL,T,MEI_E,PPS,IT,2007,16616,
ESTAT:ILC_DI03(1.0),02/02/24 23:00:00,A,TOTAL,T,MEI_E,PPS,IT,2008,17285,
ESTAT:ILC_DI03(1.0),02/02/24 23:00:00,A,TOTAL,T,MEI_E,PPS,IT,2009,17554,
ESTAT:ILC_DI03(1.0),02/02/24 23:00:00,A,TOTAL,T,MEI_E,PPS,IT,2010,17378,
ESTAT:ILC_DI03(1.0),02/02/24 23:00:00,A,TOTAL,T,MEI_E,PPS,IT,2011,17928,
ESTAT:ILC_DI03(1.0),02/02/24 23:00:00,A,TOTAL,T,MEI_E,PPS,IT,2012,17714,
ESTAT:ILC_DI03(1.0),02/02/24 23:00:00,A,TOTAL,T,MEI_E,PPS,IT,2013,17455,
ESTAT:ILC_DI03(1.0),02/02/24 23:00:00,A,TOTAL,T,MEI_E,PPS,IT,2014,17340,
ESTAT:ILC_DI03(1.0),02/02/24 23:00:00,A,TOTAL,T,MEI_E,PPS,IT,2015,17380,
ESTAT:ILC_DI03(1.0),02/02/24 23:00:00,A,TOTAL,T,MEI_E,PPS,IT,2016,18275,
ESTAT:ILC_DI03(1.0),02/02/24 23:00:00,A,TOTAL,T,MEI_E,PPS,IT,2017,18691,
ESTAT:ILC_DI03(1.0),02/02/24 23:00:00,A,TOTAL,T,MEI_E,PPS,IT,2018,19061,
ESTAT:ILC_DI03(1.0),02/02/24 23:00:00,A,TOTAL,T,MEI_E,PPS,IT,2019,19452,
ESTAT:ILC_DI03(1.0),02/02/24 23:00:00,A,TOTAL,T,MEI_E,PPS,IT,2020,20106,
ESTAT:ILC_DI03(1.0),02/02/24 23:00:00,A,TOTAL,T,MEI_E,PPS,IT,2021,20015,
ESTAT:ILC_DI03(1.0),02/02/24 23:00:00,A,TOTAL,T,MEI_E,PPS,IT,2022,21180,
ESTAT:ILC_DI03(1.0),02/02/24 23:00:00,A,TOTAL,T,MEI_E,PPS,LT,2005,4774,
ESTAT:ILC_DI03(1.0),02/02/24 23:00:00,A,TOTAL,T,MEI_E,PPS,LT,2006,5584,
ESTAT:ILC_DI03(1.0),02/02/24 23:00:00,A,TOTAL,T,MEI_E,PPS,LT,2007,6868,
ESTAT:ILC_DI03(1.0),02/02/24 23:00:00,A,TOTAL,T,MEI_E,PPS,LT,2008,8170,
ESTAT:ILC_DI03(1.0),02/02/24 23:00:00,A,TOTAL,T,MEI_E,PPS,LT,2009,8860,
ESTAT:ILC_DI03(1.0),02/02/24 23:00:00,A,TOTAL,T,MEI_E,PPS,LT,2010,7431,
ESTAT:ILC_DI03(1.0),02/02/24 23:00:00,A,TOTAL,T,MEI_E,PPS,LT,2011,7085,
ESTAT:ILC_DI03(1.0),02/02/24 23:00:00,A,TOTAL,T,MEI_E,PPS,LT,2012,7944,
ESTAT:ILC_DI03(1.0),02/02/24 23:00:00,A,TOTAL,T,MEI_E,PPS,LT,2013,8753,
ESTAT:ILC_DI03(1.0),02/02/24 23:00:00,A,TOTAL,T,MEI_E,PPS,LT,2014,9410,
ESTAT:ILC_DI03(1.0),02/02/24 23:00:00,A,TOTAL,T,MEI_E,PPS,LT,2015,10445,
ESTAT:ILC_DI03(1.0),02/02/24 23:00:00,A,TOTAL,T,MEI_E,PPS,LT,2016,11666,
ESTAT:ILC_DI03(1.0),02/02/24 23:00:00,A,TOTAL,T,MEI_E,PPS,LT,2017,12092,
ESTAT:ILC_DI03(1.0),02/02/24 23:00:00,A,TOTAL,T,MEI_E,PPS,LT,2018,13060,
ESTAT:ILC_DI03(1.0),02/02/24 23:00:00,A,TOTAL,T,MEI_E,PPS,LT,2019,14054,
ESTAT:ILC_DI03(1.0),02/02/24 23:00:00,A,TOTAL,T,MEI_E,PPS,LT,2020,15293,
ESTAT:ILC_DI03(1.0),02/02/24 23:00:00,A,TOTAL,T,MEI_E,PPS,LT,2021,16895,
ESTAT:ILC_DI03(1.0),02/02/24 23:00:00,A,TOTAL,T,MEI_E,PPS,LT,2022,17659,
ESTAT:ILC_DI03(1.0),02/02/24 23:00:00,A,TOTAL,T,MEI_E,PPS,LU,1995,22035,
ESTAT:ILC_DI03(1.0),02/02/24 23:00:00,A,TOTAL,T,MEI_E,PPS,LU,1996,22337,
ESTAT:ILC_DI03(1.0),02/02/24 23:00:00,A,TOTAL,T,MEI_E,PPS,LU,1997,23008,
ESTAT:ILC_DI03(1.0),02/02/24 23:00:00,A,TOTAL,T,MEI_E,PPS,LU,1998,23223,
ESTAT:ILC_DI03(1.0),02/02/24 23:00:00,A,TOTAL,T,MEI_E,PPS,LU,1999,23924,
ESTAT:ILC_DI03(1.0),02/02/24 23:00:00,A,TOTAL,T,MEI_E,PPS,LU,2000,25976,
ESTAT:ILC_DI03(1.0),02/02/24 23:00:00,A,TOTAL,T,MEI_E,PPS,LU,2001,27336,
ESTAT:ILC_DI03(1.0),02/02/24 23:00:00,A,TOTAL,T,MEI_E,PPS,LU,2003,29061,b
ESTAT:ILC_DI03(1.0),02/02/24 23:00:00,A,TOTAL,T,MEI_E,PPS,LU,2004,29478,
ESTAT:ILC_DI03(1.0),02/02/24 23:00:00,A,TOTAL,T,MEI_E,PPS,LU,2005,30895,
ESTAT:ILC_DI03(1.0),02/02/24 23:00:00,A,TOTAL,T,MEI_E,PPS,LU,2006,29777,
ESTAT:ILC_DI03(1.0),02/02/24 23:00:00,A,TOTAL,T,MEI_E,PPS,LU,2007,30737,
ESTAT:ILC_DI03(1.0),02/02/24 23:00:00,A,TOTAL,T,MEI_E,PPS,LU,2008,30892,
ESTAT:ILC_DI03(1.0),02/02/24 23:00:00,A,TOTAL,T,MEI_E,PPS,LU,2009,31045,
ESTAT:ILC_DI03(1.0),02/02/24 23:00:00,A,TOTAL,T,MEI_E,PPS,LU,2010,29956,
ESTAT:ILC_DI03(1.0),02/02/24 23:00:00,A,TOTAL,T,MEI_E,PPS,LU,2011,29972,
ESTAT:ILC_DI03(1.0),02/02/24 23:00:00,A,TOTAL,T,MEI_E,PPS,LU,2012,29941,
ESTAT:ILC_DI03(1.0),02/02/24 23:00:00,A,TOTAL,T,MEI_E,PPS,LU,2013,32357,
ESTAT:ILC_DI03(1.0),02/02/24 23:00:00,A,TOTAL,T,MEI_E,PPS,LU,2014,31759,
ESTAT:ILC_DI03(1.0),02/02/24 23:00:00,A,TOTAL,T,MEI_E,PPS,LU,2015,32969,
ESTAT:ILC_DI03(1.0),02/02/24 23:00:00,A,TOTAL,T,MEI_E,PPS,LU,2016,31903,b
ESTAT:ILC_DI03(1.0),02/02/24 23:00:00,A,TOTAL,T,MEI_E,PPS,LU,2017,33484,
ESTAT:ILC_DI03(1.0),02/02/24 23:00:00,A,TOTAL,T,MEI_E,PPS,LU,2018,32003,
ESTAT:ILC_DI03(1.0),02/02/24 23:00:00,A,TOTAL,T,MEI_E,PPS,LU,2019,34089,
ESTAT:ILC_DI03(1.0),02/02/24 23:00:00,A,TOTAL,T,MEI_E,PPS,LU,2020,33103,b
ESTAT:ILC_DI03(1.0),02/02/24 23:00:00,A,TOTAL,T,MEI_E,PPS,LU,2021,36472,b
ESTAT:ILC_DI03(1.0),02/02/24 23:00:00,A,TOTAL,T,MEI_E,PPS,LU,2022,36744,b
ESTAT:ILC_DI03(1.0),02/02/24 23:00:00,A,TOTAL,T,MEI_E,PPS,LV,2005,4829,
ESTAT:ILC_DI03(1.0),02/02/24 23:00:00,A,TOTAL,T,MEI_E,PPS,LV,2006,5682,
ESTAT:ILC_DI03(1.0),02/02/24 23:00:00,A,TOTAL,T,MEI_E,PPS,LV,2007,6775,
ESTAT:ILC_DI03(1.0),02/02/24 23:00:00,A,TOTAL,T,MEI_E,PPS,LV,2008,8731,
ESTAT:ILC_DI03(1.0),02/02/24 23:00:00,A,TOTAL,T,MEI_E,PPS,LV,2009,8629,
ESTAT:ILC_DI03(1.0),02/02/24 23:00:00,A,TOTAL,T,MEI_E,PPS,LV,2010,7156,
ESTAT:ILC_DI03(1.0),02/02/24 23:00:00,A,TOTAL,T,MEI_E,PPS,LV,2011,7270,
ESTAT:ILC_DI03(1.0),02/02/24 23:00:00,A,TOTAL,T,MEI_E,PPS,LV,2012,7489,
ESTAT:ILC_DI03(1.0),02/02/24 23:00:00,A,TOTAL,T,MEI_E,PPS,LV,2013,7919,
ESTAT:ILC_DI03(1.0),02/02/24 23:00:00,A,TOTAL,T,MEI_E,PPS,LV,2014,8898,
ESTAT:ILC_DI03(1.0),02/02/24 23:00:00,A,TOTAL,T,MEI_E,PPS,LV,2015,9676,
ESTAT:ILC_DI03(1.0),02/02/24 23:00:00,A,TOTAL,T,MEI_E,PPS,LV,2016,10947,
ESTAT:ILC_DI03(1.0),02/02/24 23:00:00,A,TOTAL,T,MEI_E,PPS,LV,2017,10961,
ESTAT:ILC_DI03(1.0),02/02/24 23:00:00,A,TOTAL,T,MEI_E,PPS,LV,2018,11953,
ESTAT:ILC_DI03(1.0),02/02/24 23:00:00,A,TOTAL,T,MEI_E,PPS,LV,2019,13135,
ESTAT:ILC_DI03(1.0),02/02/24 23:00:00,A,TOTAL,T,MEI_E,PPS,LV,2020,13377,
ESTAT:ILC_DI03(1.0),02/02/24 23:00:00,A,TOTAL,T,MEI_E,PPS,LV,2021,14262,
ESTAT:ILC_DI03(1.0),02/02/24 23:00:00,A,TOTAL,T,MEI_E,PPS,LV,2022,15069,
ESTAT:ILC_DI03(1.0),02/02/24 23:00:00,A,TOTAL,T,MEI_E,PPS,LV,2023,15449,
ESTAT:ILC_DI03(1.0),02/02/24 23:00:00,A,TOTAL,T,MEI_E,PPS,ME,2013,6401,
ESTAT:ILC_DI03(1.0),02/02/24 23:00:00,A,TOTAL,T,MEI_E,PPS,ME,2014,6368,
ESTAT:ILC_DI03(1.0),02/02/24 23:00:00,A,TOTAL,T,MEI_E,PPS,ME,2015,6705,
ESTAT:ILC_DI03(1.0),02/02/24 23:00:00,A,TOTAL,T,MEI_E,PPS,ME,2016,7222,
ESTAT:ILC_DI03(1.0),02/02/24 23:00:00,A,TOTAL,T,MEI_E,PPS,ME,2017,7691,
ESTAT:ILC_DI03(1.0),02/02/24 23:00:00,A,TOTAL,T,MEI_E,PPS,ME,2018,7647,
ESTAT:ILC_DI03(1.0),02/02/24 23:00:00,A,TOTAL,T,MEI_E,PPS,ME,2019,7571,
ESTAT:ILC_DI03(1.0),02/02/24 23:00:00,A,TOTAL,T,MEI_E,PPS,ME,2020,7804,
ESTAT:ILC_DI03(1.0),02/02/24 23:00:00,A,TOTAL,T,MEI_E,PPS,ME,2021,7231,
ESTAT:ILC_DI03(1.0),02/02/24 23:00:00,A,TOTAL,T,MEI_E,PPS,ME,2022,8207,
ESTAT:ILC_DI03(1.0),02/02/24 23:00:00,A,TOTAL,T,MEI_E,PPS,MK,2012,4629,
ESTAT:ILC_DI03(1.0),02/02/24 23:00:00,A,TOTAL,T,MEI_E,PPS,MK,2013,4725,
ESTAT:ILC_DI03(1.0),02/02/24 23:00:00,A,TOTAL,T,MEI_E,PPS,MK,2014,4850,
ESTAT:ILC_DI03(1.0),02/02/24 23:00:00,A,TOTAL,T,MEI_E,PPS,MK,2015,5260,
ESTAT:ILC_DI03(1.0),02/02/24 23:00:00,A,TOTAL,T,MEI_E,PPS,MK,2016,5637,
ESTAT:ILC_DI03(1.0),02/02/24 23:00:00,A,TOTAL,T,MEI_E,PPS,MK,2017,5850,
ESTAT:ILC_DI03(1.0),02/02/24 23:00:00,A,TOTAL,T,MEI_E,PPS,MK,2018,5949,
ESTAT:ILC_DI03(1.0),02/02/24 23:00:00,A,TOTAL,T,MEI_E,PPS,MK,2019,6144,
ESTAT:ILC_DI03(1.0),02/02/24 23:00:00,A,TOTAL,T,MEI_E,PPS,MK,2020,6544,
ESTAT:ILC_DI03(1.0),02/02/24 23:00:00,A,TOTAL,T,MEI_E,PPS,MT,2005,13216,
ESTAT:ILC_DI03(1.0),02/02/24 23:00:00,A,TOTAL,T,MEI_E,PPS,MT,2006,13479,
ESTAT:ILC_DI03(1.0),02/02/24 23:00:00,A,TOTAL,T,MEI_E,PPS,MT,2007,13641,
ESTAT:ILC_DI03(1.0),02/02/24 23:00:00,A,TOTAL,T,MEI_E,PPS,MT,2008,14797,
ESTAT:ILC_DI03(1.0),02/02/24 23:00:00,A,TOTAL,T,MEI_E,PPS,MT,2009,15338,
ESTAT:ILC_DI03(1.0),02/02/24 23:00:00,A,TOTAL,T,MEI_E,PPS,MT,2010,15113,
ESTAT:ILC_DI03(1.0),02/02/24 23:00:00,A,TOTAL,T,MEI_E,PPS,MT,2011,15624,
ESTAT:ILC_DI03(1.0),02/02/24 23:00:00,A,TOTAL,T,MEI_E,PPS,MT,2012,16149,
ESTAT:ILC_DI03(1.0),02/02/24 23:00:00,A,TOTAL,T,MEI_E,PPS,MT,2013,17015,
ESTAT:ILC_DI03(1.0),02/02/24 23:00:00,A,TOTAL,T,MEI_E,PPS,MT,2014,17532,
ESTAT:ILC_DI03(1.0),02/02/24 23:00:00,A,TOTAL,T,MEI_E,PPS,MT,2015,18758,
ESTAT:ILC_DI03(1.0),02/02/24 23:00:00,A,TOTAL,T,MEI_E,PPS,MT,2016,19656,
ESTAT:ILC_DI03(1.0),02/02/24 23:00:00,A,TOTAL,T,MEI_E,PPS,MT,2017,20198,
ESTAT:ILC_DI03(1.0),02/02/24 23:00:00,A,TOTAL,T,MEI_E,PPS,MT,2018,20319,
ESTAT:ILC_DI03(1.0),02/02/24 23:00:00,A,TOTAL,T,MEI_E,PPS,MT,2019,20879,
ESTAT:ILC_DI03(1.0),02/02/24 23:00:00,A,TOTAL,T,MEI_E,PPS,MT,2020,21999,
ESTAT:ILC_DI03(1.0),02/02/24 23:00:00,A,TOTAL,T,MEI_E,PPS,MT,2021,22188,
ESTAT:ILC_DI03(1.0),02/02/24 23:00:00,A,TOTAL,T,MEI_E,PPS,MT,2022,24338,
ESTAT:ILC_DI03(1.0),02/02/24 23:00:00,A,TOTAL,T,MEI_E,PPS,NL,1995,12316,
ESTAT:ILC_DI03(1.0),02/02/24 23:00:00,A,TOTAL,T,MEI_E,PPS,NL,1996,12910,
ESTAT:ILC_DI03(1.0),02/02/24 23:00:00,A,TOTAL,T,MEI_E,PPS,NL,1997,13445,
ESTAT:ILC_DI03(1.0),02/02/24 23:00:00,A,TOTAL,T,MEI_E,PPS,NL,1998,14285,
ESTAT:ILC_DI03(1.0),02/02/24 23:00:00,A,TOTAL,T,MEI_E,PPS,NL,1999,15218,
ESTAT:ILC_DI03(1.0),02/02/24 23:00:00,A,TOTAL,T,MEI_E,PPS,NL,2000,15252,
ESTAT:ILC_DI03(1.0),02/02/24 23:00:00,A,TOTAL,T,MEI_E,PPS,NL,2001,15549,
ESTAT:ILC_DI03(1.0),02/02/24 23:00:00,A,TOTAL,T,MEI_E,PPS,NL,2005,17811,b
ESTAT:ILC_DI03(1.0),02/02/24 23:00:00,A,TOTAL,T,MEI_E,PPS,NL,2006,18554,
ESTAT:ILC_DI03(1.0),02/02/24 23:00:00,A,TOTAL,T,MEI_E,PPS,NL,2007,20003,
ESTAT:ILC_DI03(1.0),02/02/24 23:00:00,A,TOTAL,T,MEI_E,PPS,NL,2008,21868,
ESTAT:ILC_DI03(1.0),02/02/24 23:00:00,A,TOTAL,T,MEI_E,PPS,NL,2009,21739,
ESTAT:ILC_DI03(1.0),02/02/24 23:00:00,A,TOTAL,T,MEI_E,PPS,NL,2010,21039,
ESTAT:ILC_DI03(1.0),02/02/24 23:00:00,A,TOTAL,T,MEI_E,PPS,NL,2011,20916,
ESTAT:ILC_DI03(1.0),02/02/24 23:00:00,A,TOTAL,T,MEI_E,PPS,NL,2012,21183,
ESTAT:ILC_DI03(1.0),02/02/24 23:00:00,A,TOTAL,T,MEI_E,PPS,NL,2013,21335,
ESTAT:ILC_DI03(1.0),02/02/24 23:00:00,A,TOTAL,T,MEI_E,PPS,NL,2014,20875,
ESTAT:ILC_DI03(1.0),02/02/24 23:00:00,A,TOTAL,T,MEI_E,PPS,NL,2015,21785,
ESTAT:ILC_DI03(1.0),02/02/24 23:00:00,A,TOTAL,T,MEI_E,PPS,NL,2016,23642,b
ESTAT:ILC_DI03(1.0),02/02/24 23:00:00,A,TOTAL,T,MEI_E,PPS,NL,2017,23704,
ESTAT:ILC_DI03(1.0),02/02/24 23:00:00,A,TOTAL,T,MEI_E,PPS,NL,2018,24067,
ESTAT:ILC_DI03(1.0),02/02/24 23:00:00,A,TOTAL,T,MEI_E,PPS,NL,2019,24413,
ESTAT:ILC_DI03(1.0),02/02/24 23:00:00,A,TOTAL,T,MEI_E,PPS,NL,2020,25114,
ESTAT:ILC_DI03(1.0),02/02/24 23:00:00,A,TOTAL,T,MEI_E,PPS,NL,2021,26449,
ESTAT:ILC_DI03(1.0),02/02/24 23:00:00,A,TOTAL,T,MEI_E,PPS,NL,2022,27392,
ESTAT:ILC_DI03(1.0),02/02/24 23:00:00,A,TOTAL,T,MEI_E,PPS,NO,2003,20520,
ESTAT:ILC_DI03(1.0),02/02/24 23:00:00,A,TOTAL,T,MEI_E,PPS,NO,2004,20445,
ESTAT:ILC_DI03(1.0),02/02/24 23:00:00,A,TOTAL,T,MEI_E,PPS,NO,2005,21549,
ESTAT:ILC_DI03(1.0),02/02/24 23:00:00,A,TOTAL,T,MEI_E,PPS,NO,2006,23403,
ESTAT:ILC_DI03(1.0),02/02/24 23:00:00,A,TOTAL,T,MEI_E,PPS,NO,2007,21878,
ESTAT:ILC_DI03(1.0),02/02/24 23:00:00,A,TOTAL,T,MEI_E,PPS,NO,2008,25036,
ESTAT:ILC_DI03(1.0),02/02/24 23:00:00,A,TOTAL,T,MEI_E,PPS,NO,2009,25928,
ESTAT:ILC_DI03(1.0),02/02/24 23:00:00,A,TOTAL,T,MEI_E,PPS,NO,2010,25001,
ESTAT:ILC_DI03(1.0),02/02/24 23:00:00,A,TOTAL,T,MEI_E,PPS,NO,2011,25965,
ESTAT:ILC_DI03(1.0),02/02/24 23:00:00,A,TOTAL,T,MEI_E,PPS,NO,2012,27172,
ESTAT:ILC_DI03(1.0),02/02/24 23:00:00,A,TOTAL,T,MEI_E,PPS,NO,2013,28415,
ESTAT:ILC_DI03(1.0),02/02/24 23:00:00,A,TOTAL,T,MEI_E,PPS,NO,2014,29891,
ESTAT:ILC_DI03(1.0),02/02/24 23:00:00,A,TOTAL,T,MEI_E,PPS,NO,2015,30381,
ESTAT:ILC_DI03(1.0),02/02/24 23:00:00,A,TOTAL,T,MEI_E,PPS,NO,2016,30007,
ESTAT:ILC_DI03(1.0),02/02/24 23:00:00,A,TOTAL,T,MEI_E,PPS,NO,2017,28668,
ESTAT:ILC_DI03(1.0),02/02/24 23:00:00,A,TOTAL,T,MEI_E,PPS,NO,2018,28144,
ESTAT:ILC_DI03(1.0),02/02/24 23:00:00,A,TOTAL,T,MEI_E,PPS,NO,2019,29002,
ESTAT:ILC_DI03(1.0),02/02/24 23:00:00,A,TOTAL,T,MEI_E,PPS,NO,2020,29943,
ESTAT:ILC_DI03(1.0),02/02/24 23:00:00,A,TOTAL,T,MEI_E,PPS,NO,2021,28654,b
ESTAT:ILC_DI03(1.0),02/02/24 23:00:00,A,TOTAL,T,MEI_E,PPS,NO,2022,30374,
ESTAT:ILC_DI03(1.0),02/02/24 23:00:00,A,TOTAL,T,MEI_E,PPS,PL,2005,5712,
ESTAT:ILC_DI03(1.0),02/02/24 23:00:00,A,TOTAL,T,MEI_E,PPS,PL,2006,6067,
ESTAT:ILC_DI03(1.0),02/02/24 23:00:00,A,TOTAL,T,MEI_E,PPS,PL,2007,6645,
ESTAT:ILC_DI03(1.0),02/02/24 23:00:00,A,TOTAL,T,MEI_E,PPS,PL,2008,8004,
ESTAT:ILC_DI03(1.0),02/02/24 23:00:00,A,TOTAL,T,MEI_E,PPS,PL,2009,8660,
ESTAT:ILC_DI03(1.0),02/02/24 23:00:00,A,TOTAL,T,MEI_E,PPS,PL,2010,8801,
ESTAT:ILC_DI03(1.0),02/02/24 23:00:00,A,TOTAL,T,MEI_E,PPS,PL,2011,9627,
ESTAT:ILC_DI03(1.0),02/02/24 23:00:00,A,TOTAL,T,MEI_E,PPS,PL,2012,10073,
ESTAT:ILC_DI03(1.0),02/02/24 23:00:00,A,TOTAL,T,MEI_E,PPS,PL,2013,10598,
ESTAT:ILC_DI03(1.0),02/02/24 23:00:00,A,TOTAL,T,MEI_E,PPS,PL,2014,11042,
ESTAT:ILC_DI03(1.0),02/02/24 23:00:00,A,TOTAL,T,MEI_E,PPS,PL,2015,11419,
ESTAT:ILC_DI03(1.0),02/02/24 23:00:00,A,TOTAL,T,MEI_E,PPS,PL,2016,12297,
ESTAT:ILC_DI03(1.0),02/02/24 23:00:00,A,TOTAL,T,MEI_E,PPS,PL,2017,12691,
ESTAT:ILC_DI03(1.0),02/02/24 23:00:00,A,TOTAL,T,MEI_E,PPS,PL,2018,12850,
ESTAT:ILC_DI03(1.0),02/02/24 23:00:00,A,TOTAL,T,MEI_E,PPS,PL,2019,13889,
ESTAT:ILC_DI03(1.0),02/02/24 23:00:00,A,TOTAL,T,MEI_E,PPS,PL,2020,14823,
ESTAT:ILC_DI03(1.0),02/02/24 23:00:00,A,TOTAL,T,MEI_E,PPS,PL,2021,15315,
ESTAT:ILC_DI03(1.0),02/02/24 23:00:00,A,TOTAL,T,MEI_E,PPS,PL,2022,16529,
ESTAT:ILC_DI03(1.0),02/02/24 23:00:00,A,TOTAL,T,MEI_E,PPS,PT,1995,7672,
ESTAT:ILC_DI03(1.0),02/02/24 23:00:00,A,TOTAL,T,MEI_E,PPS,PT,1996,7798,
ESTAT:ILC_DI03(1.0),02/02/24 23:00:00,A,TOTAL,T,MEI_E,PPS,PT,1997,8237,
ESTAT:ILC_DI03(1.0),02/02/24 23:00:00,A,TOTAL,T,MEI_E,PPS,PT,1998,8620,
ESTAT:ILC_DI03(1.0),02/02/24 23:00:00,A,TOTAL,T,MEI_E,PPS,PT,1999,9129,
ESTAT:ILC_DI03(1.0),02/02/24 23:00:00,A,TOTAL,T,MEI_E,PPS,PT,2000,9569,
ESTAT:ILC_DI03(1.0),02/02/24 23:00:00,A,TOTAL,T,MEI_E,PPS,PT,2001,10565,
ESTAT:ILC_DI03(1.0),02/02/24 23:00:00,A,TOTAL,T,MEI_E,PPS,PT,2004,10307,b
ESTAT:ILC_DI03(1.0),02/02/24 23:00:00,A,TOTAL,T,MEI_E,PPS,PT,2005,10751,
ESTAT:ILC_DI03(1.0),02/02/24 23:00:00,A,TOTAL,T,MEI_E,PPS,PT,2006,11233,
ESTAT:ILC_DI03(1.0),02/02/24 23:00:00,A,TOTAL,T,MEI_E,PPS,PT,2007,11689,
ESTAT:ILC_DI03(1.0),02/02/24 23:00:00,A,TOTAL,T,MEI_E,PPS,PT,2008,12008,
ESTAT:ILC_DI03(1.0),02/02/24 23:00:00,A,TOTAL,T,MEI_E,PPS,PT,2009,11806,
ESTAT:ILC_DI03(1.0),02/02/24 23:00:00,A,TOTAL,T,MEI_E,PPS,PT,2010,11815,
ESTAT:ILC_DI03(1.0),02/02/24 23:00:00,A,TOTAL,T,MEI_E,PPS,PT,2011,11906,
ESTAT:ILC_DI03(1.0),02/02/24 23:00:00,A,TOTAL,T,MEI_E,PPS,PT,2012,12035,
ESTAT:ILC_DI03(1.0),02/02/24 23:00:00,A,TOTAL,T,MEI_E,PPS,PT,2013,11887,
ESTAT:ILC_DI03(1.0),02/02/24 23:00:00,A,TOTAL,T,MEI_E,PPS,PT,2014,12128,
ESTAT:ILC_DI03(1.0),02/02/24 23:00:00,A,TOTAL,T,MEI_E,PPS,PT,2015,12226,
ESTAT:ILC_DI03(1.0),02/02/24 23:00:00,A,TOTAL,T,MEI_E,PPS,PT,2016,12994,
ESTAT:ILC_DI03(1.0),02/02/24 23:00:00,A,TOTAL,T,MEI_E,PPS,PT,2017,12964,
ESTAT:ILC_DI03(1.0),02/02/24 23:00:00,A,TOTAL,T,MEI_E,PPS,PT,2018,12785,
ESTAT:ILC_DI03(1.0),02/02/24 23:00:00,A,TOTAL,T,MEI_E,PPS,PT,2019,13642,
ESTAT:ILC_DI03(1.0),02/02/24 23:00:00,A,TOTAL,T,MEI_E,PPS,PT,2020,14498,
ESTAT:ILC_DI03(1.0),02/02/24 23:00:00,A,TOTAL,T,MEI_E,PPS,PT,2021,14668,
ESTAT:ILC_DI03(1.0),02/02/24 23:00:00,A,TOTAL,T,MEI_E,PPS,PT,2022,14643,
ESTAT:ILC_DI03(1.0),02/02/24 23:00:00,A,TOTAL,T,MEI_E,PPS,RO,2007,3367,
ESTAT:ILC_DI03(1.0),02/02/24 23:00:00,A,TOTAL,T,MEI_E,PPS,RO,2008,3637,
ESTAT:ILC_DI03(1.0),02/02/24 23:00:00,A,TOTAL,T,MEI_E,PPS,RO,2009,4002,
ESTAT:ILC_DI03(1.0),02/02/24 23:00:00,A,TOTAL,T,MEI_E,PPS,RO,2010,4119,
ESTAT:ILC_DI03(1.0),02/02/24 23:00:00,A,TOTAL,T,MEI_E,PPS,RO,2011,4184,
ESTAT:ILC_DI03(1.0),02/02/24 23:00:00,A,TOTAL,T,MEI_E,PPS,RO,2012,4266,
ESTAT:ILC_DI03(1.0),02/02/24 23:00:00,A,TOTAL,T,MEI_E,PPS,RO,2013,4481,
ESTAT:ILC_DI03(1.0),02/02/24 23:00:00,A,TOTAL,T,MEI_E,PPS,RO,2014,4550,
ESTAT:ILC_DI03(1.0),02/02/24 23:00:00,A,TOTAL,T,MEI_E,PPS,RO,2015,5033,
ESTAT:ILC_DI03(1.0),02/02/24 23:00:00,A,TOTAL,T,MEI_E,PPS,RO,2016,5299,
ESTAT:ILC_DI03(1.0),02/02/24 23:00:00,A,TOTAL,T,MEI_E,PPS,RO,2017,5928,
ESTAT:ILC_DI03(1.0),02/02/24 23:00:00,A,TOTAL,T,MEI_E,PPS,RO,2018,7311,
ESTAT:ILC_DI03(1.0),02/02/24 23:00:00,A,TOTAL,T,MEI_E,PPS,RO,2019,8420,
ESTAT:ILC_DI03(1.0),02/02/24 23:00:00,A,TOTAL,T,MEI_E,PPS,RO,2020,8771,
ESTAT:ILC_DI03(1.0),02/02/24 23:00:00,A,TOTAL,T,MEI_E,PPS,RO,2021,9813,
ESTAT:ILC_DI03(1.0),02/02/24 23:00:00,A,TOTAL,T,MEI_E,PPS,RO,2022,11157,
ESTAT:ILC_DI03(1.0),02/02/24 23:00:00,A,TOTAL,T,MEI_E,PPS,RS,2013,5715,
ESTAT:ILC_DI03(1.0),02/02/24 23:00:00,A,TOTAL,T,MEI_E,PPS,RS,2014,5385,
ESTAT:ILC_DI03(1.0),02/02/24 23:00:00,A,TOTAL,T,MEI_E,PPS,RS,2015,5626,
ESTAT:ILC_DI03(1.0),02/02/24 23:00:00,A,TOTAL,T,MEI_E,PPS,RS,2016,5856,
ESTAT:ILC_DI03(1.0),02/02/24 23:00:00,A,TOTAL,T,MEI_E,PPS,RS,2017,5903,
ESTAT:ILC_DI03(1.0),02/02/24 23:00:00,A,TOTAL,T,MEI_E,PPS,RS,2018,5801,
ESTAT:ILC_DI03(1.0),02/02/24 23:00:00,A,TOTAL,T,MEI_E,PPS,RS,2019,6789,
ESTAT:ILC_DI03(1.0),02/02/24 23:00:00,A,TOTAL,T,MEI_E,PPS,RS,2020,7570,
ESTAT:ILC_DI03(1.0),02/02/24 23:00:00,A,TOTAL,T,MEI_E,PPS,RS,2021,7943,
ESTAT:ILC_DI03(1.0),02/02/24 23:00:00,A,TOTAL,T,MEI_E,PPS,RS,2022,8521,
ESTAT:ILC_DI03(1.0),02/02/24 23:00:00,A,TOTAL,T,MEI_E,PPS,SE,2004,14892,
ESTAT:ILC_DI03(1.0),02/02/24 23:00:00,A,TOTAL,T,MEI_E,PPS,SE,2005,15626,
ESTAT:ILC_DI03(1.0),02/02/24 23:00:00,A,TOTAL,T,MEI_E,PPS,SE,2006,15950,
ESTAT:ILC_DI03(1.0),02/02/24 23:00:00,A,TOTAL,T,MEI_E,PPS,SE,2007,17033,
ESTAT:ILC_DI03(1.0),02/02/24 23:00:00,A,TOTAL,T,MEI_E,PPS,SE,2008,18639,b
ESTAT:ILC_DI03(1.0),02/02/24 23:00:00,A,TOTAL,T,MEI_E,PPS,SE,2009,19536,
ESTAT:ILC_DI03(1.0),02/02/24 23:00:00,A,TOTAL,T,MEI_E,PPS,SE,2010,18647,
ESTAT:ILC_DI03(1.0),02/02/24 23:00:00,A,TOTAL,T,MEI_E,PPS,SE,2011,19215,
ESTAT:ILC_DI03(1.0),02/02/24 23:00:00,A,TOTAL,T,MEI_E,PPS,SE,2012,20143,
ESTAT:ILC_DI03(1.0),02/02/24 23:00:00,A,TOTAL,T,MEI_E,PPS,SE,2013,21363,
ESTAT:ILC_DI03(1.0),02/02/24 23:00:00,A,TOTAL,T,MEI_E,PPS,SE,2014,21114,
ESTAT:ILC_DI03(1.0),02/02/24 23:00:00,A,TOTAL,T,MEI_E,PPS,SE,2015,21677,
ESTAT:ILC_DI03(1.0),02/02/24 23:00:00,A,TOTAL,T,MEI_E,PPS,SE,2016,22772,
ESTAT:ILC_DI03(1.0),02/02/24 23:00:00,A,TOTAL,T,MEI_E,PPS,SE,2017,22242,
ESTAT:ILC_DI03(1.0),02/02/24 23:00:00,A,TOTAL,T,MEI_E,PPS,SE,2018,22143,
ESTAT:ILC_DI03(1.0),02/02/24 23:00:00,A,TOTAL,T,MEI_E,PPS,SE,2019,21983,
ESTAT:ILC_DI03(1.0),02/02/24 23:00:00,A,TOTAL,T,MEI_E,PPS,SE,2020,21666,
ESTAT:ILC_DI03(1.0),02/02/24 23:00:00,A,TOTAL,T,MEI_E,PPS,SE,2021,22421,
ESTAT:ILC_DI03(1.0),02/02/24 23:00:00,A,TOTAL,T,MEI_E,PPS,SE,2022,22379,
ESTAT:ILC_DI03(1.0),02/02/24 23:00:00,A,TOTAL,T,MEI_E,PPS,SI,2005,12553,
ESTAT:ILC_DI03(1.0),02/02/24 23:00:00,A,TOTAL,T,MEI_E,PPS,SI,2006,13189,
ESTAT:ILC_DI03(1.0),02/02/24 23:00:00,A,TOTAL,T,MEI_E,PPS,SI,2007,13988,
ESTAT:ILC_DI03(1.0),02/02/24 23:00:00,A,TOTAL,T,MEI_E,PPS,SI,2008,14846,
ESTAT:ILC_DI03(1.0),02/02/24 23:00:00,A,TOTAL,T,MEI_E,PPS,SI,2009,15393,
ESTAT:ILC_DI03(1.0),02/02/24 23:00:00,A,TOTAL,T,MEI_E,PPS,SI,2010,14392,
ESTAT:ILC_DI03(1.0),02/02/24 23:00:00,A,TOTAL,T,MEI_E,PPS,SI,2011,14970,
ESTAT:ILC_DI03(1.0),02/02/24 23:00:00,A,TOTAL,T,MEI_E,PPS,SI,2012,15272,
ESTAT:ILC_DI03(1.0),02/02/24 23:00:00,A,TOTAL,T,MEI_E,PPS,SI,2013,15236,
ESTAT:ILC_DI03(1.0),02/02/24 23:00:00,A,TOTAL,T,MEI_E,PPS,SI,2014,15451,
ESTAT:ILC_DI03(1.0),02/02/24 23:00:00,A,TOTAL,T,MEI_E,PPS,SI,2015,16180,
ESTAT:ILC_DI03(1.0),02/02/24 23:00:00,A,TOTAL,T,MEI_E,PPS,SI,2016,16320,
ESTAT:ILC_DI03(1.0),02/02/24 23:00:00,A,TOTAL,T,MEI_E,PPS,SI,2017,16289,
ESTAT:ILC_DI03(1.0),02/02/24 23:00:00,A,TOTAL,T,MEI_E,PPS,SI,2018,16823,
ESTAT:ILC_DI03(1.0),02/02/24 23:00:00,A,TOTAL,T,MEI_E,PPS,SI,2019,18016,
ESTAT:ILC_DI03(1.0),02/02/24 23:00:00,A,TOTAL,T,MEI_E,PPS,SI,2020,18209,
ESTAT:ILC_DI03(1.0),02/02/24 23:00:00,A,TOTAL,T,MEI_E,PPS,SI,2021,18928,
ESTAT:ILC_DI03(1.0),02/02/24 23:00:00,A,TOTAL,T,MEI_E,PPS,SI,2022,20135,
ESTAT:ILC_DI03(1.0),02/02/24 23:00:00,A,TOTAL,T,MEI_E,PPS,SK,2005,4391,
ESTAT:ILC_DI03(1.0),02/02/24 23:00:00,A,TOTAL,T,MEI_E,PPS,SK,2006,5305,
ESTAT:ILC_DI03(1.0),02/02/24 23:00:00,A,TOTAL,T,MEI_E,PPS,SK,2007,6182,
ESTAT:ILC_DI03(1.0),02/02/24 23:00:00,A,TOTAL,T,MEI_E,PPS,SK,2008,7310,
ESTAT:ILC_DI03(1.0),02/02/24 23:00:00,A,TOTAL,T,MEI_E,PPS,SK,2009,8710,
ESTAT:ILC_DI03(1.0),02/02/24 23:00:00,A,TOTAL,T,MEI_E,PPS,SK,2010,9273,
ESTAT:ILC_DI03(1.0),02/02/24 23:00:00,A,TOTAL,T,MEI_E,PPS,SK,2011,9933,
ESTAT:ILC_DI03(1.0),02/02/24 23:00:00,A,TOTAL,T,MEI_E,PPS,SK,2012,10688,
ESTAT:ILC_DI03(1.0),02/02/24 23:00:00,A,TOTAL,T,MEI_E,PPS,SK,2013,10324,
ESTAT:ILC_DI03(1.0),02/02/24 23:00:00,A,TOTAL,T,MEI_E,PPS,SK,2014,10777,
ESTAT:ILC_DI03(1.0),02/02/24 23:00:00,A,TOTAL,T,MEI_E,PPS,SK,2015,10755,
ESTAT:ILC_DI03(1.0),02/02/24 23:00:00,A,TOTAL,T,MEI_E,PPS,SK,2016,11129,
ESTAT:ILC_DI03(1.0),02/02/24 23:00:00,A,TOTAL,T,MEI_E,PPS,SK,2017,10017,
ESTAT:ILC_DI03(1.0),02/02/24 23:00:00,A,TOTAL,T,MEI_E,PPS,SK,2018,10277,
ESTAT:ILC_DI03(1.0),02/02/24 23:00:00,A,TOTAL,T,MEI_E,PPS,SK,2019,11026,
ESTAT:ILC_DI03(1.0),02/02/24 23:00:00,A,TOTAL,T,MEI_E,PPS,SK,2020,10423,
ESTAT:ILC_DI03(1.0),02/02/24 23:00:00,A,TOTAL,T,MEI_E,PPS,SK,2021,9784,
ESTAT:ILC_DI03(1.0),02/02/24 23:00:00,A,TOTAL,T,MEI_E,PPS,SK,2022,10158,
ESTAT:ILC_DI03(1.0),02/02/24 23:00:00,A,TOTAL,T,MEI_E,PPS,TR,2006,4880,
ESTAT:ILC_DI03(1.0),02/02/24 23:00:00,A,TOTAL,T,MEI_E,PPS,TR,2007,5538,
ESTAT:ILC_DI03(1.0),02/02/24 23:00:00,A,TOTAL,T,MEI_E,PPS,TR,2008,5685,
ESTAT:ILC_DI03(1.0),02/02/24 23:00:00,A,TOTAL,T,MEI_E,PPS,TR,2009,6134,
ESTAT:ILC_DI03(1.0),02/02/24 23:00:00,A,TOTAL,T,MEI_E,PPS,TR,2010,5995,
ESTAT:ILC_DI03(1.0),02/02/24 23:00:00,A,TOTAL,T,MEI_E,PPS,TR,2011,6597,
ESTAT:ILC_DI03(1.0),02/02/24 23:00:00,A,TOTAL,T,MEI_E,PPS,TR,2012,7096,
ESTAT:ILC_DI03(1.0),02/02/24 23:00:00,A,TOTAL,T,MEI_E,PPS,TR,2013,7205,
ESTAT:ILC_DI03(1.0),02/02/24 23:00:00,A,TOTAL,T,MEI_E,PPS,TR,2014,7375,
ESTAT:ILC_DI03(1.0),02/02/24 23:00:00,A,TOTAL,T,MEI_E,PPS,TR,2015,7784,
ESTAT:ILC_DI03(1.0),02/02/24 23:00:00,A,TOTAL,T,MEI_E,PPS,TR,2016,9024,
ESTAT:ILC_DI03(1.0),02/02/24 23:00:00,A,TOTAL,T,MEI_E,PPS,TR,2017,9173,
ESTAT:ILC_DI03(1.0),02/02/24 23:00:00,A,TOTAL,T,MEI_E,PPS,TR,2018,9082,
ESTAT:ILC_DI03(1.0),02/02/24 23:00:00,A,TOTAL,T,MEI_E,PPS,TR,2019,9231,
ESTAT:ILC_DI03(1.0),02/02/24 23:00:00,A,TOTAL,T,MEI_E,PPS,TR,2020,9217,
ESTAT:ILC_DI03(1.0),02/02/24 23:00:00,A,TOTAL,T,MEI_E,PPS,TR,2021,8563,
ESTAT:ILC_DI03(1.0),02/02/24 23:00:00,A,TOTAL,T,MEI_E,PPS,UK,1995,13386,
ESTAT:ILC_DI03(1.0),02/02/24 23:00:00,A,TOTAL,T,MEI_E,PPS,UK,1996,13659,
ESTAT:ILC_DI03(1.0),02/02/24 23:00:00,A,TOTAL,T,MEI_E,PPS,UK,1997,14296,
ESTAT:ILC_DI03(1.0),02/02/24 23:00:00,A,TOTAL,T,MEI_E,PPS,UK,1998,15120,
ESTAT:ILC_DI03(1.0),02/02/24 23:00:00,A,TOTAL,T,MEI_E,PPS,UK,1999,14794,
ESTAT:ILC_DI03(1.0),02/02/24 23:00:00,A,TOTAL,T,MEI_E,PPS,UK,2000,15964,
ESTAT:ILC_DI03(1.0),02/02/24 23:00:00,A,TOTAL,T,MEI_E,PPS,UK,2001,17272,
ESTAT:ILC_DI03(1.0),02/02/24 23:00:00,A,TOTAL,T,MEI_E,PPS,UK,2005,20520,b
ESTAT:ILC_DI03(1.0),02/02/24 23:00:00,A,TOTAL,T,MEI_E,PPS,UK,2006,20601,
ESTAT:ILC_DI03(1.0),02/02/24 23:00:00,A,TOTAL,T,MEI_E,PPS,UK,2007,22046,
ESTAT:ILC_DI03(1.0),02/02/24 23:00:00,A,TOTAL,T,MEI_E,PPS,UK,2008,22347,
ESTAT:ILC_DI03(1.0),02/02/24 23:00:00,A,TOTAL,T,MEI_E,PPS,UK,2009,20056,
ESTAT:ILC_DI03(1.0),02/02/24 23:00:00,A,TOTAL,T,MEI_E,PPS,UK,2010,19034,
ESTAT:ILC_DI03(1.0),02/02/24 23:00:00,A,TOTAL,T,MEI_E,PPS,UK,2011,19138,
ESTAT:ILC_DI03(1.0),02/02/24 23:00:00,A,TOTAL,T,MEI_E,PPS,UK,2012,19218,b
ESTAT:ILC_DI03(1.0),02/02/24 23:00:00,A,TOTAL,T,MEI_E,PPS,UK,2013,19422,
ESTAT:ILC_DI03(1.0),02/02/24 23:00:00,A,TOTAL,T,MEI_E,PPS,UK,2014,19866,
ESTAT:ILC_DI03(1.0),02/02/24 23:00:00,A,TOTAL,T,MEI_E,PPS,UK,2015,21160,
ESTAT:ILC_DI03(1.0),02/02/24 23:00:00,A,TOTAL,T,MEI_E,PPS,UK,2016,20132,
ESTAT:ILC_DI03(1.0),02/02/24 23:00:00,A,TOTAL,T,MEI_E,PPS,UK,2017,21690,b
ESTAT:ILC_DI03(1.0),02/02/24 23:00:00,A,TOTAL,T,MEI_E,PPS,UK,2018,22009,
ESTAT:ILC_DI03(1.0),02/02/24 23:00:00,A,TOTAL,T,MEI_E,PPS,XK,2018,5059,
