DATAFLOW,LAST UPDATE,freq,age,sex,indic_il,unit,geo,TIME_PERIOD,OBS_VALUE,OBS_FLAG
ESTAT:ILC_DI03(1.0),02/02/24 23:00:00,A,TOTAL,T,MED_E,PPS,AL,2017,3589,
ESTAT:ILC_DI03(1.0),02/02/24 23:00:00,A,TOTAL,T,MED_E,PPS,AL,2018,4003,
ESTAT:ILC_DI03(1.0),02/02/24 23:00:00,A,TOTAL,T,MED_E,PPS,AL,2019,4252,
ESTAT:ILC_DI03(1.0),02/02/24 23:00:00,A,TOTAL,T,MED_E,PPS,AL,2020,4385,
ESTAT:ILC_DI03(1.0),02/02/24 23:00:00,A,TOTAL,T,MED_E,PPS,AL,2021,4275,
ESTAT:ILC_DI03(1.0),02/02/24 23:00:00,A,TOTAL,T,MED_E,PPS,AT,1995,12695,
ESTAT:ILC_DI03(1.0),02/02/24 23:00:00,A,TOTAL,T,MED_E,PPS,AT,1996,12854,
ESTAT:ILC_DI03(1.0),02/02/24 23:00:00,A,TOTAL,T,MED_E,PPS,AT,1997,13214,
ESTAT:ILC_DI03(1.0),02/02/24 23:00:00,A,TOTAL,T,MED_E,PPS,AT,1998,13452,
ESTAT:ILC_DI03(1.0),02/02/24 23:00:00,A,TOTAL,T,MED_E,PPS,AT,1999,13610,
ESTAT:ILC_DI03(1.0),02/02/24 23:00:00,A,TOTAL,T,MED_E,PPS,AT,2000,14922,
ESTAT:ILC_DI03(1.0),02/02/24 23:00:00,A,TOTAL,T,MED_E,PPS,AT,2001,15780,
ESTAT:ILC_DI03(1.0),02/02/24 23:00:00,A,TOTAL,T,MED_E,PPS,AT,2003,15112,b
ESTAT:ILC_DI03(1.0),02/02/24 23:00:00,A,TOTAL,T,MED_E,PPS,AT,2004,16326,
ESTAT:ILC_DI03(1.0),02/02/24 23:00:00,A,TOTAL,T,MED_E,PPS,AT,2005,17194,
ESTAT:ILC_DI03(1.0),02/02/24 23:00:00,A,TOTAL,T,MED_E,PPS,AT,2006,17420,
ESTAT:ILC_DI03(1.0),02/02/24 23:00:00,A,TOTAL,T,MED_E,PPS,AT,2007,17810,
ESTAT:ILC_DI03(1.0),02/02/24 23:00:00,A,TOTAL,T,MED_E,PPS,AT,2008,18932,b
ESTAT:ILC_DI03(1.0),02/02/24 23:00:00,A,TOTAL,T,MED_E,PPS,AT,2009,19472,
ESTAT:ILC_DI03(1.0),02/02/24 23:00:00,A,TOTAL,T,MED_E,PPS,AT,2010,19516,
ESTAT:ILC_DI03(1.0),02/02/24 23:00:00,A,TOTAL,T,MED_E,PPS,AT,2011,20425,
ESTAT:ILC_DI03(1.0),02/02/24 23:00:00,A,TOTAL,T,MED_E,PPS,AT,2012,20602,
ESTAT:ILC_DI03(1.0),02/02/24 23:00:00,A,TOTAL,T,MED_E,PPS,AT,2013,20904,
ESTAT:ILC_DI03(1.0),02/02/24 23:00:00,A,TOTAL,T,MED_E,PPS,AT,2014,21662,
ESTAT:ILC_DI03(1.0),02/02/24 23:00:00,A,TOTAL,T,MED_E,PPS,AT,2015,21981,
ESTAT:ILC_DI03(1.0),02/02/24 23:00:00,A,TOTAL,T,MED_E,PPS,AT,2016,23071,
ESTAT:ILC_DI03(1.0),02/02/24 23:00:00,A,TOTAL,T,MED_E,PPS,AT,2017,23361,
ESTAT:ILC_DI03(1.0),02/02/24 23:00:00,A,TOTAL,T,MED_E,PPS,AT,2018,23204,
ESTAT:ILC_DI03(1.0),02/02/24 23:00:00,A,TOTAL,T,MED_E,PPS,AT,2019,23687,
ESTAT:ILC_DI03(1.0),02/02/24 23:00:00,A,TOTAL,T,MED_E,PPS,AT,2020,23334,
ESTAT:ILC_DI03(1.0),02/02/24 23:00:00,A,TOTAL,T,MED_E,PPS,AT,2021,24450,
ESTAT:ILC_DI03(1.0),02/02/24 23:00:00,A,TOTAL,T,MED_E,PPS,AT,2022,25119,
ESTAT:ILC_DI03(1.0),02/02/24 23:00:00,A,TOTAL,T,MED_E,PPS,BE,1995,12764,
ESTAT:ILC_DI03(1.0),02/02/24 23:00:00,A,TOTAL,T,MED_E,PPS,BE,1996,12912,
ESTAT:ILC_DI03(1.0),02/02/24 23:00:00,A,TOTAL,T,MED_E,PPS,BE,1997,13722,
ESTAT:ILC_DI03(1.0),02/02/24 23:00:00,A,TOTAL,T,MED_E,PPS,BE,1998,14161,
ESTAT:ILC_DI03(1.0),02/02/24 23:00:00,A,TOTAL,T,MED_E,PPS,BE,1999,14414,
ESTAT:ILC_DI03(1.0),02/02/24 23:00:00,A,TOTAL,T,MED_E,PPS,BE,2000,14446,
ESTAT:ILC_DI03(1.0),02/02/24 23:00:00,A,TOTAL,T,MED_E,PPS,BE,2001,15477,
ESTAT:ILC_DI03(1.0),02/02/24 23:00:00,A,TOTAL,T,MED_E,PPS,BE,2003,15295,b
ESTAT:ILC_DI03(1.0),02/02/24 23:00:00,A,TOTAL,T,MED_E,PPS,BE,2004,14713,
ESTAT:ILC_DI03(1.0),02/02/24 23:00:00,A,TOTAL,T,MED_E,PPS,BE,2005,15536,
ESTAT:ILC_DI03(1.0),02/02/24 23:00:00,A,TOTAL,T,MED_E,PPS,BE,2006,16178,
ESTAT:ILC_DI03(1.0),02/02/24 23:00:00,A,TOTAL,T,MED_E,PPS,BE,2007,16311,
ESTAT:ILC_DI03(1.0),02/02/24 23:00:00,A,TOTAL,T,MED_E,PPS,BE,2008,16743,
ESTAT:ILC_DI03(1.0),02/02/24 23:00:00,A,TOTAL,T,MED_E,PPS,BE,2009,17491,
ESTAT:ILC_DI03(1.0),02/02/24 23:00:00,A,TOTAL,T,MED_E,PPS,BE,2010,17331,
ESTAT:ILC_DI03(1.0),02/02/24 23:00:00,A,TOTAL,T,MED_E,PPS,BE,2011,18159,
ESTAT:ILC_DI03(1.0),02/02/24 23:00:00,A,TOTAL,T,MED_E,PPS,BE,2012,18396,
ESTAT:ILC_DI03(1.0),02/02/24 23:00:00,A,TOTAL,T,MED_E,PPS,BE,2013,19563,
ESTAT:ILC_DI03(1.0),02/02/24 23:00:00,A,TOTAL,T,MED_E,PPS,BE,2014,19591,
ESTAT:ILC_DI03(1.0),02/02/24 23:00:00,A,TOTAL,T,MED_E,PPS,BE,2015,19921,
ESTAT:ILC_DI03(1.0),02/02/24 23:00:00,A,TOTAL,T,MED_E,PPS,BE,2016,21335,
ESTAT:ILC_DI03(1.0),02/02/24 23:00:00,A,TOTAL,T,MED_E,PPS,BE,2017,20904,
ESTAT:ILC_DI03(1.0),02/02/24 23:00:00,A,TOTAL,T,MED_E,PPS,BE,2018,21353,
ESTAT:ILC_DI03(1.0),02/02/24 23:00:00,A,TOTAL,T,MED_E,PPS,BE,2019,22100,b
ESTAT:ILC_DI03(1.0),02/02/24 23:00:00,A,TOTAL,T,MED_E,PPS,BE,2020,22294,
ESTAT:ILC_DI03(1.0),02/02/24 23:00:00,A,TOTAL,T,MED_E,PPS,BE,2021,22695,
ESTAT:ILC_DI03(1.0),02/02/24 23:00:00,A,TOTAL,T,MED_E,PPS,BE,2022,24142,
ESTAT:ILC_DI03(1.0),02/02/24 23:00:00,A,TOTAL,T,MED_E,PPS,BG,2006,3200,
ESTAT:ILC_DI03(1.0),02/02/24 23:00:00,A,TOTAL,T,MED_E,PPS,BG,2007,3299,
ESTAT:ILC_DI03(1.0),02/02/24 23:00:00,A,TOTAL,T,MED_E,PPS,BG,2008,4765,
ESTAT:ILC_DI03(1.0),02/02/24 23:00:00,A,TOTAL,T,MED_E,PPS,BG,2009,5751,
ESTAT:ILC_DI03(1.0),02/02/24 23:00:00,A,TOTAL,T,MED_E,PPS,BG,2010,5885,
ESTAT:ILC_DI03(1.0),02/02/24 23:00:00,A,TOTAL,T,MED_E,PPS,BG,2011,5831,
ESTAT:ILC_DI03(1.0),02/02/24 23:00:00,A,TOTAL,T,MED_E,PPS,BG,2012,5697,
ESTAT:ILC_DI03(1.0),02/02/24 23:00:00,A,TOTAL,T,MED_E,PPS,BG,2013,5900,
ESTAT:ILC_DI03(1.0),02/02/24 23:00:00,A,TOTAL,T,MED_E,PPS,BG,2014,6754,
ESTAT:ILC_DI03(1.0),02/02/24 23:00:00,A,TOTAL,T,MED_E,PPS,BG,2015,6882,
ESTAT:ILC_DI03(1.0),02/02/24 23:00:00,A,TOTAL,T,MED_E,PPS,BG,2016,6742,b
ESTAT:ILC_DI03(1.0),02/02/24 23:00:00,A,TOTAL,T,MED_E,PPS,BG,2017,7533,
ESTAT:ILC_DI03(1.0),02/02/24 23:00:00,A,TOTAL,T,MED_E,PPS,BG,2018,7218,
ESTAT:ILC_DI03(1.0),02/02/24 23:00:00,A,TOTAL,T,MED_E,PPS,BG,2019,8371,
ESTAT:ILC_DI03(1.0),02/02/24 23:00:00,A,TOTAL,T,MED_E,PPS,BG,2020,8647,
ESTAT:ILC_DI03(1.0),02/02/24 23:00:00,A,TOTAL,T,MED_E,PPS,BG,2021,9375,
ESTAT:ILC_DI03(1.0),02/02/24 23:00:00,A,TOTAL,T,MED_E,PPS,BG,2022,9671,
ESTAT:ILC_DI03(1.0),02/02/24 23:00:00,A,TOTAL,T,MED_E,PPS,CH,2007,20562,
ESTAT:ILC_DI03(1.0),02/02/24 23:00:00,A,TOTAL,T,MED_E,PPS,CH,2008,21583,
ESTAT:ILC_DI03(1.0),02/02/24 23:00:00,A,TOTAL,T,MED_E,PPS,CH,2009,22532,
ESTAT:ILC_DI03(1.0),02/02/24 23:00:00,A,TOTAL,T,MED_E,PPS,CH,2010,22279,
ESTAT:ILC_DI03(1.0),02/02/24 23:00:00,A,TOTAL,T,MED_E,PPS,CH,2011,22926,
ESTAT:ILC_DI03(1.0),02/02/24 23:00:00,A,TOTAL,T,MED_E,PPS,CH,2012,24143,
ESTAT:ILC_DI03(1.0),02/02/24 23:00:00,A,TOTAL,T,MED_E,PPS,CH,2013,25731,
ESTAT:ILC_DI03(1.0),02/02/24 23:00:00,A,TOTAL,T,MED_E,PPS,CH,2014,25745,b
ESTAT:ILC_DI03(1.0),02/02/24 23:00:00,A,TOTAL,T,MED_E,PPS,CH,2015,26590,
ESTAT:ILC_DI03(1.0),02/02/24 23:00:00,A,TOTAL,T,MED_E,PPS,CH,2016,27692,
ESTAT:ILC_DI03(1.0),02/02/24 23:00:00,A,TOTAL,T,MED_E,PPS,CH,2017,27101,
ESTAT:ILC_DI03(1.0),02/02/24 23:00:00,A,TOTAL,T,MED_E,PPS,CH,2018,27066,
ESTAT:ILC_DI03(1.0),02/02/24 23:00:00,A,TOTAL,T,MED_E,PPS,CH,2019,27268,
ESTAT:ILC_DI03(1.0),02/02/24 23:00:00,A,TOTAL,T,MED_E,PPS,CH,2020,26163,
ESTAT:ILC_DI03(1.0),02/02/24 23:00:00,A,TOTAL,T,MED_E,PPS,CH,2021,26389,
ESTAT:ILC_DI03(1.0),02/02/24 23:00:00,A,TOTAL,T,MED_E,PPS,CH,2022,27185,
ESTAT:ILC_DI03(1.0),02/02/24 23:00:00,A,TOTAL,T,MED_E,PPS,CY,2005,14776,
ESTAT:ILC_DI03(1.0),02/02/24 23:00:00,A,TOTAL,T,MED_E,PPS,CY,2006,16362,
ESTAT:ILC_DI03(1.0),02/02/24 23:00:00,A,TOTAL,T,MED_E,PPS,CY,2007,18252,
ESTAT:ILC_DI03(1.0),02/02/24 23:00:00,A,TOTAL,T,MED_E,PPS,CY,2008,18241,b
ESTAT:ILC_DI03(1.0),02/02/24 23:00:00,A,TOTAL,T,MED_E,PPS,CY,2009,18761,
ESTAT:ILC_DI03(1.0),02/02/24 23:00:00,A,TOTAL,T,MED_E,PPS,CY,2010,18026,
ESTAT:ILC_DI03(1.0),02/02/24 23:00:00,A,TOTAL,T,MED_E,PPS,CY,2011,19162,
ESTAT:ILC_DI03(1.0),02/02/24 23:00:00,A,TOTAL,T,MED_E,PPS,CY,2012,19074,
ESTAT:ILC_DI03(1.0),02/02/24 23:00:00,A,TOTAL,T,MED_E,PPS,CY,2013,17165,
ESTAT:ILC_DI03(1.0),02/02/24 23:00:00,A,TOTAL,T,MED_E,PPS,CY,2014,15762,
ESTAT:ILC_DI03(1.0),02/02/24 23:00:00,A,TOTAL,T,MED_E,PPS,CY,2015,15313,
ESTAT:ILC_DI03(1.0),02/02/24 23:00:00,A,TOTAL,T,MED_E,PPS,CY,2016,16173,
ESTAT:ILC_DI03(1.0),02/02/24 23:00:00,A,TOTAL,T,MED_E,PPS,CY,2017,16877,
ESTAT:ILC_DI03(1.0),02/02/24 23:00:00,A,TOTAL,T,MED_E,PPS,CY,2018,17505,
ESTAT:ILC_DI03(1.0),02/02/24 23:00:00,A,TOTAL,T,MED_E,PPS,CY,2019,18590,
ESTAT:ILC_DI03(1.0),02/02/24 23:00:00,A,TOTAL,T,MED_E,PPS,CY,2020,18305,
ESTAT:ILC_DI03(1.0),02/02/24 23:00:00,A,TOTAL,T,MED_E,PPS,CY,2021,18334,
ESTAT:ILC_DI03(1.0),02/02/24 23:00:00,A,TOTAL,T,MED_E,PPS,CY,2022,19719,
ESTAT:ILC_DI03(1.0),02/02/24 23:00:00,A,TOTAL,T,MED_E,PPS,CZ,2005,7641,
ESTAT:ILC_DI03(1.0),02/02/24 23:00:00,A,TOTAL,T,MED_E,PPS,CZ,2006,8261,
ESTAT:ILC_DI03(1.0),02/02/24 23:00:00,A,TOTAL,T,MED_E,PPS,CZ,2007,8841,
ESTAT:ILC_DI03(1.0),02/02/24 23:00:00,A,TOTAL,T,MED_E,PPS,CZ,2008,9725,
ESTAT:ILC_DI03(1.0),02/02/24 23:00:00,A,TOTAL,T,MED_E,PPS,CZ,2009,10104,
ESTAT:ILC_DI03(1.0),02/02/24 23:00:00,A,TOTAL,T,MED_E,PPS,CZ,2010,9660,
ESTAT:ILC_DI03(1.0),02/02/24 23:00:00,A,TOTAL,T,MED_E,PPS,CZ,2011,9989,
ESTAT:ILC_DI03(1.0),02/02/24 23:00:00,A,TOTAL,T,MED_E,PPS,CZ,2012,10313,
ESTAT:ILC_DI03(1.0),02/02/24 23:00:00,A,TOTAL,T,MED_E,PPS,CZ,2013,10802,
ESTAT:ILC_DI03(1.0),02/02/24 23:00:00,A,TOTAL,T,MED_E,PPS,CZ,2014,11091,
ESTAT:ILC_DI03(1.0),02/02/24 23:00:00,A,TOTAL,T,MED_E,PPS,CZ,2015,11652,
ESTAT:ILC_DI03(1.0),02/02/24 23:00:00,A,TOTAL,T,MED_E,PPS,CZ,2016,12478,
ESTAT:ILC_DI03(1.0),02/02/24 23:00:00,A,TOTAL,T,MED_E,PPS,CZ,2017,12641,
ESTAT:ILC_DI03(1.0),02/02/24 23:00:00,A,TOTAL,T,MED_E,PPS,CZ,2018,13264,
ESTAT:ILC_DI03(1.0),02/02/24 23:00:00,A,TOTAL,T,MED_E,PPS,CZ,2019,14035,
ESTAT:ILC_DI03(1.0),02/02/24 23:00:00,A,TOTAL,T,MED_E,PPS,CZ,2020,14151,
ESTAT:ILC_DI03(1.0),02/02/24 23:00:00,A,TOTAL,T,MED_E,PPS,CZ,2021,13815,
ESTAT:ILC_DI03(1.0),02/02/24 23:00:00,A,TOTAL,T,MED_E,PPS,CZ,2022,15354,
ESTAT:ILC_DI03(1.0),02/02/24 23:00:00,A,TOTAL,T,MED_E,PPS,DE,1995,11952,
ESTAT:ILC_DI03(1.0),02/02/24 23:00:00,A,TOTAL,T,MED_E,PPS,DE,1996,12670,
ESTAT:ILC_DI03(1.0),02/02/24 23:00:00,A,TOTAL,T,MED_E,PPS,DE,1997,13222,
ESTAT:ILC_DI03(1.0),02/02/24 23:00:00,A,TOTAL,T,MED_E,PPS,DE,1998,13515,
ESTAT:ILC_DI03(1.0),02/02/24 23:00:00,A,TOTAL,T,MED_E,PPS,DE,1999,13739,
ESTAT:ILC_DI03(1.0),02/02/24 23:00:00,A,TOTAL,T,MED_E,PPS,DE,2000,14722,
ESTAT:ILC_DI03(1.0),02/02/24 23:00:00,A,TOTAL,T,MED_E,PPS,DE,2001,15820,
ESTAT:ILC_DI03(1.0),02/02/24 23:00:00,A,TOTAL,T,MED_E,PPS,DE,2005,15651,b
ESTAT:ILC_DI03(1.0),02/02/24 23:00:00,A,TOTAL,T,MED_E,PPS,DE,2006,15167,
ESTAT:ILC_DI03(1.0),02/02/24 23:00:00,A,TOTAL,T,MED_E,PPS,DE,2007,17325,
ESTAT:ILC_DI03(1.0),02/02/24 23:00:00,A,TOTAL,T,MED_E,PPS,DE,2008,18007,
ESTAT:ILC_DI03(1.0),02/02/24 23:00:00,A,TOTAL,T,MED_E,PPS,DE,2009,17954,
ESTAT:ILC_DI03(1.0),02/02/24 23:00:00,A,TOTAL,T,MED_E,PPS,DE,2010,17573,
ESTAT:ILC_DI03(1.0),02/02/24 23:00:00,A,TOTAL,T,MED_E,PPS,DE,2011,18395,
ESTAT:ILC_DI03(1.0),02/02/24 23:00:00,A,TOTAL,T,MED_E,PPS,DE,2012,19208,
ESTAT:ILC_DI03(1.0),02/02/24 23:00:00,A,TOTAL,T,MED_E,PPS,DE,2013,19478,
ESTAT:ILC_DI03(1.0),02/02/24 23:00:00,A,TOTAL,T,MED_E,PPS,DE,2014,19216,
ESTAT:ILC_DI03(1.0),02/02/24 23:00:00,A,TOTAL,T,MED_E,PPS,DE,2015,20365,
ESTAT:ILC_DI03(1.0),02/02/24 23:00:00,A,TOTAL,T,MED_E,PPS,DE,2016,21152,
ESTAT:ILC_DI03(1.0),02/02/24 23:00:00,A,TOTAL,T,MED_E,PPS,DE,2017,21331,
ESTAT:ILC_DI03(1.0),02/02/24 23:00:00,A,TOTAL,T,MED_E,PPS,DE,2018,21980,
ESTAT:ILC_DI03(1.0),02/02/24 23:00:00,A,TOTAL,T,MED_E,PPS,DE,2019,22693,
ESTAT:ILC_DI03(1.0),02/02/24 23:00:00,A,TOTAL,T,MED_E,PPS,DE,2020,24229,b
ESTAT:ILC_DI03(1.0),02/02/24 23:00:00,A,TOTAL,T,MED_E,PPS,DE,2021,23336,
ESTAT:ILC_DI03(1.0),02/02/24 23:00:00,A,TOTAL,T,MED_E,PPS,DE,2022,23197,
ESTAT:ILC_DI03(1.0),02/02/24 23:00:00,A,TOTAL,T,MED_E,PPS,DK,2003,15635,
ESTAT:ILC_DI03(1.0),02/02/24 23:00:00,A,TOTAL,T,MED_E,PPS,DK,2004,15041,
ESTAT:ILC_DI03(1.0),02/02/24 23:00:00,A,TOTAL,T,MED_E,PPS,DK,2005,15854,
ESTAT:ILC_DI03(1.0),02/02/24 23:00:00,A,TOTAL,T,MED_E,PPS,DK,2006,16147,
ESTAT:ILC_DI03(1.0),02/02/24 23:00:00,A,TOTAL,T,MED_E,PPS,DK,2007,16868,
ESTAT:ILC_DI03(1.0),02/02/24 23:00:00,A,TOTAL,T,MED_E,PPS,DK,2008,17601,
ESTAT:ILC_DI03(1.0),02/02/24 23:00:00,A,TOTAL,T,MED_E,PPS,DK,2009,17917,
ESTAT:ILC_DI03(1.0),02/02/24 23:00:00,A,TOTAL,T,MED_E,PPS,DK,2010,17949,
ESTAT:ILC_DI03(1.0),02/02/24 23:00:00,A,TOTAL,T,MED_E,PPS,DK,2011,19184,b
ESTAT:ILC_DI03(1.0),02/02/24 23:00:00,A,TOTAL,T,MED_E,PPS,DK,2012,19228,
ESTAT:ILC_DI03(1.0),02/02/24 23:00:00,A,TOTAL,T,MED_E,PPS,DK,2013,19743,
ESTAT:ILC_DI03(1.0),02/02/24 23:00:00,A,TOTAL,T,MED_E,PPS,DK,2014,19987,
ESTAT:ILC_DI03(1.0),02/02/24 23:00:00,A,TOTAL,T,MED_E,PPS,DK,2015,20384,
ESTAT:ILC_DI03(1.0),02/02/24 23:00:00,A,TOTAL,T,MED_E,PPS,DK,2016,21355,
ESTAT:ILC_DI03(1.0),02/02/24 23:00:00,A,TOTAL,T,MED_E,PPS,DK,2017,20955,
ESTAT:ILC_DI03(1.0),02/02/24 23:00:00,A,TOTAL,T,MED_E,PPS,DK,2018,21646,
ESTAT:ILC_DI03(1.0),02/02/24 23:00:00,A,TOTAL,T,MED_E,PPS,DK,2019,22371,
ESTAT:ILC_DI03(1.0),02/02/24 23:00:00,A,TOTAL,T,MED_E,PPS,DK,2020,21796,b
ESTAT:ILC_DI03(1.0),02/02/24 23:00:00,A,TOTAL,T,MED_E,PPS,DK,2021,22899,
ESTAT:ILC_DI03(1.0),02/02/24 23:00:00,A,TOTAL,T,MED_E,PPS,DK,2022,23244,
ESTAT:ILC_DI03(1.0),02/02/24 23:00:00,A,TOTAL,T,MED_E,PPS,EE,2004,4131,
ESTAT:ILC_DI03(1.0),02/02/24 23:00:00,A,TOTAL,T,MED_E,PPS,EE,2005,4726,
ESTAT:ILC_DI03(1.0),02/02/24 23:00:00,A,TOTAL,T,MED_E,PPS,EE,2006,5627,
ESTAT:ILC_DI03(1.0),02/02/24 23:00:00,A,TOTAL,T,MED_E,PPS,EE,2007,6492,
ESTAT:ILC_DI03(1.0),02/02/24 23:00:00,A,TOTAL,T,MED_E,PPS,EE,2008,7564,
ESTAT:ILC_DI03(1.0),02/02/24 23:00:00,A,TOTAL,T,MED_E,PPS,EE,2009,8101,
ESTAT:ILC_DI03(1.0),02/02/24 23:00:00,A,TOTAL,T,MED_E,PPS,EE,2010,7413,
ESTAT:ILC_DI03(1.0),02/02/24 23:00:00,A,TOTAL,T,MED_E,PPS,EE,2011,7485,
ESTAT:ILC_DI03(1.0),02/02/24 23:00:00,A,TOTAL,T,MED_E,PPS,EE,2012,7891,
ESTAT:ILC_DI03(1.0),02/02/24 23:00:00,A,TOTAL,T,MED_E,PPS,EE,2013,8607,
ESTAT:ILC_DI03(1.0),02/02/24 23:00:00,A,TOTAL,T,MED_E,PPS,EE,2014,9241,b
ESTAT:ILC_DI03(1.0),02/02/24 23:00:00,A,TOTAL,T,MED_E,PPS,EE,2015,10432,
ESTAT:ILC_DI03(1.0),02/02/24 23:00:00,A,TOTAL,T,MED_E,PPS,EE,2016,11867,
ESTAT:ILC_DI03(1.0),02/02/24 23:00:00,A,TOTAL,T,MED_E,PPS,EE,2017,12414,
ESTAT:ILC_DI03(1.0),02/02/24 23:00:00,A,TOTAL,T,MED_E,PPS,EE,2018,13378,
ESTAT:ILC_DI03(1.0),02/02/24 23:00:00,A,TOTAL,T,MED_E,PPS,EE,2019,14240,
ESTAT:ILC_DI03(1.0),02/02/24 23:00:00,A,TOTAL,T,MED_E,PPS,EE,2020,14331,
ESTAT:ILC_DI03(1.0),02/02/24 23:00:00,A,TOTAL,T,MED_E,PPS,EE,2021,14810,
ESTAT:ILC_DI03(1.0),02/02/24 23:00:00,A,TOTAL,T,MED_E,PPS,EE,2022,17064,
ESTAT:ILC_DI03(1.0),02/02/24 23:00:00,A,TOTAL,T,MED_E,PPS,EL,1995,6702,
ESTAT:ILC_DI03(1.0),02/02/24 23:00:00,A,TOTAL,T,MED_E,PPS,EL,1996,7004,
ESTAT:ILC_DI03(1.0),02/02/24 23:00:00,A,TOTAL,T,MED_E,PPS,EL,1997,7314,
ESTAT:ILC_DI03(1.0),02/02/24 23:00:00,A,TOTAL,T,MED_E,PPS,EL,1998,7747,
ESTAT:ILC_DI03(1.0),02/02/24 23:00:00,A,TOTAL,T,MED_E,PPS,EL,1999,7922,
ESTAT:ILC_DI03(1.0),02/02/24 23:00:00,A,TOTAL,T,MED_E,PPS,EL,2000,8820,
ESTAT:ILC_DI03(1.0),02/02/24 23:00:00,A,TOTAL,T,MED_E,PPS,EL,2001,9087,
ESTAT:ILC_DI03(1.0),02/02/24 23:00:00,A,TOTAL,T,MED_E,PPS,EL,2003,10233,b
ESTAT:ILC_DI03(1.0),02/02/24 23:00:00,A,TOTAL,T,MED_E,PPS,EL,2004,10298,
ESTAT:ILC_DI03(1.0),02/02/24 23:00:00,A,TOTAL,T,MED_E,PPS,EL,2005,10751,
ESTAT:ILC_DI03(1.0),02/02/24 23:00:00,A,TOTAL,T,MED_E,PPS,EL,2006,11162,
ESTAT:ILC_DI03(1.0),02/02/24 23:00:00,A,TOTAL,T,MED_E,PPS,EL,2007,11455,
ESTAT:ILC_DI03(1.0),02/02/24 23:00:00,A,TOTAL,T,MED_E,PPS,EL,2008,12032,
ESTAT:ILC_DI03(1.0),02/02/24 23:00:00,A,TOTAL,T,MED_E,PPS,EL,2009,12626,
ESTAT:ILC_DI03(1.0),02/02/24 23:00:00,A,TOTAL,T,MED_E,PPS,EL,2010,12599,
ESTAT:ILC_DI03(1.0),02/02/24 23:00:00,A,TOTAL,T,MED_E,PPS,EL,2011,11627,
ESTAT:ILC_DI03(1.0),02/02/24 23:00:00,A,TOTAL,T,MED_E,PPS,EL,2012,10063,
ESTAT:ILC_DI03(1.0),02/02/24 23:00:00,A,TOTAL,T,MED_E,PPS,EL,2013,9046,
ESTAT:ILC_DI03(1.0),02/02/24 23:00:00,A,TOTAL,T,MED_E,PPS,EL,2014,8674,
ESTAT:ILC_DI03(1.0),02/02/24 23:00:00,A,TOTAL,T,MED_E,PPS,EL,2015,8802,
ESTAT:ILC_DI03(1.0),02/02/24 23:00:00,A,TOTAL,T,MED_E,PPS,EL,2016,9048,
ESTAT:ILC_DI03(1.0),02/02/24 23:00:00,A,TOTAL,T,MED_E,PPS,EL,2017,9035,
ESTAT:ILC_DI03(1.0),02/02/24 23:00:00,A,TOTAL,T,MED_E,PPS,EL,2018,9245,
ESTAT:ILC_DI03(1.0),02/02/24 23:00:00,A,TOTAL,T,MED_E,PPS,EL,2019,9765,
ESTAT:ILC_DI03(1.0),02/02/24 23:00:00,A,TOTAL,T,MED_E,PPS,EL,2020,10175,
ESTAT:ILC_DI03(1.0),02/02/24 23:00:00,A,TOTAL,T,MED_E,PPS,EL,2021,9917,
ESTAT:ILC_DI03(1.0),02/02/24 23:00:00,A,TOTAL,T,MED_E,PPS,EL,2022,10841,
ESTAT:ILC_DI03(1.0),02/02/24 23:00:00,A,TOTAL,T,MED_E,PPS,ES,1995,7370,
ESTAT:ILC_DI03(1.0),02/02/24 23:00:00,A,TOTAL,T,MED_E,PPS,ES,1996,7548,
ESTAT:ILC_DI03(1.0),02/02/24 23:00:00,A,TOTAL,T,MED_E,PPS,ES,1997,7988,
ESTAT:ILC_DI03(1.0),02/02/24 23:00:00,A,TOTAL,T,MED_E,PPS,ES,1998,8338,
ESTAT:ILC_DI03(1.0),02/02/24 23:00:00,A,TOTAL,T,MED_E,PPS,ES,1999,8913,
ESTAT:ILC_DI03(1.0),02/02/24 23:00:00,A,TOTAL,T,MED_E,PPS,ES,2000,9946,
ESTAT:ILC_DI03(1.0),02/02/24 23:00:00,A,TOTAL,T,MED_E,PPS,ES,2001,10887,
ESTAT:ILC_DI03(1.0),02/02/24 23:00:00,A,TOTAL,T,MED_E,PPS,ES,2004,11687,b
ESTAT:ILC_DI03(1.0),02/02/24 23:00:00,A,TOTAL,T,MED_E,PPS,ES,2005,11493,
ESTAT:ILC_DI03(1.0),02/02/24 23:00:00,A,TOTAL,T,MED_E,PPS,ES,2006,12226,
ESTAT:ILC_DI03(1.0),02/02/24 23:00:00,A,TOTAL,T,MED_E,PPS,ES,2007,12690,
ESTAT:ILC_DI03(1.0),02/02/24 23:00:00,A,TOTAL,T,MED_E,PPS,ES,2008,15043,b
ESTAT:ILC_DI03(1.0),02/02/24 23:00:00,A,TOTAL,T,MED_E,PPS,ES,2009,15564,
ESTAT:ILC_DI03(1.0),02/02/24 23:00:00,A,TOTAL,T,MED_E,PPS,ES,2010,14945,
ESTAT:ILC_DI03(1.0),02/02/24 23:00:00,A,TOTAL,T,MED_E,PPS,ES,2011,14424,
ESTAT:ILC_DI03(1.0),02/02/24 23:00:00,A,TOTAL,T,MED_E,PPS,ES,2012,14304,
ESTAT:ILC_DI03(1.0),02/02/24 23:00:00,A,TOTAL,T,MED_E,PPS,ES,2013,14250,
ESTAT:ILC_DI03(1.0),02/02/24 23:00:00,A,TOTAL,T,MED_E,PPS,ES,2014,14195,
ESTAT:ILC_DI03(1.0),02/02/24 23:00:00,A,TOTAL,T,MED_E,PPS,ES,2015,14463,
ESTAT:ILC_DI03(1.0),02/02/24 23:00:00,A,TOTAL,T,MED_E,PPS,ES,2016,15347,
ESTAT:ILC_DI03(1.0),02/02/24 23:00:00,A,TOTAL,T,MED_E,PPS,ES,2017,15526,
ESTAT:ILC_DI03(1.0),02/02/24 23:00:00,A,TOTAL,T,MED_E,PPS,ES,2018,16030,
ESTAT:ILC_DI03(1.0),02/02/24 23:00:00,A,TOTAL,T,MED_E,PPS,ES,2019,16171,
ESTAT:ILC_DI03(1.0),02/02/24 23:00:00,A,TOTAL,T,MED_E,PPS,ES,2020,16661,
ESTAT:ILC_DI03(1.0),02/02/24 23:00:00,A,TOTAL,T,MED_E,PPS,ES,2021,16297,
ESTAT:ILC_DI03(1.0),02/02/24 23:00:00,A,TOTAL,T,MED_E,PPS,ES,2022,17254,
ESTAT:ILC_DI03(1.0),02/02/24 23:00:00,A,TOTAL,T,MED_E,PPS,FI,1996,10414,
ESTAT:ILC_DI03(1.0),02/02/24 23:00:00,A,TOTAL,T,MED_E,PPS,FI,1997,10921,
ESTAT:ILC_DI03(1.0),02/02/24 23:00:00,A,TOTAL,T,MED_E,PPS,FI,1998,11265,
ESTAT:ILC_DI03(1.0),02/02/24 23:00:00,A,TOTAL,T,MED_E,PPS,FI,1999,11458,
ESTAT:ILC_DI03(1.0),02/02/24 23:00:00,A,TOTAL,T,MED_E,PPS,FI,2000,11871,
ESTAT:ILC_DI03(1.0),02/02/24 23:00:00,A,TOTAL,T,MED_E,PPS,FI,2001,12800,
ESTAT:ILC_DI03(1.0),02/02/24 23:00:00,A,TOTAL,T,MED_E,PPS,FI,2004,13175,b
ESTAT:ILC_DI03(1.0),02/02/24 23:00:00,A,TOTAL,T,MED_E,PPS,FI,2005,14123,
ESTAT:ILC_DI03(1.0),02/02/24 23:00:00,A,TOTAL,T,MED_E,PPS,FI,2006,14810,
ESTAT:ILC_DI03(1.0),02/02/24 23:00:00,A,TOTAL,T,MED_E,PPS,FI,2007,15241,
ESTAT:ILC_DI03(1.0),02/02/24 23:00:00,A,TOTAL,T,MED_E,PPS,FI,2008,16556,
ESTAT:ILC_DI03(1.0),02/02/24 23:00:00,A,TOTAL,T,MED_E,PPS,FI,2009,17368,
ESTAT:ILC_DI03(1.0),02/02/24 23:00:00,A,TOTAL,T,MED_E,PPS,FI,2010,17211,
ESTAT:ILC_DI03(1.0),02/02/24 23:00:00,A,TOTAL,T,MED_E,PPS,FI,2011,17933,
ESTAT:ILC_DI03(1.0),02/02/24 23:00:00,A,TOTAL,T,MED_E,PPS,FI,2012,18576,
ESTAT:ILC_DI03(1.0),02/02/24 23:00:00,A,TOTAL,T,MED_E,PPS,FI,2013,19178,
ESTAT:ILC_DI03(1.0),02/02/24 23:00:00,A,TOTAL,T,MED_E,PPS,FI,2014,19250,
ESTAT:ILC_DI03(1.0),02/02/24 23:00:00,A,TOTAL,T,MED_E,PPS,FI,2015,19430,
ESTAT:ILC_DI03(1.0),02/02/24 23:00:00,A,TOTAL,T,MED_E,PPS,FI,2016,19997,
ESTAT:ILC_DI03(1.0),02/02/24 23:00:00,A,TOTAL,T,MED_E,PPS,FI,2017,19827,
ESTAT:ILC_DI03(1.0),02/02/24 23:00:00,A,TOTAL,T,MED_E,PPS,FI,2018,20048,
ESTAT:ILC_DI03(1.0),02/02/24 23:00:00,A,TOTAL,T,MED_E,PPS,FI,2019,20362,
ESTAT:ILC_DI03(1.0),02/02/24 23:00:00,A,TOTAL,T,MED_E,PPS,FI,2020,20290,
ESTAT:ILC_DI03(1.0),02/02/24 23:00:00,A,TOTAL,T,MED_E,PPS,FI,2021,20078,
ESTAT:ILC_DI03(1.0),02/02/24 23:00:00,A,TOTAL,T,MED_E,PPS,FI,2022,20941,
ESTAT:ILC_DI03(1.0),02/02/24 23:00:00,A,TOTAL,T,MED_E,PPS,FR,1995,11523,
ESTAT:ILC_DI03(1.0),02/02/24 23:00:00,A,TOTAL,T,MED_E,PPS,FR,1996,11833,
ESTAT:ILC_DI03(1.0),02/02/24 23:00:00,A,TOTAL,T,MED_E,PPS,FR,1997,11860,
ESTAT:ILC_DI03(1.0),02/02/24 23:00:00,A,TOTAL,T,MED_E,PPS,FR,1998,12849,
ESTAT:ILC_DI03(1.0),02/02/24 23:00:00,A,TOTAL,T,MED_E,PPS,FR,1999,13240,
ESTAT:ILC_DI03(1.0),02/02/24 23:00:00,A,TOTAL,T,MED_E,PPS,FR,2000,13407,
ESTAT:ILC_DI03(1.0),02/02/24 23:00:00,A,TOTAL,T,MED_E,PPS,FR,2001,14611,
ESTAT:ILC_DI03(1.0),02/02/24 23:00:00,A,TOTAL,T,MED_E,PPS,FR,2004,13859,b
ESTAT:ILC_DI03(1.0),02/02/24 23:00:00,A,TOTAL,T,MED_E,PPS,FR,2005,14503,
ESTAT:ILC_DI03(1.0),02/02/24 23:00:00,A,TOTAL,T,MED_E,PPS,FR,2006,14981,
ESTAT:ILC_DI03(1.0),02/02/24 23:00:00,A,TOTAL,T,MED_E,PPS,FR,2007,15149,
ESTAT:ILC_DI03(1.0),02/02/24 23:00:00,A,TOTAL,T,MED_E,PPS,FR,2008,17493,b
ESTAT:ILC_DI03(1.0),02/02/24 23:00:00,A,TOTAL,T,MED_E,PPS,FR,2009,17741,
ESTAT:ILC_DI03(1.0),02/02/24 23:00:00,A,TOTAL,T,MED_E,PPS,FR,2010,17782,
ESTAT:ILC_DI03(1.0),02/02/24 23:00:00,A,TOTAL,T,MED_E,PPS,FR,2011,18161,
ESTAT:ILC_DI03(1.0),02/02/24 23:00:00,A,TOTAL,T,MED_E,PPS,FR,2012,18784,
ESTAT:ILC_DI03(1.0),02/02/24 23:00:00,A,TOTAL,T,MED_E,PPS,FR,2013,19193,
ESTAT:ILC_DI03(1.0),02/02/24 23:00:00,A,TOTAL,T,MED_E,PPS,FR,2014,19307,
ESTAT:ILC_DI03(1.0),02/02/24 23:00:00,A,TOTAL,T,MED_E,PPS,FR,2015,19885,
ESTAT:ILC_DI03(1.0),02/02/24 23:00:00,A,TOTAL,T,MED_E,PPS,FR,2016,20621,
ESTAT:ILC_DI03(1.0),02/02/24 23:00:00,A,TOTAL,T,MED_E,PPS,FR,2017,20357,
ESTAT:ILC_DI03(1.0),02/02/24 23:00:00,A,TOTAL,T,MED_E,PPS,FR,2018,20223,
ESTAT:ILC_DI03(1.0),02/02/24 23:00:00,A,TOTAL,T,MED_E,PPS,FR,2019,20471,
ESTAT:ILC_DI03(1.0),02/02/24 23:00:00,A,TOTAL,T,MED_E,PPS,FR,2020,19518,b
ESTAT:ILC_DI03(1.0),02/02/24 23:00:00,A,TOTAL,T,MED_E,PPS,FR,2021,20100,
ESTAT:ILC_DI03(1.0),02/02/24 23:00:00,A,TOTAL,T,MED_E,PPS,FR,2022,20575,b
ESTAT:ILC_DI03(1.0),02/02/24 23:00:00,A,TOTAL,T,MED_E,PPS,HR,2010,7612,
ESTAT:ILC_DI03(1.0),02/02/24 23:00:00,A,TOTAL,T,MED_E,PPS,HR,2011,7423,
ESTAT:ILC_DI03(1.0),02/02/24 23:00:00,A,TOTAL,T,MED_E,PPS,HR,2012,7362,
ESTAT:ILC_DI03(1.0),02/02/24 23:00:00,A,TOTAL,T,MED_E,PPS,HR,2013,7414,
ESTAT:ILC_DI03(1.0),02/02/24 23:00:00,A,TOTAL,T,MED_E,PPS,HR,2014,7740,
ESTAT:ILC_DI03(1.0),02/02/24 23:00:00,A,TOTAL,T,MED_E,PPS,HR,2015,8253,
ESTAT:ILC_DI03(1.0),02/02/24 23:00:00,A,TOTAL,T,MED_E,PPS,HR,2016,8985,
ESTAT:ILC_DI03(1.0),02/02/24 23:00:00,A,TOTAL,T,MED_E,PPS,HR,2017,9444,
ESTAT:ILC_DI03(1.0),02/02/24 23:00:00,A,TOTAL,T,MED_E,PPS,HR,2018,9870,
ESTAT:ILC_DI03(1.0),02/02/24 23:00:00,A,TOTAL,T,MED_E,PPS,HR,2019,10734,
ESTAT:ILC_DI03(1.0),02/02/24 23:00:00,A,TOTAL,T,MED_E,PPS,HR,2020,11090,
ESTAT:ILC_DI03(1.0),02/02/24 23:00:00,A,TOTAL,T,MED_E,PPS,HR,2021,11385,
ESTAT:ILC_DI03(1.0),02/02/24 23:00:00,A,TOTAL,T,MED_E,PPS,HR,2022,12277,
ESTAT:ILC_DI03(1.0),02/02/24 23:00:00,A,TOTAL,T,MED_E,PPS,HU,2005,5561,
ESTAT:ILC_DI03(1.0),02/02/24 23:00:00,A,TOTAL,T,MED_E,PPS,HU,2006,6077,
ESTAT:ILC_DI03(1.0),02/02/24 23:00:00,A,TOTAL,T,MED_E,PPS,HU,2007,6490,
ESTAT:ILC_DI03(1.0),02/02/24 23:00:00,A,TOTAL,T,MED_E,PPS,HU,2008,6597,
ESTAT:ILC_DI03(1.0),02/02/24 23:00:00,A,TOTAL,T,MED_E,PPS,HU,2009,6836,
ESTAT:ILC_DI03(1.0),02/02/24 23:00:00,A,TOTAL,T,MED_E,PPS,HU,2010,6708,
ESTAT:ILC_DI03(1.0),02/02/24 23:00:00,A,TOTAL,T,MED_E,PPS,HU,2011,7135,
ESTAT:ILC_DI03(1.0),02/02/24 23:00:00,A,TOTAL,T,MED_E,PPS,HU,2012,7604,
ESTAT:ILC_DI03(1.0),02/02/24 23:00:00,A,TOTAL,T,MED_E,PPS,HU,2013,7277,
ESTAT:ILC_DI03(1.0),02/02/24 23:00:00,A,TOTAL,T,MED_E,PPS,HU,2014,7559,
ESTAT:ILC_DI03(1.0),02/02/24 23:00:00,A,TOTAL,T,MED_E,PPS,HU,2015,7919,
ESTAT:ILC_DI03(1.0),02/02/24 23:00:00,A,TOTAL,T,MED_E,PPS,HU,2016,8267,
ESTAT:ILC_DI03(1.0),02/02/24 23:00:00,A,TOTAL,T,MED_E,PPS,HU,2017,8332,
ESTAT:ILC_DI03(1.0),02/02/24 23:00:00,A,TOTAL,T,MED_E,PPS,HU,2018,8603,
ESTAT:ILC_DI03(1.0),02/02/24 23:00:00,A,TOTAL,T,MED_E,PPS,HU,2019,9360,
ESTAT:ILC_DI03(1.0),02/02/24 23:00:00,A,TOTAL,T,MED_E,PPS,HU,2020,9699,
ESTAT:ILC_DI03(1.0),02/02/24 23:00:00,A,TOTAL,T,MED_E,PPS,HU,2021,9982,
ESTAT:ILC_DI03(1.0),02/02/24 23:00:00,A,TOTAL,T,MED_E,PPS,HU,2022,10217,
ESTAT:ILC_DI03(1.0),02/02/24 23:00:00,A,TOTAL,T,MED_E,PPS,IE,1995,8886,
ESTAT:ILC_DI03(1.0),02/02/24 23:00:00,A,TOTAL,T,MED_E,PPS,IE,1996,9561,
ESTAT:ILC_DI03(1.0),02/02/24 23:00:00,A,TOTAL,T,MED_E,PPS,IE,1997,9782,
ESTAT:ILC_DI03(1.0),02/02/24 23:00:00,A,TOTAL,T,MED_E,PPS,IE,1998,11134,
ESTAT:ILC_DI03(1.0),02/02/24 23:00:00,A,TOTAL,T,MED_E,PPS,IE,1999,11203,
ESTAT:ILC_DI03(1.0),02/02/24 23:00:00,A,TOTAL,T,MED_E,PPS,IE,2000,11739,
ESTAT:ILC_DI03(1.0),02/02/24 23:00:00,A,TOTAL,T,MED_E,PPS,IE,2001,13239,
ESTAT:ILC_DI03(1.0),02/02/24 23:00:00,A,TOTAL,T,MED_E,PPS,IE,2003,13576,b
ESTAT:ILC_DI03(1.0),02/02/24 23:00:00,A,TOTAL,T,MED_E,PPS,IE,2004,14328,
ESTAT:ILC_DI03(1.0),02/02/24 23:00:00,A,TOTAL,T,MED_E,PPS,IE,2005,15079,
ESTAT:ILC_DI03(1.0),02/02/24 23:00:00,A,TOTAL,T,MED_E,PPS,IE,2006,15938,
ESTAT:ILC_DI03(1.0),02/02/24 23:00:00,A,TOTAL,T,MED_E,PPS,IE,2007,17722,
ESTAT:ILC_DI03(1.0),02/02/24 23:00:00,A,TOTAL,T,MED_E,PPS,IE,2008,18169,
ESTAT:ILC_DI03(1.0),02/02/24 23:00:00,A,TOTAL,T,MED_E,PPS,IE,2009,17593,
ESTAT:ILC_DI03(1.0),02/02/24 23:00:00,A,TOTAL,T,MED_E,PPS,IE,2010,16837,
ESTAT:ILC_DI03(1.0),02/02/24 23:00:00,A,TOTAL,T,MED_E,PPS,IE,2011,16628,
ESTAT:ILC_DI03(1.0),02/02/24 23:00:00,A,TOTAL,T,MED_E,PPS,IE,2012,16520,
ESTAT:ILC_DI03(1.0),02/02/24 23:00:00,A,TOTAL,T,MED_E,PPS,IE,2013,16732,
ESTAT:ILC_DI03(1.0),02/02/24 23:00:00,A,TOTAL,T,MED_E,PPS,IE,2014,16567,
ESTAT:ILC_DI03(1.0),02/02/24 23:00:00,A,TOTAL,T,MED_E,PPS,IE,2015,17656,
ESTAT:ILC_DI03(1.0),02/02/24 23:00:00,A,TOTAL,T,MED_E,PPS,IE,2016,18397,
ESTAT:ILC_DI03(1.0),02/02/24 23:00:00,A,TOTAL,T,MED_E,PPS,IE,2017,18198,
ESTAT:ILC_DI03(1.0),02/02/24 23:00:00,A,TOTAL,T,MED_E,PPS,IE,2018,19464,
ESTAT:ILC_DI03(1.0),02/02/24 23:00:00,A,TOTAL,T,MED_E,PPS,IE,2019,19775,
ESTAT:ILC_DI03(1.0),02/02/24 23:00:00,A,TOTAL,T,MED_E,PPS,IE,2020,19714,b
ESTAT:ILC_DI03(1.0),02/02/24 23:00:00,A,TOTAL,T,MED_E,PPS,IE,2021,20099,
ESTAT:ILC_DI03(1.0),02/02/24 23:00:00,A,TOTAL,T,MED_E,PPS,IE,2022,20207,
ESTAT:ILC_DI03(1.0),02/02/24 23:00:00,A,TOTAL,T,MED_E,PPS,IS,2004,16152,
ESTAT:ILC_DI03(1.0),02/02/24 23:00:00,A,TOTAL,T,MED_E,PPS,IS,2005,17178,
ESTAT:ILC_DI03(1.0),02/02/24 23:00:00,A,TOTAL,T,MED_E,PPS,IS,2006,18560,
ESTAT:ILC_DI03(1.0),02/02/24 23:00:00,A,TOTAL,T,MED_E,PPS,IS,2007,19894,
ESTAT:ILC_DI03(1.0),02/02/24 23:00:00,A,TOTAL,T,MED_E,PPS,IS,2008,21630,
ESTAT:ILC_DI03(1.0),02/02/24 23:00:00,A,TOTAL,T,MED_E,PPS,IS,2009,21569,
ESTAT:ILC_DI03(1.0),02/02/24 23:00:00,A,TOTAL,T,MED_E,PPS,IS,2010,18272,
ESTAT:ILC_DI03(1.0),02/02/24 23:00:00,A,TOTAL,T,MED_E,PPS,IS,2011,18043,
ESTAT:ILC_DI03(1.0),02/02/24 23:00:00,A,TOTAL,T,MED_E,PPS,IS,2012,18043,
ESTAT:ILC_DI03(1.0),02/02/24 23:00:00,A,TOTAL,T,MED_E,PPS,IS,2013,19460,
ESTAT:ILC_DI03(1.0),02/02/24 23:00:00,A,TOTAL,T,MED_E,PPS,IS,2014,20133,
ESTAT:ILC_DI03(1.0),02/02/24 23:00:00,A,TOTAL,T,MED_E,PPS,IS,2015,20804,
ESTAT:ILC_DI03(1.0),02/02/24 23:00:00,A,TOTAL,T,MED_E,PPS,IS,2016,22193,
ESTAT:ILC_DI03(1.0),02/02/24 23:00:00,A,TOTAL,T,MED_E,PPS,IS,2017,22230,
ESTAT:ILC_DI03(1.0),02/02/24 23:00:00,A,TOTAL,T,MED_E,PPS,IS,2018,23667,
ESTAT:ILC_DI03(1.0),02/02/24 23:00:00,A,TOTAL,T,MED_E,PPS,IT,1995,8994,
ESTAT:ILC_DI03(1.0),02/02/24 23:00:00,A,TOTAL,T,MED_E,PPS,IT,1996,9237,
ESTAT:ILC_DI03(1.0),02/02/24 23:00:00,A,TOTAL,T,MED_E,PPS,IT,1997,9576,
ESTAT:ILC_DI03(1.0),02/02/24 23:00:00,A,TOTAL,T,MED_E,PPS,IT,1998,9927,
ESTAT:ILC_DI03(1.0),02/02/24 23:00:00,A,TOTAL,T,MED_E,PPS,IT,1999,10598,
ESTAT:ILC_DI03(1.0),02/02/24 23:00:00,A,TOTAL,T,MED_E,PPS,IT,2000,11523,
ESTAT:ILC_DI03(1.0),02/02/24 23:00:00,A,TOTAL,T,MED_E,PPS,IT,2001,11740,
ESTAT:ILC_DI03(1.0),02/02/24 23:00:00,A,TOTAL,T,MED_E,PPS,IT,2004,13155,b
ESTAT:ILC_DI03(1.0),02/02/24 23:00:00,A,TOTAL,T,MED_E,PPS,IT,2005,13636,
ESTAT:ILC_DI03(1.0),02/02/24 23:00:00,A,TOTAL,T,MED_E,PPS,IT,2006,13906,
ESTAT:ILC_DI03(1.0),02/02/24 23:00:00,A,TOTAL,T,MED_E,PPS,IT,2007,14497,
ESTAT:ILC_DI03(1.0),02/02/24 23:00:00,A,TOTAL,T,MED_E,PPS,IT,2008,15263,
ESTAT:ILC_DI03(1.0),02/02/24 23:00:00,A,TOTAL,T,MED_E,PPS,IT,2009,15233,
ESTAT:ILC_DI03(1.0),02/02/24 23:00:00,A,TOTAL,T,MED_E,PPS,IT,2010,15225,
ESTAT:ILC_DI03(1.0),02/02/24 23:00:00,A,TOTAL,T,MED_E,PPS,IT,2011,15776,
ESTAT:ILC_DI03(1.0),02/02/24 23:00:00,A,TOTAL,T,MED_E,PPS,IT,2012,15495,
ESTAT:ILC_DI03(1.0),02/02/24 23:00:00,A,TOTAL,T,MED_E,PPS,IT,2013,15315,
ESTAT:ILC_DI03(1.0),02/02/24 23:00:00,A,TOTAL,T,MED_E,PPS,IT,2014,15254,
ESTAT:ILC_DI03(1.0),02/02/24 23:00:00,A,TOTAL,T,MED_E,PPS,IT,2015,15395,
ESTAT:ILC_DI03(1.0),02/02/24 23:00:00,A,TOTAL,T,MED_E,PPS,IT,2016,16237,
ESTAT:ILC_DI03(1.0),02/02/24 23:00:00,A,TOTAL,T,MED_E,PPS,IT,2017,16522,
ESTAT:ILC_DI03(1.0),02/02/24 23:00:00,A,TOTAL,T,MED_E,PPS,IT,2018,16715,
ESTAT:ILC_DI03(1.0),02/02/24 23:00:00,A,TOTAL,T,MED_E,PPS,IT,2019,17099,
ESTAT:ILC_DI03(1.0),02/02/24 23:00:00,A,TOTAL,T,MED_E,PPS,IT,2020,17764,
ESTAT:ILC_DI03(1.0),02/02/24 23:00:00,A,TOTAL,T,MED_E,PPS,IT,2021,17304,
ESTAT:ILC_DI03(1.0),02/02/24 23:00:00,A,TOTAL,T,MED_E,PPS,IT,2022,18472,
ESTAT:ILC_DI03(1.0),02/02/24 23:00:00,A,TOTAL,T,MED_E,PPS,LT,2005,3847,
ESTAT:ILC_DI03(1.0),02/02/24 23:00:00,A,TOTAL,T,MED_E,PPS,LT,2006,4620,
ESTAT:ILC_DI03(1.0),02/02/24 23:00:00,A,TOTAL,T,MED_E,PPS,LT,2007,5714,
ESTAT:ILC_DI03(1.0),02/02/24 23:00:00,A,TOTAL,T,MED_E,PPS,LT,2008,6852,
ESTAT:ILC_DI03(1.0),02/02/24 23:00:00,A,TOTAL,T,MED_E,PPS,LT,2009,7149,
ESTAT:ILC_DI03(1.0),02/02/24 23:00:00,A,TOTAL,T,MED_E,PPS,LT,2010,6018,
ESTAT:ILC_DI03(1.0),02/02/24 23:00:00,A,TOTAL,T,MED_E,PPS,LT,2011,6068,
ESTAT:ILC_DI03(1.0),02/02/24 23:00:00,A,TOTAL,T,MED_E,PPS,LT,2012,6724,
ESTAT:ILC_DI03(1.0),02/02/24 23:00:00,A,TOTAL,T,MED_E,PPS,LT,2013,7282,
ESTAT:ILC_DI03(1.0),02/02/24 23:00:00,A,TOTAL,T,MED_E,PPS,LT,2014,7595,
ESTAT:ILC_DI03(1.0),02/02/24 23:00:00,A,TOTAL,T,MED_E,PPS,LT,2015,8251,
ESTAT:ILC_DI03(1.0),02/02/24 23:00:00,A,TOTAL,T,MED_E,PPS,LT,2016,9364,
ESTAT:ILC_DI03(1.0),02/02/24 23:00:00,A,TOTAL,T,MED_E,PPS,LT,2017,9819,
ESTAT:ILC_DI03(1.0),02/02/24 23:00:00,A,TOTAL,T,MED_E,PPS,LT,2018,10702,
ESTAT:ILC_DI03(1.0),02/02/24 23:00:00,A,TOTAL,T,MED_E,PPS,LT,2019,11509,
ESTAT:ILC_DI03(1.0),02/02/24 23:00:00,A,TOTAL,T,MED_E,PPS,LT,2020,12546,
ESTAT:ILC_DI03(1.0),02/02/24 23:00:00,A,TOTAL,T,MED_E,PPS,LT,2021,13742,
ESTAT:ILC_DI03(1.0),02/02/24 23:00:00,A,TOTAL,T,MED_E,PPS,LT,2022,14202,
ESTAT:ILC_DI03(1.0),02/02/24 23:00:00,A,TOTAL,T,MED_E,PPS,LU,1995,18616,
ESTAT:ILC_DI03(1.0),02/02/24 23:00:00,A,TOTAL,T,MED_E,PPS,LU,1996,19058,
ESTAT:ILC_DI03(1.0),02/02/24 23:00:00,A,TOTAL,T,MED_E,PPS,LU,1997,20397,
ESTAT:ILC_DI03(1.0),02/02/24 23:00:00,A,TOTAL,T,MED_E,PPS,LU,1998,20728,
ESTAT:ILC_DI03(1.0),02/02/24 23:00:00,A,TOTAL,T,MED_E,PPS,LU,1999,20961,
ESTAT:ILC_DI03(1.0),02/02/24 23:00:00,A,TOTAL,T,MED_E,PPS,LU,2000,22665,
ESTAT:ILC_DI03(1.0),02/02/24 23:00:00,A,TOTAL,T,MED_E,PPS,LU,2001,23969,
ESTAT:ILC_DI03(1.0),02/02/24 23:00:00,A,TOTAL,T,MED_E,PPS,LU,2003,25252,b
ESTAT:ILC_DI03(1.0),02/02/24 23:00:00,A,TOTAL,T,MED_E,PPS,LU,2004,26095,
ESTAT:ILC_DI03(1.0),02/02/24 23:00:00,A,TOTAL,T,MED_E,PPS,LU,2005,27564,
ESTAT:ILC_DI03(1.0),02/02/24 23:00:00,A,TOTAL,T,MED_E,PPS,LU,2006,26418,
ESTAT:ILC_DI03(1.0),02/02/24 23:00:00,A,TOTAL,T,MED_E,PPS,LU,2007,26847,
ESTAT:ILC_DI03(1.0),02/02/24 23:00:00,A,TOTAL,T,MED_E,PPS,LU,2008,26943,
ESTAT:ILC_DI03(1.0),02/02/24 23:00:00,A,TOTAL,T,MED_E,PPS,LU,2009,27036,
ESTAT:ILC_DI03(1.0),02/02/24 23:00:00,A,TOTAL,T,MED_E,PPS,LU,2010,26602,
ESTAT:ILC_DI03(1.0),02/02/24 23:00:00,A,TOTAL,T,MED_E,PPS,LU,2011,26601,
ESTAT:ILC_DI03(1.0),02/02/24 23:00:00,A,TOTAL,T,MED_E,PPS,LU,2012,26579,
ESTAT:ILC_DI03(1.0),02/02/24 23:00:00,A,TOTAL,T,MED_E,PPS,LU,2013,28030,
ESTAT:ILC_DI03(1.0),02/02/24 23:00:00,A,TOTAL,T,MED_E,PPS,LU,2014,28271,
ESTAT:ILC_DI03(1.0),02/02/24 23:00:00,A,TOTAL,T,MED_E,PPS,LU,2015,29285,
ESTAT:ILC_DI03(1.0),02/02/24 23:00:00,A,TOTAL,T,MED_E,PPS,LU,2016,27834,b
ESTAT:ILC_DI03(1.0),02/02/24 23:00:00,A,TOTAL,T,MED_E,PPS,LU,2017,29596,
ESTAT:ILC_DI03(1.0),02/02/24 23:00:00,A,TOTAL,T,MED_E,PPS,LU,2018,27529,
ESTAT:ILC_DI03(1.0),02/02/24 23:00:00,A,TOTAL,T,MED_E,PPS,LU,2019,28943,
ESTAT:ILC_DI03(1.0),02/02/24 23:00:00,A,TOTAL,T,MED_E,PPS,LU,2020,28675,b
ESTAT:ILC_DI03(1.0),02/02/24 23:00:00,A,TOTAL,T,MED_E,PPS,LU,2021,32132,b
ESTAT:ILC_DI03(1.0),02/02/24 23:00:00,A,TOTAL,T,MED_E,PPS,LU,2022,33214,b
ESTAT:ILC_DI03(1.0),02/02/24 23:00:00,A,TOTAL,T,MED_E,PPS,LV,2005,3911,
ESTAT:ILC_DI03(1.0),02/02/24 23:00:00,A,TOTAL,T,MED_E,PPS,LV,2006,4475,
ESTAT:ILC_DI03(1.0),02/02/24 23:00:00,A,TOTAL,T,MED_E,PPS,LV,2007,5587,
ESTAT:ILC_DI03(1.0),02/02/24 23:00:00,A,TOTAL,T,MED_E,PPS,LV,2008,7138,
ESTAT:ILC_DI03(1.0),02/02/24 23:00:00,A,TOTAL,T,MED_E,PPS,LV,2009,7132,
ESTAT:ILC_DI03(1.0),02/02/24 23:00:00,A,TOTAL,T,MED_E,PPS,LV,2010,5876,
ESTAT:ILC_DI03(1.0),02/02/24 23:00:00,A,TOTAL,T,MED_E,PPS,LV,2011,5944,
ESTAT:ILC_DI03(1.0),02/02/24 23:00:00,A,TOTAL,T,MED_E,PPS,LV,2012,6101,
ESTAT:ILC_DI03(1.0),02/02/24 23:00:00,A,TOTAL,T,MED_E,PPS,LV,2013,6446,
ESTAT:ILC_DI03(1.0),02/02/24 23:00:00,A,TOTAL,T,MED_E,PPS,LV,2014,7320,
ESTAT:ILC_DI03(1.0),02/02/24 23:00:00,A,TOTAL,T,MED_E,PPS,LV,2015,8092,
ESTAT:ILC_DI03(1.0),02/02/24 23:00:00,A,TOTAL,T,MED_E,PPS,LV,2016,9257,
ESTAT:ILC_DI03(1.0),02/02/24 23:00:00,A,TOTAL,T,MED_E,PPS,LV,2017,9248,
ESTAT:ILC_DI03(1.0),02/02/24 23:00:00,A,TOTAL,T,MED_E,PPS,LV,2018,10031,
ESTAT:ILC_DI03(1.0),02/02/24 23:00:00,A,TOTAL,T,MED_E,PPS,LV,2019,11031,
ESTAT:ILC_DI03(1.0),02/02/24 23:00:00,A,TOTAL,T,MED_E,PPS,LV,2020,11339,
ESTAT:ILC_DI03(1.0),02/02/24 23:00:00,A,TOTAL,T,MED_E,PPS,LV,2021,11975,
ESTAT:ILC_DI03(1.0),02/02/24 23:00:00,A,TOTAL,T,MED_E,PPS,LV,2022,12845,
ESTAT:ILC_DI03(1.0),02/02/24 23:00:00,A,TOTAL,T,MED_E,PPS,LV,2023,13228,
ESTAT:ILC_DI03(1.0),02/02/24 23:00:00,A,TOTAL,T,MED_E,PPS,ME,2013,5295,
ESTAT:ILC_DI03(1.0),02/02/24 23:00:00,A,TOTAL,T,MED_E,PPS,ME,2014,5339,
ESTAT:ILC_DI03(1.0),02/02/24 23:00:00,A,TOTAL,T,MED_E,PPS,ME,2015,5645,
ESTAT:ILC_DI03(1.0),02/02/24 23:00:00,A,TOTAL,T,MED_E,PPS,ME,2016,6061,
ESTAT:ILC_DI03(1.0),02/02/24 23:00:00,A,TOTAL,T,MED_E,PPS,ME,2017,6511,
ESTAT:ILC_DI03(1.0),02/02/24 23:00:00,A,TOTAL,T,MED_E,PPS,ME,2018,6831,
ESTAT:ILC_DI03(1.0),02/02/24 23:00:00,A,TOTAL,T,MED_E,PPS,ME,2019,6728,
ESTAT:ILC_DI03(1.0),02/02/24 23:00:00,A,TOTAL,T,MED_E,PPS,ME,2020,6861,
ESTAT:ILC_DI03(1.0),02/02/24 23:00:00,A,TOTAL,T,MED_E,PPS,ME,2021,6328,
ESTAT:ILC_DI03(1.0),02/02/24 23:00:00,A,TOTAL,T,MED_E,PPS,ME,2022,7309,
ESTAT:ILC_DI03(1.0),02/02/24 23:00:00,A,TOTAL,T,MED_E,PPS,MK,2012,3916,
ESTAT:ILC_DI03(1.0),02/02/24 23:00:00,A,TOTAL,T,MED_E,PPS,MK,2013,3994,
ESTAT:ILC_DI03(1.0),02/02/24 23:00:00,A,TOTAL,T,MED_E,PPS,MK,2014,4097,
ESTAT:ILC_DI03(1.0),02/02/24 23:00:00,A,TOTAL,T,MED_E,PPS,MK,2015,4556,
ESTAT:ILC_DI03(1.0),02/02/24 23:00:00,A,TOTAL,T,MED_E,PPS,MK,2016,4940,
ESTAT:ILC_DI03(1.0),02/02/24 23:00:00,A,TOTAL,T,MED_E,PPS,MK,2017,5302,
ESTAT:ILC_DI03(1.0),02/02/24 23:00:00,A,TOTAL,T,MED_E,PPS,MK,2018,5496,
ESTAT:ILC_DI03(1.0),02/02/24 23:00:00,A,TOTAL,T,MED_E,PPS,MK,2019,5638,
ESTAT:ILC_DI03(1.0),02/02/24 23:00:00,A,TOTAL,T,MED_E,PPS,MK,2020,5988,
ESTAT:ILC_DI03(1.0),02/02/24 23:00:00,A,TOTAL,T,MED_E,PPS,MT,2005,11757,
ESTAT:ILC_DI03(1.0),02/02/24 23:00:00,A,TOTAL,T,MED_E,PPS,MT,2006,12076,
ESTAT:ILC_DI03(1.0),02/02/24 23:00:00,A,TOTAL,T,MED_E,PPS,MT,2007,12442,
ESTAT:ILC_DI03(1.0),02/02/24 23:00:00,A,TOTAL,T,MED_E,PPS,MT,2008,13264,
ESTAT:ILC_DI03(1.0),02/02/24 23:00:00,A,TOTAL,T,MED_E,PPS,MT,2009,13576,
ESTAT:ILC_DI03(1.0),02/02/24 23:00:00,A,TOTAL,T,MED_E,PPS,MT,2010,13371,
ESTAT:ILC_DI03(1.0),02/02/24 23:00:00,A,TOTAL,T,MED_E,PPS,MT,2011,14029,
ESTAT:ILC_DI03(1.0),02/02/24 23:00:00,A,TOTAL,T,MED_E,PPS,MT,2012,14600,
ESTAT:ILC_DI03(1.0),02/02/24 23:00:00,A,TOTAL,T,MED_E,PPS,MT,2013,15249,
ESTAT:ILC_DI03(1.0),02/02/24 23:00:00,A,TOTAL,T,MED_E,PPS,MT,2014,15686,
ESTAT:ILC_DI03(1.0),02/02/24 23:00:00,A,TOTAL,T,MED_E,PPS,MT,2015,16753,
ESTAT:ILC_DI03(1.0),02/02/24 23:00:00,A,TOTAL,T,MED_E,PPS,MT,2016,17264,
ESTAT:ILC_DI03(1.0),02/02/24 23:00:00,A,TOTAL,T,MED_E,PPS,MT,2017,17899,
ESTAT:ILC_DI03(1.0),02/02/24 23:00:00,A,TOTAL,T,MED_E,PPS,MT,2018,17932,
ESTAT:ILC_DI03(1.0),02/02/24 23:00:00,A,TOTAL,T,MED_E,PPS,MT,2019,18588,
ESTAT:ILC_DI03(1.0),02/02/24 23:00:00,A,TOTAL,T,MED_E,PPS,MT,2020,18756,
ESTAT:ILC_DI03(1.0),02/02/24 23:00:00,A,TOTAL,T,MED_E,PPS,MT,2021,19012,
ESTAT:ILC_DI03(1.0),02/02/24 23:00:00,A,TOTAL,T,MED_E,PPS,MT,2022,20698,
ESTAT:ILC_DI03(1.0),02/02/24 23:00:00,A,TOTAL,T,MED_E,PPS,NL,1995,10749,
ESTAT:ILC_DI03(1.0),02/02/24 23:00:00,A,TOTAL,T,MED_E,PPS,NL,1996,11059,
ESTAT:ILC_DI03(1.0),02/02/24 23:00:00,A,TOTAL,T,MED_E,PPS,NL,1997,11999,
ESTAT:ILC_DI03(1.0),02/02/24 23:00:00,A,TOTAL,T,MED_E,PPS,NL,1998,12702,
ESTAT:ILC_DI03(1.0),02/02/24 23:00:00,A,TOTAL,T,MED_E,PPS,NL,1999,13447,
ESTAT:ILC_DI03(1.0),02/02/24 23:00:00,A,TOTAL,T,MED_E,PPS,NL,2000,13752,
ESTAT:ILC_DI03(1.0),02/02/24 23:00:00,A,TOTAL,T,MED_E,PPS,NL,2001,13848,
ESTAT:ILC_DI03(1.0),02/02/24 23:00:00,A,TOTAL,T,MED_E,PPS,NL,2005,16020,b
ESTAT:ILC_DI03(1.0),02/02/24 23:00:00,A,TOTAL,T,MED_E,PPS,NL,2006,16495,
ESTAT:ILC_DI03(1.0),02/02/24 23:00:00,A,TOTAL,T,MED_E,PPS,NL,2007,17537,
ESTAT:ILC_DI03(1.0),02/02/24 23:00:00,A,TOTAL,T,MED_E,PPS,NL,2008,19142,
ESTAT:ILC_DI03(1.0),02/02/24 23:00:00,A,TOTAL,T,MED_E,PPS,NL,2009,19227,
ESTAT:ILC_DI03(1.0),02/02/24 23:00:00,A,TOTAL,T,MED_E,PPS,NL,2010,18814,
ESTAT:ILC_DI03(1.0),02/02/24 23:00:00,A,TOTAL,T,MED_E,PPS,NL,2011,18833,
ESTAT:ILC_DI03(1.0),02/02/24 23:00:00,A,TOTAL,T,MED_E,PPS,NL,2012,18978,
ESTAT:ILC_DI03(1.0),02/02/24 23:00:00,A,TOTAL,T,MED_E,PPS,NL,2013,19226,
ESTAT:ILC_DI03(1.0),02/02/24 23:00:00,A,TOTAL,T,MED_E,PPS,NL,2014,18805,
ESTAT:ILC_DI03(1.0),02/02/24 23:00:00,A,TOTAL,T,MED_E,PPS,NL,2015,19387,
ESTAT:ILC_DI03(1.0),02/02/24 23:00:00,A,TOTAL,T,MED_E,PPS,NL,2016,21189,b
ESTAT:ILC_DI03(1.0),02/02/24 23:00:00,A,TOTAL,T,MED_E,PPS,NL,2017,21195,
ESTAT:ILC_DI03(1.0),02/02/24 23:00:00,A,TOTAL,T,MED_E,PPS,NL,2018,21528,
ESTAT:ILC_DI03(1.0),02/02/24 23:00:00,A,TOTAL,T,MED_E,PPS,NL,2019,21968,
ESTAT:ILC_DI03(1.0),02/02/24 23:00:00,A,TOTAL,T,MED_E,PPS,NL,2020,22117,
ESTAT:ILC_DI03(1.0),02/02/24 23:00:00,A,TOTAL,T,MED_E,PPS,NL,2021,24560,
ESTAT:ILC_DI03(1.0),02/02/24 23:00:00,A,TOTAL,T,MED_E,PPS,NL,2022,25437,
ESTAT:ILC_DI03(1.0),02/02/24 23:00:00,A,TOTAL,T,MED_E,PPS,NO,2003,18188,
ESTAT:ILC_DI03(1.0),02/02/24 23:00:00,A,TOTAL,T,MED_E,PPS,NO,2004,18574,
ESTAT:ILC_DI03(1.0),02/02/24 23:00:00,A,TOTAL,T,MED_E,PPS,NO,2005,18982,
ESTAT:ILC_DI03(1.0),02/02/24 23:00:00,A,TOTAL,T,MED_E,PPS,NO,2006,20198,
ESTAT:ILC_DI03(1.0),02/02/24 23:00:00,A,TOTAL,T,MED_E,PPS,NO,2007,20702,
ESTAT:ILC_DI03(1.0),02/02/24 23:00:00,A,TOTAL,T,MED_E,PPS,NO,2008,23131,
ESTAT:ILC_DI03(1.0),02/02/24 23:00:00,A,TOTAL,T,MED_E,PPS,NO,2009,24137,
ESTAT:ILC_DI03(1.0),02/02/24 23:00:00,A,TOTAL,T,MED_E,PPS,NO,2010,23243,
ESTAT:ILC_DI03(1.0),02/02/24 23:00:00,A,TOTAL,T,MED_E,PPS,NO,2011,24235,
ESTAT:ILC_DI03(1.0),02/02/24 23:00:00,A,TOTAL,T,MED_E,PPS,NO,2012,25594,
ESTAT:ILC_DI03(1.0),02/02/24 23:00:00,A,TOTAL,T,MED_E,PPS,NO,2013,26796,
ESTAT:ILC_DI03(1.0),02/02/24 23:00:00,A,TOTAL,T,MED_E,PPS,NO,2014,27859,
ESTAT:ILC_DI03(1.0),02/02/24 23:00:00,A,TOTAL,T,MED_E,PPS,NO,2015,28323,
ESTAT:ILC_DI03(1.0),02/02/24 23:00:00,A,TOTAL,T,MED_E,PPS,NO,2016,27670,
ESTAT:ILC_DI03(1.0),02/02/24 23:00:00,A,TOTAL,T,MED_E,PPS,NO,2017,26265,
ESTAT:ILC_DI03(1.0),02/02/24 23:00:00,A,TOTAL,T,MED_E,PPS,NO,2018,26300,
ESTAT:ILC_DI03(1.0),02/02/24 23:00:00,A,TOTAL,T,MED_E,PPS,NO,2019,26706,
ESTAT:ILC_DI03(1.0),02/02/24 23:00:00,A,TOTAL,T,MED_E,PPS,NO,2020,27893,
ESTAT:ILC_DI03(1.0),02/02/24 23:00:00,A,TOTAL,T,MED_E,PPS,NO,2021,26365,b
ESTAT:ILC_DI03(1.0),02/02/24 23:00:00,A,TOTAL,T,MED_E,PPS,NO,2022,27090,
ESTAT:ILC_DI03(1.0),02/02/24 23:00:00,A,TOTAL,T,MED_E,PPS,PL,2005,4759,
ESTAT:ILC_DI03(1.0),02/02/24 23:00:00,A,TOTAL,T,MED_E,PPS,PL,2006,5095,
ESTAT:ILC_DI03(1.0),02/02/24 23:00:00,A,TOTAL,T,MED_E,PPS,PL,2007,5609,
ESTAT:ILC_DI03(1.0),02/02/24 23:00:00,A,TOTAL,T,MED_E,PPS,PL,2008,6732,
ESTAT:ILC_DI03(1.0),02/02/24 23:00:00,A,TOTAL,T,MED_E,PPS,PL,2009,7376,
ESTAT:ILC_DI03(1.0),02/02/24 23:00:00,A,TOTAL,T,MED_E,PPS,PL,2010,7578,
ESTAT:ILC_DI03(1.0),02/02/24 23:00:00,A,TOTAL,T,MED_E,PPS,PL,2011,8322,
ESTAT:ILC_DI03(1.0),02/02/24 23:00:00,A,TOTAL,T,MED_E,PPS,PL,2012,8635,
ESTAT:ILC_DI03(1.0),02/02/24 23:00:00,A,TOTAL,T,MED_E,PPS,PL,2013,9158,
ESTAT:ILC_DI03(1.0),02/02/24 23:00:00,A,TOTAL,T,MED_E,PPS,PL,2014,9560,
ESTAT:ILC_DI03(1.0),02/02/24 23:00:00,A,TOTAL,T,MED_E,PPS,PL,2015,9950,
ESTAT:ILC_DI03(1.0),02/02/24 23:00:00,A,TOTAL,T,MED_E,PPS,PL,2016,10865,
ESTAT:ILC_DI03(1.0),02/02/24 23:00:00,A,TOTAL,T,MED_E,PPS,PL,2017,11079,
ESTAT:ILC_DI03(1.0),02/02/24 23:00:00,A,TOTAL,T,MED_E,PPS,PL,2018,11513,
ESTAT:ILC_DI03(1.0),02/02/24 23:00:00,A,TOTAL,T,MED_E,PPS,PL,2019,12335,
ESTAT:ILC_DI03(1.0),02/02/24 23:00:00,A,TOTAL,T,MED_E,PPS,PL,2020,13350,
ESTAT:ILC_DI03(1.0),02/02/24 23:00:00,A,TOTAL,T,MED_E,PPS,PL,2021,13870,
ESTAT:ILC_DI03(1.0),02/02/24 23:00:00,A,TOTAL,T,MED_E,PPS,PL,2022,14906,
ESTAT:ILC_DI03(1.0),02/02/24 23:00:00,A,TOTAL,T,MED_E,PPS,PT,1995,6242,
ESTAT:ILC_DI03(1.0),02/02/24 23:00:00,A,TOTAL,T,MED_E,PPS,PT,1996,6387,
ESTAT:ILC_DI03(1.0),02/02/24 23:00:00,A,TOTAL,T,MED_E,PPS,PT,1997,6719,
ESTAT:ILC_DI03(1.0),02/02/24 23:00:00,A,TOTAL,T,MED_E,PPS,PT,1998,6926,
ESTAT:ILC_DI03(1.0),02/02/24 23:00:00,A,TOTAL,T,MED_E,PPS,PT,1999,7334,
ESTAT:ILC_DI03(1.0),02/02/24 23:00:00,A,TOTAL,T,MED_E,PPS,PT,2000,7767,
ESTAT:ILC_DI03(1.0),02/02/24 23:00:00,A,TOTAL,T,MED_E,PPS,PT,2001,8280,
ESTAT:ILC_DI03(1.0),02/02/24 23:00:00,A,TOTAL,T,MED_E,PPS,PT,2004,8039,b
ESTAT:ILC_DI03(1.0),02/02/24 23:00:00,A,TOTAL,T,MED_E,PPS,PT,2005,8236,
ESTAT:ILC_DI03(1.0),02/02/24 23:00:00,A,TOTAL,T,MED_E,PPS,PT,2006,8595,
ESTAT:ILC_DI03(1.0),02/02/24 23:00:00,A,TOTAL,T,MED_E,PPS,PT,2007,8915,
ESTAT:ILC_DI03(1.0),02/02/24 23:00:00,A,TOTAL,T,MED_E,PPS,PT,2008,9504,
ESTAT:ILC_DI03(1.0),02/02/24 23:00:00,A,TOTAL,T,MED_E,PPS,PT,2009,9407,
ESTAT:ILC_DI03(1.0),02/02/24 23:00:00,A,TOTAL,T,MED_E,PPS,PT,2010,9728,
ESTAT:ILC_DI03(1.0),02/02/24 23:00:00,A,TOTAL,T,MED_E,PPS,PT,2011,9621,
ESTAT:ILC_DI03(1.0),02/02/24 23:00:00,A,TOTAL,T,MED_E,PPS,PT,2012,9795,
ESTAT:ILC_DI03(1.0),02/02/24 23:00:00,A,TOTAL,T,MED_E,PPS,PT,2013,9820,
ESTAT:ILC_DI03(1.0),02/02/24 23:00:00,A,TOTAL,T,MED_E,PPS,PT,2014,10125,
ESTAT:ILC_DI03(1.0),02/02/24 23:00:00,A,TOTAL,T,MED_E,PPS,PT,2015,10317,
ESTAT:ILC_DI03(1.0),02/02/24 23:00:00,A,TOTAL,T,MED_E,PPS,PT,2016,10805,
ESTAT:ILC_DI03(1.0),02/02/24 23:00:00,A,TOTAL,T,MED_E,PPS,PT,2017,10826,
ESTAT:ILC_DI03(1.0),02/02/24 23:00:00,A,TOTAL,T,MED_E,PPS,PT,2018,10801,
ESTAT:ILC_DI03(1.0),02/02/24 23:00:00,A,TOTAL,T,MED_E,PPS,PT,2019,11602,
ESTAT:ILC_DI03(1.0),02/02/24 23:00:00,A,TOTAL,T,MED_E,PPS,PT,2020,12333,
ESTAT:ILC_DI03(1.0),02/02/24 23:00:00,A,TOTAL,T,MED_E,PPS,PT,2021,12404,
ESTAT:ILC_DI03(1.0),02/02/24 23:00:00,A,TOTAL,T,MED_E,PPS,PT,2022,12266,
ESTAT:ILC_DI03(1.0),02/02/24 23:00:00,A,TOTAL,T,MED_E,PPS,RO,2007,2783,
ESTAT:ILC_DI03(1.0),02/02/24 23:00:00,A,TOTAL,T,MED_E,PPS,RO,2008,3062,
ESTAT:ILC_DI03(1.0),02/02/24 23:00:00,A,TOTAL,T,MED_E,PPS,RO,2009,3444,
ESTAT:ILC_DI03(1.0),02/02/24 23:00:00,A,TOTAL,T,MED_E,PPS,RO,2010,3537,
ESTAT:ILC_DI03(1.0),02/02/24 23:00:00,A,TOTAL,T,MED_E,PPS,RO,2011,3643,
ESTAT:ILC_DI03(1.0),02/02/24 23:00:00,A,TOTAL,T,MED_E,PPS,RO,2012,3710,
ESTAT:ILC_DI03(1.0),02/02/24 23:00:00,A,TOTAL,T,MED_E,PPS,RO,2013,3886,
ESTAT:ILC_DI03(1.0),02/02/24 23:00:00,A,TOTAL,T,MED_E,PPS,RO,2014,4014,
ESTAT:ILC_DI03(1.0),02/02/24 23:00:00,A,TOTAL,T,MED_E,PPS,RO,2015,4357,
ESTAT:ILC_DI03(1.0),02/02/24 23:00:00,A,TOTAL,T,MED_E,PPS,RO,2016,4724,
ESTAT:ILC_DI03(1.0),02/02/24 23:00:00,A,TOTAL,T,MED_E,PPS,RO,2017,5314,
ESTAT:ILC_DI03(1.0),02/02/24 23:00:00,A,TOTAL,T,MED_E,PPS,RO,2018,6278,
ESTAT:ILC_DI03(1.0),02/02/24 23:00:00,A,TOTAL,T,MED_E,PPS,RO,2019,7338,
ESTAT:ILC_DI03(1.0),02/02/24 23:00:00,A,TOTAL,T,MED_E,PPS,RO,2020,7724,
ESTAT:ILC_DI03(1.0),02/02/24 23:00:00,A,TOTAL,T,MED_E,PPS,RO,2021,8698,
ESTAT:ILC_DI03(1.0),02/02/24 23:00:00,A,TOTAL,T,MED_E,PPS,RO,2022,10033,
ESTAT:ILC_DI03(1.0),02/02/24 23:00:00,A,TOTAL,T,MED_E,PPS,RS,2013,4772,
ESTAT:ILC_DI03(1.0),02/02/24 23:00:00,A,TOTAL,T,MED_E,PPS,RS,2014,4602,
ESTAT:ILC_DI03(1.0),02/02/24 23:00:00,A,TOTAL,T,MED_E,PPS,RS,2015,4722,
ESTAT:ILC_DI03(1.0),02/02/24 23:00:00,A,TOTAL,T,MED_E,PPS,RS,2016,4998,
ESTAT:ILC_DI03(1.0),02/02/24 23:00:00,A,TOTAL,T,MED_E,PPS,RS,2017,5131,
ESTAT:ILC_DI03(1.0),02/02/24 23:00:00,A,TOTAL,T,MED_E,PPS,RS,2018,5226,
ESTAT:ILC_DI03(1.0),02/02/24 23:00:00,A,TOTAL,T,MED_E,PPS,RS,2019,6071,
ESTAT:ILC_DI03(1.0),02/02/24 23:00:00,A,TOTAL,T,MED_E,PPS,RS,2020,6602,
ESTAT:ILC_DI03(1.0),02/02/24 23:00:00,A,TOTAL,T,MED_E,PPS,RS,2021,6968,
ESTAT:ILC_DI03(1.0),02/02/24 23:00:00,A,TOTAL,T,MED_E,PPS,RS,2022,7567,
ESTAT:ILC_DI03(1.0),02/02/24 23:00:00,A,TOTAL,T,MED_E,PPS,SE,2004,14031,
ESTAT:ILC_DI03(1.0),02/02/24 23:00:00,A,TOTAL,T,MED_E,PPS,SE,2005,14414,
ESTAT:ILC_DI03(1.0),02/02/24 23:00:00,A,TOTAL,T,MED_E,PPS,SE,2006,15113,
ESTAT:ILC_DI03(1.0),02/02/24 23:00:00,A,TOTAL,T,MED_E,PPS,SE,2007,15908,
ESTAT:ILC_DI03(1.0),02/02/24 23:00:00,A,TOTAL,T,MED_E,PPS,SE,2008,17491,b
ESTAT:ILC_DI03(1.0),02/02/24 23:00:00,A,TOTAL,T,MED_E,PPS,SE,2009,18142,
ESTAT:ILC_DI03(1.0),02/02/24 23:00:00,A,TOTAL,T,MED_E,PPS,SE,2010,17558,
ESTAT:ILC_DI03(1.0),02/02/24 23:00:00,A,TOTAL,T,MED_E,PPS,SE,2011,18031,
ESTAT:ILC_DI03(1.0),02/02/24 23:00:00,A,TOTAL,T,MED_E,PPS,SE,2012,18950,
ESTAT:ILC_DI03(1.0),02/02/24 23:00:00,A,TOTAL,T,MED_E,PPS,SE,2013,20028,
ESTAT:ILC_DI03(1.0),02/02/24 23:00:00,A,TOTAL,T,MED_E,PPS,SE,2014,19529,
ESTAT:ILC_DI03(1.0),02/02/24 23:00:00,A,TOTAL,T,MED_E,PPS,SE,2015,20154,
ESTAT:ILC_DI03(1.0),02/02/24 23:00:00,A,TOTAL,T,MED_E,PPS,SE,2016,20955,
ESTAT:ILC_DI03(1.0),02/02/24 23:00:00,A,TOTAL,T,MED_E,PPS,SE,2017,20237,
ESTAT:ILC_DI03(1.0),02/02/24 23:00:00,A,TOTAL,T,MED_E,PPS,SE,2018,20414,
ESTAT:ILC_DI03(1.0),02/02/24 23:00:00,A,TOTAL,T,MED_E,PPS,SE,2019,20413,
ESTAT:ILC_DI03(1.0),02/02/24 23:00:00,A,TOTAL,T,MED_E,PPS,SE,2020,20083,
ESTAT:ILC_DI03(1.0),02/02/24 23:00:00,A,TOTAL,T,MED_E,PPS,SE,2021,20673,
ESTAT:ILC_DI03(1.0),02/02/24 23:00:00,A,TOTAL,T,MED_E,PPS,SE,2022,20573,
ESTAT:ILC_DI03(1.0),02/02/24 23:00:00,A,TOTAL,T,MED_E,PPS,SI,2005,11577,
ESTAT:ILC_DI03(1.0),02/02/24 23:00:00,A,TOTAL,T,MED_E,PPS,SI,2006,12153,
ESTAT:ILC_DI03(1.0),02/02/24 23:00:00,A,TOTAL,T,MED_E,PPS,SI,2007,12922,
ESTAT:ILC_DI03(1.0),02/02/24 23:00:00,A,TOTAL,T,MED_E,PPS,SI,2008,13812,
ESTAT:ILC_DI03(1.0),02/02/24 23:00:00,A,TOTAL,T,MED_E,PPS,SI,2009,14331,
ESTAT:ILC_DI03(1.0),02/02/24 23:00:00,A,TOTAL,T,MED_E,PPS,SI,2010,13349,
ESTAT:ILC_DI03(1.0),02/02/24 23:00:00,A,TOTAL,T,MED_E,PPS,SI,2011,13940,
ESTAT:ILC_DI03(1.0),02/02/24 23:00:00,A,TOTAL,T,MED_E,PPS,SI,2012,14271,
ESTAT:ILC_DI03(1.0),02/02/24 23:00:00,A,TOTAL,T,MED_E,PPS,SI,2013,14212,
ESTAT:ILC_DI03(1.0),02/02/24 23:00:00,A,TOTAL,T,MED_E,PPS,SI,2014,14328,
ESTAT:ILC_DI03(1.0),02/02/24 23:00:00,A,TOTAL,T,MED_E,PPS,SI,2015,15102,
ESTAT:ILC_DI03(1.0),02/02/24 23:00:00,A,TOTAL,T,MED_E,PPS,SI,2016,15250,
ESTAT:ILC_DI03(1.0),02/02/24 23:00:00,A,TOTAL,T,MED_E,PPS,SI,2017,15245,
ESTAT:ILC_DI03(1.0),02/02/24 23:00:00,A,TOTAL,T,MED_E,PPS,SI,2018,15771,
ESTAT:ILC_DI03(1.0),02/02/24 23:00:00,A,TOTAL,T,MED_E,PPS,SI,2019,16633,
ESTAT:ILC_DI03(1.0),02/02/24 23:00:00,A,TOTAL,T,MED_E,PPS,SI,2020,16988,
ESTAT:ILC_DI03(1.0),02/02/24 23:00:00,A,TOTAL,T,MED_E,PPS,SI,2021,17579,
ESTAT:ILC_DI03(1.0),02/02/24 23:00:00,A,TOTAL,T,MED_E,PPS,SI,2022,18792,
ESTAT:ILC_DI03(1.0),02/02/24 23:00:00,A,TOTAL,T,MED_E,PPS,SK,2005,3990,
ESTAT:ILC_DI03(1.0),02/02/24 23:00:00,A,TOTAL,T,MED_E,PPS,SK,2006,4620,
ESTAT:ILC_DI03(1.0),02/02/24 23:00:00,A,TOTAL,T,MED_E,PPS,SK,2007,5608,
ESTAT:ILC_DI03(1.0),02/02/24 23:00:00,A,TOTAL,T,MED_E,PPS,SK,2008,6763,
ESTAT:ILC_DI03(1.0),02/02/24 23:00:00,A,TOTAL,T,MED_E,PPS,SK,2009,7852,
ESTAT:ILC_DI03(1.0),02/02/24 23:00:00,A,TOTAL,T,MED_E,PPS,SK,2010,8360,
ESTAT:ILC_DI03(1.0),02/02/24 23:00:00,A,TOTAL,T,MED_E,PPS,SK,2011,8975,
ESTAT:ILC_DI03(1.0),02/02/24 23:00:00,A,TOTAL,T,MED_E,PPS,SK,2012,9799,
ESTAT:ILC_DI03(1.0),02/02/24 23:00:00,A,TOTAL,T,MED_E,PPS,SK,2013,9572,
ESTAT:ILC_DI03(1.0),02/02/24 23:00:00,A,TOTAL,T,MED_E,PPS,SK,2014,9806,
ESTAT:ILC_DI03(1.0),02/02/24 23:00:00,A,TOTAL,T,MED_E,PPS,SK,2015,10220,
ESTAT:ILC_DI03(1.0),02/02/24 23:00:00,A,TOTAL,T,MED_E,PPS,SK,2016,10466,
ESTAT:ILC_DI03(1.0),02/02/24 23:00:00,A,TOTAL,T,MED_E,PPS,SK,2017,9605,
ESTAT:ILC_DI03(1.0),02/02/24 23:00:00,A,TOTAL,T,MED_E,PPS,SK,2018,9744,
ESTAT:ILC_DI03(1.0),02/02/24 23:00:00,A,TOTAL,T,MED_E,PPS,SK,2019,10503,
ESTAT:ILC_DI03(1.0),02/02/24 23:00:00,A,TOTAL,T,MED_E,PPS,SK,2020,10076,
ESTAT:ILC_DI03(1.0),02/02/24 23:00:00,A,TOTAL,T,MED_E,PPS,SK,2021,9425,
ESTAT:ILC_DI03(1.0),02/02/24 23:00:00,A,TOTAL,T,MED_E,PPS,SK,2022,9826,
ESTAT:ILC_DI03(1.0),02/02/24 23:00:00,A,TOTAL,T,MED_E,PPS,TR,2006,3527,
ESTAT:ILC_DI03(1.0),02/02/24 23:00:00,A,TOTAL,T,MED_E,PPS,TR,2007,4057,
ESTAT:ILC_DI03(1.0),02/02/24 23:00:00,A,TOTAL,T,MED_E,PPS,TR,2008,4143,
ESTAT:ILC_DI03(1.0),02/02/24 23:00:00,A,TOTAL,T,MED_E,PPS,TR,2009,4471,
ESTAT:ILC_DI03(1.0),02/02/24 23:00:00,A,TOTAL,T,MED_E,PPS,TR,2010,4347,
ESTAT:ILC_DI03(1.0),02/02/24 23:00:00,A,TOTAL,T,MED_E,PPS,TR,2011,4766,
ESTAT:ILC_DI03(1.0),02/02/24 23:00:00,A,TOTAL,T,MED_E,PPS,TR,2012,5186,
ESTAT:ILC_DI03(1.0),02/02/24 23:00:00,A,TOTAL,T,MED_E,PPS,TR,2013,5271,
ESTAT:ILC_DI03(1.0),02/02/24 23:00:00,A,TOTAL,T,MED_E,PPS,TR,2014,5456,
ESTAT:ILC_DI03(1.0),02/02/24 23:00:00,A,TOTAL,T,MED_E,PPS,TR,2015,5661,
ESTAT:ILC_DI03(1.0),02/02/24 23:00:00,A,TOTAL,T,MED_E,PPS,TR,2016,6501,
ESTAT:ILC_DI03(1.0),02/02/24 23:00:00,A,TOTAL,T,MED_E,PPS,TR,2017,6527,
ESTAT:ILC_DI03(1.0),02/02/24 23:00:00,A,TOTAL,T,MED_E,PPS,TR,2018,6466,
ESTAT:ILC_DI03(1.0),02/02/24 23:00:00,A,TOTAL,T,MED_E,PPS,TR,2019,6781,
ESTAT:ILC_DI03(1.0),02/02/24 23:00:00,A,TOTAL,T,MED_E,PPS,TR,2020,6620,
ESTAT:ILC_DI03(1.0),02/02/24 23:00:00,A,TOTAL,T,MED_E,PPS,TR,2021,6210,
ESTAT:ILC_DI03(1.0),02/02/24 23:00:00,A,TOTAL,T,MED_E,PPS,UK,1995,11576,
ESTAT:ILC_DI03(1.0),02/02/24 23:00:00,A,TOTAL,T,MED_E,PPS,UK,1996,11558,
ESTAT:ILC_DI03(1.0),02/02/24 23:00:00,A,TOTAL,T,MED_E,PPS,UK,1997,12499,
ESTAT:ILC_DI03(1.0),02/02/24 23:00:00,A,TOTAL,T,MED_E,PPS,UK,1998,13081,
ESTAT:ILC_DI03(1.0),02/02/24 23:00:00,A,TOTAL,T,MED_E,PPS,UK,1999,12821,
ESTAT:ILC_DI03(1.0),02/02/24 23:00:00,A,TOTAL,T,MED_E,PPS,UK,2000,13841,
ESTAT:ILC_DI03(1.0),02/02/24 23:00:00,A,TOTAL,T,MED_E,PPS,UK,2001,14977,
ESTAT:ILC_DI03(1.0),02/02/24 23:00:00,A,TOTAL,T,MED_E,PPS,UK,2005,16894,b
ESTAT:ILC_DI03(1.0),02/02/24 23:00:00,A,TOTAL,T,MED_E,PPS,UK,2006,17630,
ESTAT:ILC_DI03(1.0),02/02/24 23:00:00,A,TOTAL,T,MED_E,PPS,UK,2007,18778,
ESTAT:ILC_DI03(1.0),02/02/24 23:00:00,A,TOTAL,T,MED_E,PPS,UK,2008,18543,
ESTAT:ILC_DI03(1.0),02/02/24 23:00:00,A,TOTAL,T,MED_E,PPS,UK,2009,16819,
ESTAT:ILC_DI03(1.0),02/02/24 23:00:00,A,TOTAL,T,MED_E,PPS,UK,2010,15869,
ESTAT:ILC_DI03(1.0),02/02/24 23:00:00,A,TOTAL,T,MED_E,PPS,UK,2011,15776,
ESTAT:ILC_DI03(1.0),02/02/24 23:00:00,A,TOTAL,T,MED_E,PPS,UK,2012,16447,b
ESTAT:ILC_DI03(1.0),02/02/24 23:00:00,A,TOTAL,T,MED_E,PPS,UK,2013,16767,
ESTAT:ILC_DI03(1.0),02/02/24 23:00:00,A,TOTAL,T,MED_E,PPS,UK,2014,16896,
ESTAT:ILC_DI03(1.0),02/02/24 23:00:00,A,TOTAL,T,MED_E,PPS,UK,2015,17782,
ESTAT:ILC_DI03(1.0),02/02/24 23:00:00,A,TOTAL,T,MED_E,PPS,UK,2016,17296,
ESTAT:ILC_DI03(1.0),02/02/24 23:00:00,A,TOTAL,T,MED_E,PPS,UK,2017,18040,b
ESTAT:ILC_DI03(1.0),02/02/24 23:00:00,A,TOTAL,T,MED_E,PPS,UK,2018,18423,
ESTAT:ILC_DI03(1.0),02/02/24 23:00:00,A,TOTAL,T,MED_E,PPS,XK,2018,3953,
