DATAFLOW,LAST UPDATE,freq,indic_em,sex,age,unit,geo,TIME_PERIOD,OBS_VALUE,OBS_FLAG
ESTAT:SDG_08_30(1.0),14/12/23 23:00:00,A,EMP_LFS,T,Y20-64,PC_POP,AT,2009,73.4,
ESTAT:SDG_08_30(1.0),14/12/23 23:00:00,A,EMP_LFS,T,Y20-64,PC_POP,AT,2010,73.9,
ESTAT:SDG_08_30(1.0),14/12/23 23:00:00,A,EMP_LFS,T,Y20-64,PC_POP,AT,2011,74.2,
ESTAT:SDG_08_30(1.0),14/12/23 23:00:00,A,EMP_LFS,T,Y20-64,PC_POP,AT,2012,74.4,
ESTAT:SDG_08_30(1.0),14/12/23 23:00:00,A,EMP_LFS,T,Y20-64,PC_POP,AT,2013,74.6,
ESTAT:SDG_08_30(1.0),14/12/23 23:00:00,A,EMP_LFS,T,Y20-64,PC_POP,AT,2014,74.2,
ESTAT:SDG_08_30(1.0),14/12/23 23:00:00,A,EMP_LFS,T,Y20-64,PC_POP,AT,2015,74.3,
ESTAT:SDG_08_30(1.0),14/12/23 23:00:00,A,EMP_LFS,T,Y20-64,PC_POP,AT,2016,74.8,
ESTAT:SDG_08_30(1.0),14/12/23 23:00:00,A,EMP_LFS,T,Y20-64,PC_POP,AT,2017,75.4,
ESTAT:SDG_08_30(1.0),14/12/23 23:00:00,A,EMP_LFS,T,Y20-64,PC_POP,AT,2018,76.2,
ESTAT:SDG_08_30(1.0),14/12/23 23:00:00,A,EMP_LFS,T,Y20-64,PC_POP,AT,2019,76.8,
ESTAT:SDG_08_30(1.0),14/12/23 23:00:00,A,EMP_LFS,T,Y20-64,PC_POP,AT,2020,74.8,
ESTAT:SDG_08_30(1.0),14/12/23 23:00:00,A,EMP_LFS,T,Y20-64,PC_POP,AT,2021,75.6,
ESTAT:SDG_08_30(1.0),14/12/23 23:00:00,A,EMP_LFS,T,Y20-64,PC_POP,AT,2022,77.3,
ESTAT:SDG_08_30(1.0),14/12/23 23:00:00,A,EMP_LFS,T,Y20-64,PC_POP,BE,2009,67.1,
ESTAT:SDG_08_30(1.0),14/12/23 23:00:00,A,EMP_LFS,T,Y20-64,PC_POP,BE,2010,67.6,
ESTAT:SDG_08_30(1.0),14/12/23 23:00:00,A,EMP_LFS,T,Y20-64,PC_POP,BE,2011,67.3,
ESTAT:SDG_08_30(1.0),14/12/23 23:00:00,A,EMP_LFS,T,Y20-64,PC_POP,BE,2012,67.2,
ESTAT:SDG_08_30(1.0),14/12/23 23:00:00,A,EMP_LFS,T,Y20-64,PC_POP,BE,2013,67.2,
ESTAT:SDG_08_30(1.0),14/12/23 23:00:00,A,EMP_LFS,T,Y20-64,PC_POP,BE,2014,67.3,
ESTAT:SDG_08_30(1.0),14/12/23 23:00:00,A,EMP_LFS,T,Y20-64,PC_POP,BE,2015,67.2,
ESTAT:SDG_08_30(1.0),14/12/23 23:00:00,A,EMP_LFS,T,Y20-64,PC_POP,BE,2016,67.7,
ESTAT:SDG_08_30(1.0),14/12/23 23:00:00,A,EMP_LFS,T,Y20-64,PC_POP,BE,2017,68.5,b
ESTAT:SDG_08_30(1.0),14/12/23 23:00:00,A,EMP_LFS,T,Y20-64,PC_POP,BE,2018,69.7,
ESTAT:SDG_08_30(1.0),14/12/23 23:00:00,A,EMP_LFS,T,Y20-64,PC_POP,BE,2019,70.5,
ESTAT:SDG_08_30(1.0),14/12/23 23:00:00,A,EMP_LFS,T,Y20-64,PC_POP,BE,2020,69.7,
ESTAT:SDG_08_30(1.0),14/12/23 23:00:00,A,EMP_LFS,T,Y20-64,PC_POP,BE,2021,70.6,
ESTAT:SDG_08_30(1.0),14/12/23 23:00:00,A,EMP_LFS,T,Y20-64,PC_POP,BE,2022,71.9,
ESTAT:SDG_08_30(1.0),14/12/23 23:00:00,A,EMP_LFS,T,Y20-64,PC_POP,BG,2009,68.2,
ESTAT:SDG_08_30(1.0),14/12/23 23:00:00,A,EMP_LFS,T,Y20-64,PC_POP,BG,2010,64.1,b
ESTAT:SDG_08_30(1.0),14/12/23 23:00:00,A,EMP_LFS,T,Y20-64,PC_POP,BG,2011,62.3,b
ESTAT:SDG_08_30(1.0),14/12/23 23:00:00,A,EMP_LFS,T,Y20-64,PC_POP,BG,2012,62.4,
ESTAT:SDG_08_30(1.0),14/12/23 23:00:00,A,EMP_LFS,T,Y20-64,PC_POP,BG,2013,62.9,
ESTAT:SDG_08_30(1.0),14/12/23 23:00:00,A,EMP_LFS,T,Y20-64,PC_POP,BG,2014,64.4,
ESTAT:SDG_08_30(1.0),14/12/23 23:00:00,A,EMP_LFS,T,Y20-64,PC_POP,BG,2015,66.5,
ESTAT:SDG_08_30(1.0),14/12/23 23:00:00,A,EMP_LFS,T,Y20-64,PC_POP,BG,2016,67.0,
ESTAT:SDG_08_30(1.0),14/12/23 23:00:00,A,EMP_LFS,T,Y20-64,PC_POP,BG,2017,70.6,
ESTAT:SDG_08_30(1.0),14/12/23 23:00:00,A,EMP_LFS,T,Y20-64,PC_POP,BG,2018,71.7,
ESTAT:SDG_08_30(1.0),14/12/23 23:00:00,A,EMP_LFS,T,Y20-64,PC_POP,BG,2019,74.3,
ESTAT:SDG_08_30(1.0),14/12/23 23:00:00,A,EMP_LFS,T,Y20-64,PC_POP,BG,2020,72.7,
ESTAT:SDG_08_30(1.0),14/12/23 23:00:00,A,EMP_LFS,T,Y20-64,PC_POP,BG,2021,73.2,
ESTAT:SDG_08_30(1.0),14/12/23 23:00:00,A,EMP_LFS,T,Y20-64,PC_POP,BG,2022,75.7,
ESTAT:SDG_08_30(1.0),14/12/23 23:00:00,A,EMP_LFS,T,Y20-64,PC_POP,CH,2010,79.7,b
ESTAT:SDG_08_30(1.0),14/12/23 23:00:00,A,EMP_LFS,T,Y20-64,PC_POP,CH,2011,80.8,
ESTAT:SDG_08_30(1.0),14/12/23 23:00:00,A,EMP_LFS,T,Y20-64,PC_POP,CH,2012,81.0,
ESTAT:SDG_08_30(1.0),14/12/23 23:00:00,A,EMP_LFS,T,Y20-64,PC_POP,CH,2013,80.8,
ESTAT:SDG_08_30(1.0),14/12/23 23:00:00,A,EMP_LFS,T,Y20-64,PC_POP,CH,2014,81.1,
ESTAT:SDG_08_30(1.0),14/12/23 23:00:00,A,EMP_LFS,T,Y20-64,PC_POP,CH,2015,81.7,
ESTAT:SDG_08_30(1.0),14/12/23 23:00:00,A,EMP_LFS,T,Y20-64,PC_POP,CH,2016,82.0,
ESTAT:SDG_08_30(1.0),14/12/23 23:00:00,A,EMP_LFS,T,Y20-64,PC_POP,CH,2017,82.1,
ESTAT:SDG_08_30(1.0),14/12/23 23:00:00,A,EMP_LFS,T,Y20-64,PC_POP,CH,2018,82.5,
ESTAT:SDG_08_30(1.0),14/12/23 23:00:00,A,EMP_LFS,T,Y20-64,PC_POP,CH,2019,82.9,
ESTAT:SDG_08_30(1.0),14/12/23 23:00:00,A,EMP_LFS,T,Y20-64,PC_POP,CH,2020,82.5,
ESTAT:SDG_08_30(1.0),14/12/23 23:00:00,A,EMP_LFS,T,Y20-64,PC_POP,CH,2021,81.8,
ESTAT:SDG_08_30(1.0),14/12/23 23:00:00,A,EMP_LFS,T,Y20-64,PC_POP,CH,2022,81.9,
ESTAT:SDG_08_30(1.0),14/12/23 23:00:00,A,EMP_LFS,T,Y20-64,PC_POP,CY,2009,75.3,
ESTAT:SDG_08_30(1.0),14/12/23 23:00:00,A,EMP_LFS,T,Y20-64,PC_POP,CY,2010,75.0,
ESTAT:SDG_08_30(1.0),14/12/23 23:00:00,A,EMP_LFS,T,Y20-64,PC_POP,CY,2011,73.4,
ESTAT:SDG_08_30(1.0),14/12/23 23:00:00,A,EMP_LFS,T,Y20-64,PC_POP,CY,2012,70.2,
ESTAT:SDG_08_30(1.0),14/12/23 23:00:00,A,EMP_LFS,T,Y20-64,PC_POP,CY,2013,67.2,
ESTAT:SDG_08_30(1.0),14/12/23 23:00:00,A,EMP_LFS,T,Y20-64,PC_POP,CY,2014,67.6,
ESTAT:SDG_08_30(1.0),14/12/23 23:00:00,A,EMP_LFS,T,Y20-64,PC_POP,CY,2015,67.9,
ESTAT:SDG_08_30(1.0),14/12/23 23:00:00,A,EMP_LFS,T,Y20-64,PC_POP,CY,2016,68.7,
ESTAT:SDG_08_30(1.0),14/12/23 23:00:00,A,EMP_LFS,T,Y20-64,PC_POP,CY,2017,70.8,
ESTAT:SDG_08_30(1.0),14/12/23 23:00:00,A,EMP_LFS,T,Y20-64,PC_POP,CY,2018,73.9,
ESTAT:SDG_08_30(1.0),14/12/23 23:00:00,A,EMP_LFS,T,Y20-64,PC_POP,CY,2019,75.7,
ESTAT:SDG_08_30(1.0),14/12/23 23:00:00,A,EMP_LFS,T,Y20-64,PC_POP,CY,2020,74.9,
ESTAT:SDG_08_30(1.0),14/12/23 23:00:00,A,EMP_LFS,T,Y20-64,PC_POP,CY,2021,75.9,
ESTAT:SDG_08_30(1.0),14/12/23 23:00:00,A,EMP_LFS,T,Y20-64,PC_POP,CY,2022,77.9,
ESTAT:SDG_08_30(1.0),14/12/23 23:00:00,A,EMP_LFS,T,Y20-64,PC_POP,CZ,2009,70.9,
ESTAT:SDG_08_30(1.0),14/12/23 23:00:00,A,EMP_LFS,T,Y20-64,PC_POP,CZ,2010,70.4,
ESTAT:SDG_08_30(1.0),14/12/23 23:00:00,A,EMP_LFS,T,Y20-64,PC_POP,CZ,2011,70.9,b
ESTAT:SDG_08_30(1.0),14/12/23 23:00:00,A,EMP_LFS,T,Y20-64,PC_POP,CZ,2012,71.5,
ESTAT:SDG_08_30(1.0),14/12/23 23:00:00,A,EMP_LFS,T,Y20-64,PC_POP,CZ,2013,72.5,
ESTAT:SDG_08_30(1.0),14/12/23 23:00:00,A,EMP_LFS,T,Y20-64,PC_POP,CZ,2014,73.5,
ESTAT:SDG_08_30(1.0),14/12/23 23:00:00,A,EMP_LFS,T,Y20-64,PC_POP,CZ,2015,74.8,
ESTAT:SDG_08_30(1.0),14/12/23 23:00:00,A,EMP_LFS,T,Y20-64,PC_POP,CZ,2016,76.7,
ESTAT:SDG_08_30(1.0),14/12/23 23:00:00,A,EMP_LFS,T,Y20-64,PC_POP,CZ,2017,78.5,
ESTAT:SDG_08_30(1.0),14/12/23 23:00:00,A,EMP_LFS,T,Y20-64,PC_POP,CZ,2018,79.9,
ESTAT:SDG_08_30(1.0),14/12/23 23:00:00,A,EMP_LFS,T,Y20-64,PC_POP,CZ,2019,80.3,
ESTAT:SDG_08_30(1.0),14/12/23 23:00:00,A,EMP_LFS,T,Y20-64,PC_POP,CZ,2020,79.7,
ESTAT:SDG_08_30(1.0),14/12/23 23:00:00,A,EMP_LFS,T,Y20-64,PC_POP,CZ,2021,80.0,
ESTAT:SDG_08_30(1.0),14/12/23 23:00:00,A,EMP_LFS,T,Y20-64,PC_POP,CZ,2022,81.3,
ESTAT:SDG_08_30(1.0),14/12/23 23:00:00,A,EMP_LFS,T,Y20-64,PC_POP,DE,2009,73.2,
ESTAT:SDG_08_30(1.0),14/12/23 23:00:00,A,EMP_LFS,T,Y20-64,PC_POP,DE,2010,74.0,b
ESTAT:SDG_08_30(1.0),14/12/23 23:00:00,A,EMP_LFS,T,Y20-64,PC_POP,DE,2011,75.4,b
ESTAT:SDG_08_30(1.0),14/12/23 23:00:00,A,EMP_LFS,T,Y20-64,PC_POP,DE,2012,75.8,
ESTAT:SDG_08_30(1.0),14/12/23 23:00:00,A,EMP_LFS,T,Y20-64,PC_POP,DE,2013,76.3,
ESTAT:SDG_08_30(1.0),14/12/23 23:00:00,A,EMP_LFS,T,Y20-64,PC_POP,DE,2014,76.7,
ESTAT:SDG_08_30(1.0),14/12/23 23:00:00,A,EMP_LFS,T,Y20-64,PC_POP,DE,2015,76.9,
ESTAT:SDG_08_30(1.0),14/12/23 23:00:00,A,EMP_LFS,T,Y20-64,PC_POP,DE,2016,77.6,
ESTAT:SDG_08_30(1.0),14/12/23 23:00:00,A,EMP_LFS,T,Y20-64,PC_POP,DE,2017,78.2,
ESTAT:SDG_08_30(1.0),14/12/23 23:00:00,A,EMP_LFS,T,Y20-64,PC_POP,DE,2018,78.9,
ESTAT:SDG_08_30(1.0),14/12/23 23:00:00,A,EMP_LFS,T,Y20-64,PC_POP,DE,2019,79.6,
ESTAT:SDG_08_30(1.0),14/12/23 23:00:00,A,EMP_LFS,T,Y20-64,PC_POP,DE,2020,78.2,b
ESTAT:SDG_08_30(1.0),14/12/23 23:00:00,A,EMP_LFS,T,Y20-64,PC_POP,DE,2021,79.4,
ESTAT:SDG_08_30(1.0),14/12/23 23:00:00,A,EMP_LFS,T,Y20-64,PC_POP,DE,2022,80.7,
ESTAT:SDG_08_30(1.0),14/12/23 23:00:00,A,EMP_LFS,T,Y20-64,PC_POP,DK,2009,76.1,
ESTAT:SDG_08_30(1.0),14/12/23 23:00:00,A,EMP_LFS,T,Y20-64,PC_POP,DK,2010,74.9,
ESTAT:SDG_08_30(1.0),14/12/23 23:00:00,A,EMP_LFS,T,Y20-64,PC_POP,DK,2011,74.8,
ESTAT:SDG_08_30(1.0),14/12/23 23:00:00,A,EMP_LFS,T,Y20-64,PC_POP,DK,2012,74.3,
ESTAT:SDG_08_30(1.0),14/12/23 23:00:00,A,EMP_LFS,T,Y20-64,PC_POP,DK,2013,74.3,
ESTAT:SDG_08_30(1.0),14/12/23 23:00:00,A,EMP_LFS,T,Y20-64,PC_POP,DK,2014,74.7,
ESTAT:SDG_08_30(1.0),14/12/23 23:00:00,A,EMP_LFS,T,Y20-64,PC_POP,DK,2015,75.4,
ESTAT:SDG_08_30(1.0),14/12/23 23:00:00,A,EMP_LFS,T,Y20-64,PC_POP,DK,2016,76.0,b
ESTAT:SDG_08_30(1.0),14/12/23 23:00:00,A,EMP_LFS,T,Y20-64,PC_POP,DK,2017,76.6,b
ESTAT:SDG_08_30(1.0),14/12/23 23:00:00,A,EMP_LFS,T,Y20-64,PC_POP,DK,2018,77.5,
ESTAT:SDG_08_30(1.0),14/12/23 23:00:00,A,EMP_LFS,T,Y20-64,PC_POP,DK,2019,78.3,
ESTAT:SDG_08_30(1.0),14/12/23 23:00:00,A,EMP_LFS,T,Y20-64,PC_POP,DK,2020,77.8,
ESTAT:SDG_08_30(1.0),14/12/23 23:00:00,A,EMP_LFS,T,Y20-64,PC_POP,DK,2021,79.1,
ESTAT:SDG_08_30(1.0),14/12/23 23:00:00,A,EMP_LFS,T,Y20-64,PC_POP,DK,2022,80.1,
ESTAT:SDG_08_30(1.0),14/12/23 23:00:00,A,EMP_LFS,T,Y20-64,PC_POP,EE,2009,70.5,
ESTAT:SDG_08_30(1.0),14/12/23 23:00:00,A,EMP_LFS,T,Y20-64,PC_POP,EE,2010,67.6,
ESTAT:SDG_08_30(1.0),14/12/23 23:00:00,A,EMP_LFS,T,Y20-64,PC_POP,EE,2011,71.0,
ESTAT:SDG_08_30(1.0),14/12/23 23:00:00,A,EMP_LFS,T,Y20-64,PC_POP,EE,2012,73.1,
ESTAT:SDG_08_30(1.0),14/12/23 23:00:00,A,EMP_LFS,T,Y20-64,PC_POP,EE,2013,74.1,
ESTAT:SDG_08_30(1.0),14/12/23 23:00:00,A,EMP_LFS,T,Y20-64,PC_POP,EE,2014,75.0,
ESTAT:SDG_08_30(1.0),14/12/23 23:00:00,A,EMP_LFS,T,Y20-64,PC_POP,EE,2015,76.7,
ESTAT:SDG_08_30(1.0),14/12/23 23:00:00,A,EMP_LFS,T,Y20-64,PC_POP,EE,2016,77.0,
ESTAT:SDG_08_30(1.0),14/12/23 23:00:00,A,EMP_LFS,T,Y20-64,PC_POP,EE,2017,79.2,
ESTAT:SDG_08_30(1.0),14/12/23 23:00:00,A,EMP_LFS,T,Y20-64,PC_POP,EE,2018,79.7,
ESTAT:SDG_08_30(1.0),14/12/23 23:00:00,A,EMP_LFS,T,Y20-64,PC_POP,EE,2019,80.5,
ESTAT:SDG_08_30(1.0),14/12/23 23:00:00,A,EMP_LFS,T,Y20-64,PC_POP,EE,2020,79.1,
ESTAT:SDG_08_30(1.0),14/12/23 23:00:00,A,EMP_LFS,T,Y20-64,PC_POP,EE,2021,79.3,
ESTAT:SDG_08_30(1.0),14/12/23 23:00:00,A,EMP_LFS,T,Y20-64,PC_POP,EE,2022,81.9,
ESTAT:SDG_08_30(1.0),14/12/23 23:00:00,A,EMP_LFS,T,Y20-64,PC_POP,EL,2009,65.4,
ESTAT:SDG_08_30(1.0),14/12/23 23:00:00,A,EMP_LFS,T,Y20-64,PC_POP,EL,2010,63.5,
ESTAT:SDG_08_30(1.0),14/12/23 23:00:00,A,EMP_LFS,T,Y20-64,PC_POP,EL,2011,59.3,
ESTAT:SDG_08_30(1.0),14/12/23 23:00:00,A,EMP_LFS,T,Y20-64,PC_POP,EL,2012,54.5,
ESTAT:SDG_08_30(1.0),14/12/23 23:00:00,A,EMP_LFS,T,Y20-64,PC_POP,EL,2013,52.5,
ESTAT:SDG_08_30(1.0),14/12/23 23:00:00,A,EMP_LFS,T,Y20-64,PC_POP,EL,2014,53.1,
ESTAT:SDG_08_30(1.0),14/12/23 23:00:00,A,EMP_LFS,T,Y20-64,PC_POP,EL,2015,54.8,
ESTAT:SDG_08_30(1.0),14/12/23 23:00:00,A,EMP_LFS,T,Y20-64,PC_POP,EL,2016,55.9,
ESTAT:SDG_08_30(1.0),14/12/23 23:00:00,A,EMP_LFS,T,Y20-64,PC_POP,EL,2017,57.4,
ESTAT:SDG_08_30(1.0),14/12/23 23:00:00,A,EMP_LFS,T,Y20-64,PC_POP,EL,2018,59.0,
ESTAT:SDG_08_30(1.0),14/12/23 23:00:00,A,EMP_LFS,T,Y20-64,PC_POP,EL,2019,60.8,
ESTAT:SDG_08_30(1.0),14/12/23 23:00:00,A,EMP_LFS,T,Y20-64,PC_POP,EL,2020,58.3,
ESTAT:SDG_08_30(1.0),14/12/23 23:00:00,A,EMP_LFS,T,Y20-64,PC_POP,EL,2021,62.6,
ESTAT:SDG_08_30(1.0),14/12/23 23:00:00,A,EMP_LFS,T,Y20-64,PC_POP,EL,2022,66.3,
ESTAT:SDG_08_30(1.0),14/12/23 23:00:00,A,EMP_LFS,T,Y20-64,PC_POP,ES,2009,64.0,
ESTAT:SDG_08_30(1.0),14/12/23 23:00:00,A,EMP_LFS,T,Y20-64,PC_POP,ES,2010,62.8,
ESTAT:SDG_08_30(1.0),14/12/23 23:00:00,A,EMP_LFS,T,Y20-64,PC_POP,ES,2011,62.0,
ESTAT:SDG_08_30(1.0),14/12/23 23:00:00,A,EMP_LFS,T,Y20-64,PC_POP,ES,2012,59.6,
ESTAT:SDG_08_30(1.0),14/12/23 23:00:00,A,EMP_LFS,T,Y20-64,PC_POP,ES,2013,58.6,
ESTAT:SDG_08_30(1.0),14/12/23 23:00:00,A,EMP_LFS,T,Y20-64,PC_POP,ES,2014,59.9,
ESTAT:SDG_08_30(1.0),14/12/23 23:00:00,A,EMP_LFS,T,Y20-64,PC_POP,ES,2015,62.0,
ESTAT:SDG_08_30(1.0),14/12/23 23:00:00,A,EMP_LFS,T,Y20-64,PC_POP,ES,2016,63.9,
ESTAT:SDG_08_30(1.0),14/12/23 23:00:00,A,EMP_LFS,T,Y20-64,PC_POP,ES,2017,65.5,
ESTAT:SDG_08_30(1.0),14/12/23 23:00:00,A,EMP_LFS,T,Y20-64,PC_POP,ES,2018,67.0,
ESTAT:SDG_08_30(1.0),14/12/23 23:00:00,A,EMP_LFS,T,Y20-64,PC_POP,ES,2019,68.0,
ESTAT:SDG_08_30(1.0),14/12/23 23:00:00,A,EMP_LFS,T,Y20-64,PC_POP,ES,2020,65.7,
ESTAT:SDG_08_30(1.0),14/12/23 23:00:00,A,EMP_LFS,T,Y20-64,PC_POP,ES,2021,67.7,d
ESTAT:SDG_08_30(1.0),14/12/23 23:00:00,A,EMP_LFS,T,Y20-64,PC_POP,ES,2022,69.5,d
ESTAT:SDG_08_30(1.0),14/12/23 23:00:00,A,EMP_LFS,T,Y20-64,PC_POP,FI,2009,72.6,
ESTAT:SDG_08_30(1.0),14/12/23 23:00:00,A,EMP_LFS,T,Y20-64,PC_POP,FI,2010,71.9,
ESTAT:SDG_08_30(1.0),14/12/23 23:00:00,A,EMP_LFS,T,Y20-64,PC_POP,FI,2011,72.7,
ESTAT:SDG_08_30(1.0),14/12/23 23:00:00,A,EMP_LFS,T,Y20-64,PC_POP,FI,2012,73.0,
ESTAT:SDG_08_30(1.0),14/12/23 23:00:00,A,EMP_LFS,T,Y20-64,PC_POP,FI,2013,72.5,
ESTAT:SDG_08_30(1.0),14/12/23 23:00:00,A,EMP_LFS,T,Y20-64,PC_POP,FI,2014,72.2,
ESTAT:SDG_08_30(1.0),14/12/23 23:00:00,A,EMP_LFS,T,Y20-64,PC_POP,FI,2015,71.8,
ESTAT:SDG_08_30(1.0),14/12/23 23:00:00,A,EMP_LFS,T,Y20-64,PC_POP,FI,2016,72.4,
ESTAT:SDG_08_30(1.0),14/12/23 23:00:00,A,EMP_LFS,T,Y20-64,PC_POP,FI,2017,73.2,
ESTAT:SDG_08_30(1.0),14/12/23 23:00:00,A,EMP_LFS,T,Y20-64,PC_POP,FI,2018,75.3,
ESTAT:SDG_08_30(1.0),14/12/23 23:00:00,A,EMP_LFS,T,Y20-64,PC_POP,FI,2019,76.2,
ESTAT:SDG_08_30(1.0),14/12/23 23:00:00,A,EMP_LFS,T,Y20-64,PC_POP,FI,2020,75.5,
ESTAT:SDG_08_30(1.0),14/12/23 23:00:00,A,EMP_LFS,T,Y20-64,PC_POP,FI,2021,76.8,
ESTAT:SDG_08_30(1.0),14/12/23 23:00:00,A,EMP_LFS,T,Y20-64,PC_POP,FI,2022,78.4,
ESTAT:SDG_08_30(1.0),14/12/23 23:00:00,A,EMP_LFS,T,Y20-64,PC_POP,FR,2009,69.8,
ESTAT:SDG_08_30(1.0),14/12/23 23:00:00,A,EMP_LFS,T,Y20-64,PC_POP,FR,2010,69.6,
ESTAT:SDG_08_30(1.0),14/12/23 23:00:00,A,EMP_LFS,T,Y20-64,PC_POP,FR,2011,69.5,
ESTAT:SDG_08_30(1.0),14/12/23 23:00:00,A,EMP_LFS,T,Y20-64,PC_POP,FR,2012,69.7,
ESTAT:SDG_08_30(1.0),14/12/23 23:00:00,A,EMP_LFS,T,Y20-64,PC_POP,FR,2013,69.7,
ESTAT:SDG_08_30(1.0),14/12/23 23:00:00,A,EMP_LFS,T,Y20-64,PC_POP,FR,2014,70.0,
ESTAT:SDG_08_30(1.0),14/12/23 23:00:00,A,EMP_LFS,T,Y20-64,PC_POP,FR,2015,70.3,
ESTAT:SDG_08_30(1.0),14/12/23 23:00:00,A,EMP_LFS,T,Y20-64,PC_POP,FR,2016,70.7,
ESTAT:SDG_08_30(1.0),14/12/23 23:00:00,A,EMP_LFS,T,Y20-64,PC_POP,FR,2017,71.3,
ESTAT:SDG_08_30(1.0),14/12/23 23:00:00,A,EMP_LFS,T,Y20-64,PC_POP,FR,2018,72.0,
ESTAT:SDG_08_30(1.0),14/12/23 23:00:00,A,EMP_LFS,T,Y20-64,PC_POP,FR,2019,72.3,
ESTAT:SDG_08_30(1.0),14/12/23 23:00:00,A,EMP_LFS,T,Y20-64,PC_POP,FR,2020,72.1,
ESTAT:SDG_08_30(1.0),14/12/23 23:00:00,A,EMP_LFS,T,Y20-64,PC_POP,FR,2021,73.2,d
ESTAT:SDG_08_30(1.0),14/12/23 23:00:00,A,EMP_LFS,T,Y20-64,PC_POP,FR,2022,74.0,d
ESTAT:SDG_08_30(1.0),14/12/23 23:00:00,A,EMP_LFS,T,Y20-64,PC_POP,HR,2009,64.2,
ESTAT:SDG_08_30(1.0),14/12/23 23:00:00,A,EMP_LFS,T,Y20-64,PC_POP,HR,2010,62.1,
ESTAT:SDG_08_30(1.0),14/12/23 23:00:00,A,EMP_LFS,T,Y20-64,PC_POP,HR,2011,59.8,
ESTAT:SDG_08_30(1.0),14/12/23 23:00:00,A,EMP_LFS,T,Y20-64,PC_POP,HR,2012,58.1,
ESTAT:SDG_08_30(1.0),14/12/23 23:00:00,A,EMP_LFS,T,Y20-64,PC_POP,HR,2013,57.2,
ESTAT:SDG_08_30(1.0),14/12/23 23:00:00,A,EMP_LFS,T,Y20-64,PC_POP,HR,2014,59.2,
ESTAT:SDG_08_30(1.0),14/12/23 23:00:00,A,EMP_LFS,T,Y20-64,PC_POP,HR,2015,60.6,
ESTAT:SDG_08_30(1.0),14/12/23 23:00:00,A,EMP_LFS,T,Y20-64,PC_POP,HR,2016,61.4,
ESTAT:SDG_08_30(1.0),14/12/23 23:00:00,A,EMP_LFS,T,Y20-64,PC_POP,HR,2017,63.6,
ESTAT:SDG_08_30(1.0),14/12/23 23:00:00,A,EMP_LFS,T,Y20-64,PC_POP,HR,2018,65.2,
ESTAT:SDG_08_30(1.0),14/12/23 23:00:00,A,EMP_LFS,T,Y20-64,PC_POP,HR,2019,66.7,
ESTAT:SDG_08_30(1.0),14/12/23 23:00:00,A,EMP_LFS,T,Y20-64,PC_POP,HR,2020,66.9,
ESTAT:SDG_08_30(1.0),14/12/23 23:00:00,A,EMP_LFS,T,Y20-64,PC_POP,HR,2021,68.2,
ESTAT:SDG_08_30(1.0),14/12/23 23:00:00,A,EMP_LFS,T,Y20-64,PC_POP,HR,2022,69.7,
ESTAT:SDG_08_30(1.0),14/12/23 23:00:00,A,EMP_LFS,T,Y20-64,PC_POP,HU,2009,62.5,
ESTAT:SDG_08_30(1.0),14/12/23 23:00:00,A,EMP_LFS,T,Y20-64,PC_POP,HU,2010,62.2,
ESTAT:SDG_08_30(1.0),14/12/23 23:00:00,A,EMP_LFS,T,Y20-64,PC_POP,HU,2011,62.8,
ESTAT:SDG_08_30(1.0),14/12/23 23:00:00,A,EMP_LFS,T,Y20-64,PC_POP,HU,2012,63.8,
ESTAT:SDG_08_30(1.0),14/12/23 23:00:00,A,EMP_LFS,T,Y20-64,PC_POP,HU,2013,65.2,
ESTAT:SDG_08_30(1.0),14/12/23 23:00:00,A,EMP_LFS,T,Y20-64,PC_POP,HU,2014,68.7,
ESTAT:SDG_08_30(1.0),14/12/23 23:00:00,A,EMP_LFS,T,Y20-64,PC_POP,HU,2015,70.9,
ESTAT:SDG_08_30(1.0),14/12/23 23:00:00,A,EMP_LFS,T,Y20-64,PC_POP,HU,2016,73.7,
ESTAT:SDG_08_30(1.0),14/12/23 23:00:00,A,EMP_LFS,T,Y20-64,PC_POP,HU,2017,75.4,
ESTAT:SDG_08_30(1.0),14/12/23 23:00:00,A,EMP_LFS,T,Y20-64,PC_POP,HU,2018,76.7,
ESTAT:SDG_08_30(1.0),14/12/23 23:00:00,A,EMP_LFS,T,Y20-64,PC_POP,HU,2019,77.6,
ESTAT:SDG_08_30(1.0),14/12/23 23:00:00,A,EMP_LFS,T,Y20-64,PC_POP,HU,2020,77.5,
ESTAT:SDG_08_30(1.0),14/12/23 23:00:00,A,EMP_LFS,T,Y20-64,PC_POP,HU,2021,78.8,
ESTAT:SDG_08_30(1.0),14/12/23 23:00:00,A,EMP_LFS,T,Y20-64,PC_POP,HU,2022,80.2,
ESTAT:SDG_08_30(1.0),14/12/23 23:00:00,A,EMP_LFS,T,Y20-64,PC_POP,IE,2009,68.0,
ESTAT:SDG_08_30(1.0),14/12/23 23:00:00,A,EMP_LFS,T,Y20-64,PC_POP,IE,2010,65.5,
ESTAT:SDG_08_30(1.0),14/12/23 23:00:00,A,EMP_LFS,T,Y20-64,PC_POP,IE,2011,64.5,
ESTAT:SDG_08_30(1.0),14/12/23 23:00:00,A,EMP_LFS,T,Y20-64,PC_POP,IE,2012,64.5,
ESTAT:SDG_08_30(1.0),14/12/23 23:00:00,A,EMP_LFS,T,Y20-64,PC_POP,IE,2013,66.5,
ESTAT:SDG_08_30(1.0),14/12/23 23:00:00,A,EMP_LFS,T,Y20-64,PC_POP,IE,2014,68.1,
ESTAT:SDG_08_30(1.0),14/12/23 23:00:00,A,EMP_LFS,T,Y20-64,PC_POP,IE,2015,69.8,
ESTAT:SDG_08_30(1.0),14/12/23 23:00:00,A,EMP_LFS,T,Y20-64,PC_POP,IE,2016,71.3,
ESTAT:SDG_08_30(1.0),14/12/23 23:00:00,A,EMP_LFS,T,Y20-64,PC_POP,IE,2017,72.9,
ESTAT:SDG_08_30(1.0),14/12/23 23:00:00,A,EMP_LFS,T,Y20-64,PC_POP,IE,2018,74.0,
ESTAT:SDG_08_30(1.0),14/12/23 23:00:00,A,EMP_LFS,T,Y20-64,PC_POP,IE,2019,75.0,
ESTAT:SDG_08_30(1.0),14/12/23 23:00:00,A,EMP_LFS,T,Y20-64,PC_POP,IE,2020,72.1,
ESTAT:SDG_08_30(1.0),14/12/23 23:00:00,A,EMP_LFS,T,Y20-64,PC_POP,IE,2021,74.9,
ESTAT:SDG_08_30(1.0),14/12/23 23:00:00,A,EMP_LFS,T,Y20-64,PC_POP,IE,2022,78.2,
ESTAT:SDG_08_30(1.0),14/12/23 23:00:00,A,EMP_LFS,T,Y20-64,PC_POP,IS,2009,80.6,
ESTAT:SDG_08_30(1.0),14/12/23 23:00:00,A,EMP_LFS,T,Y20-64,PC_POP,IS,2010,80.4,
ESTAT:SDG_08_30(1.0),14/12/23 23:00:00,A,EMP_LFS,T,Y20-64,PC_POP,IS,2011,80.6,
ESTAT:SDG_08_30(1.0),14/12/23 23:00:00,A,EMP_LFS,T,Y20-64,PC_POP,IS,2012,81.8,
ESTAT:SDG_08_30(1.0),14/12/23 23:00:00,A,EMP_LFS,T,Y20-64,PC_POP,IS,2013,82.8,
ESTAT:SDG_08_30(1.0),14/12/23 23:00:00,A,EMP_LFS,T,Y20-64,PC_POP,IS,2014,84.9,
ESTAT:SDG_08_30(1.0),14/12/23 23:00:00,A,EMP_LFS,T,Y20-64,PC_POP,IS,2015,86.5,
ESTAT:SDG_08_30(1.0),14/12/23 23:00:00,A,EMP_LFS,T,Y20-64,PC_POP,IS,2016,87.8,
ESTAT:SDG_08_30(1.0),14/12/23 23:00:00,A,EMP_LFS,T,Y20-64,PC_POP,IS,2017,87.6,
ESTAT:SDG_08_30(1.0),14/12/23 23:00:00,A,EMP_LFS,T,Y20-64,PC_POP,IS,2018,86.5,
ESTAT:SDG_08_30(1.0),14/12/23 23:00:00,A,EMP_LFS,T,Y20-64,PC_POP,IS,2019,85.9,
ESTAT:SDG_08_30(1.0),14/12/23 23:00:00,A,EMP_LFS,T,Y20-64,PC_POP,IS,2020,82.3,b
ESTAT:SDG_08_30(1.0),14/12/23 23:00:00,A,EMP_LFS,T,Y20-64,PC_POP,IS,2021,81.4,
ESTAT:SDG_08_30(1.0),14/12/23 23:00:00,A,EMP_LFS,T,Y20-64,PC_POP,IS,2022,84.8,
ESTAT:SDG_08_30(1.0),14/12/23 23:00:00,A,EMP_LFS,T,Y20-64,PC_POP,IT,2009,61.1,
ESTAT:SDG_08_30(1.0),14/12/23 23:00:00,A,EMP_LFS,T,Y20-64,PC_POP,IT,2010,60.5,
ESTAT:SDG_08_30(1.0),14/12/23 23:00:00,A,EMP_LFS,T,Y20-64,PC_POP,IT,2011,60.5,
ESTAT:SDG_08_30(1.0),14/12/23 23:00:00,A,EMP_LFS,T,Y20-64,PC_POP,IT,2012,60.2,
ESTAT:SDG_08_30(1.0),14/12/23 23:00:00,A,EMP_LFS,T,Y20-64,PC_POP,IT,2013,59.1,
ESTAT:SDG_08_30(1.0),14/12/23 23:00:00,A,EMP_LFS,T,Y20-64,PC_POP,IT,2014,59.5,
ESTAT:SDG_08_30(1.0),14/12/23 23:00:00,A,EMP_LFS,T,Y20-64,PC_POP,IT,2015,60.2,
ESTAT:SDG_08_30(1.0),14/12/23 23:00:00,A,EMP_LFS,T,Y20-64,PC_POP,IT,2016,61.4,
ESTAT:SDG_08_30(1.0),14/12/23 23:00:00,A,EMP_LFS,T,Y20-64,PC_POP,IT,2017,62.3,
ESTAT:SDG_08_30(1.0),14/12/23 23:00:00,A,EMP_LFS,T,Y20-64,PC_POP,IT,2018,63.0,
ESTAT:SDG_08_30(1.0),14/12/23 23:00:00,A,EMP_LFS,T,Y20-64,PC_POP,IT,2019,63.5,
ESTAT:SDG_08_30(1.0),14/12/23 23:00:00,A,EMP_LFS,T,Y20-64,PC_POP,IT,2020,61.9,
ESTAT:SDG_08_30(1.0),14/12/23 23:00:00,A,EMP_LFS,T,Y20-64,PC_POP,IT,2021,62.7,
ESTAT:SDG_08_30(1.0),14/12/23 23:00:00,A,EMP_LFS,T,Y20-64,PC_POP,IT,2022,64.8,
ESTAT:SDG_08_30(1.0),14/12/23 23:00:00,A,EMP_LFS,T,Y20-64,PC_POP,LT,2009,67.0,
ESTAT:SDG_08_30(1.0),14/12/23 23:00:00,A,EMP_LFS,T,Y20-64,PC_POP,LT,2010,64.3,
ESTAT:SDG_08_30(1.0),14/12/23 23:00:00,A,EMP_LFS,T,Y20-64,PC_POP,LT,2011,66.9,
ESTAT:SDG_08_30(1.0),14/12/23 23:00:00,A,EMP_LFS,T,Y20-64,PC_POP,LT,2012,68.5,
ESTAT:SDG_08_30(1.0),14/12/23 23:00:00,A,EMP_LFS,T,Y20-64,PC_POP,LT,2013,69.9,
ESTAT:SDG_08_30(1.0),14/12/23 23:00:00,A,EMP_LFS,T,Y20-64,PC_POP,LT,2014,71.8,
ESTAT:SDG_08_30(1.0),14/12/23 23:00:00,A,EMP_LFS,T,Y20-64,PC_POP,LT,2015,73.3,
ESTAT:SDG_08_30(1.0),14/12/23 23:00:00,A,EMP_LFS,T,Y20-64,PC_POP,LT,2016,75.2,
ESTAT:SDG_08_30(1.0),14/12/23 23:00:00,A,EMP_LFS,T,Y20-64,PC_POP,LT,2017,76.0,
ESTAT:SDG_08_30(1.0),14/12/23 23:00:00,A,EMP_LFS,T,Y20-64,PC_POP,LT,2018,77.8,
ESTAT:SDG_08_30(1.0),14/12/23 23:00:00,A,EMP_LFS,T,Y20-64,PC_POP,LT,2019,78.2,
ESTAT:SDG_08_30(1.0),14/12/23 23:00:00,A,EMP_LFS,T,Y20-64,PC_POP,LT,2020,76.7,
ESTAT:SDG_08_30(1.0),14/12/23 23:00:00,A,EMP_LFS,T,Y20-64,PC_POP,LT,2021,77.4,
ESTAT:SDG_08_30(1.0),14/12/23 23:00:00,A,EMP_LFS,T,Y20-64,PC_POP,LT,2022,79.0,
ESTAT:SDG_08_30(1.0),14/12/23 23:00:00,A,EMP_LFS,T,Y20-64,PC_POP,LU,2009,70.4,
ESTAT:SDG_08_30(1.0),14/12/23 23:00:00,A,EMP_LFS,T,Y20-64,PC_POP,LU,2010,70.7,
ESTAT:SDG_08_30(1.0),14/12/23 23:00:00,A,EMP_LFS,T,Y20-64,PC_POP,LU,2011,70.1,
ESTAT:SDG_08_30(1.0),14/12/23 23:00:00,A,EMP_LFS,T,Y20-64,PC_POP,LU,2012,71.4,
ESTAT:SDG_08_30(1.0),14/12/23 23:00:00,A,EMP_LFS,T,Y20-64,PC_POP,LU,2013,71.1,
ESTAT:SDG_08_30(1.0),14/12/23 23:00:00,A,EMP_LFS,T,Y20-64,PC_POP,LU,2014,72.1,
ESTAT:SDG_08_30(1.0),14/12/23 23:00:00,A,EMP_LFS,T,Y20-64,PC_POP,LU,2015,70.9,b
ESTAT:SDG_08_30(1.0),14/12/23 23:00:00,A,EMP_LFS,T,Y20-64,PC_POP,LU,2016,70.7,
ESTAT:SDG_08_30(1.0),14/12/23 23:00:00,A,EMP_LFS,T,Y20-64,PC_POP,LU,2017,71.5,
ESTAT:SDG_08_30(1.0),14/12/23 23:00:00,A,EMP_LFS,T,Y20-64,PC_POP,LU,2018,72.1,
ESTAT:SDG_08_30(1.0),14/12/23 23:00:00,A,EMP_LFS,T,Y20-64,PC_POP,LU,2019,72.8,
ESTAT:SDG_08_30(1.0),14/12/23 23:00:00,A,EMP_LFS,T,Y20-64,PC_POP,LU,2020,72.1,
ESTAT:SDG_08_30(1.0),14/12/23 23:00:00,A,EMP_LFS,T,Y20-64,PC_POP,LU,2021,74.1,
ESTAT:SDG_08_30(1.0),14/12/23 23:00:00,A,EMP_LFS,T,Y20-64,PC_POP,LU,2022,74.8,
ESTAT:SDG_08_30(1.0),14/12/23 23:00:00,A,EMP_LFS,T,Y20-64,PC_POP,LV,2009,66.3,
ESTAT:SDG_08_30(1.0),14/12/23 23:00:00,A,EMP_LFS,T,Y20-64,PC_POP,LV,2010,63.9,
ESTAT:SDG_08_30(1.0),14/12/23 23:00:00,A,EMP_LFS,T,Y20-64,PC_POP,LV,2011,66.1,
ESTAT:SDG_08_30(1.0),14/12/23 23:00:00,A,EMP_LFS,T,Y20-64,PC_POP,LV,2012,67.9,
ESTAT:SDG_08_30(1.0),14/12/23 23:00:00,A,EMP_LFS,T,Y20-64,PC_POP,LV,2013,69.5,
ESTAT:SDG_08_30(1.0),14/12/23 23:00:00,A,EMP_LFS,T,Y20-64,PC_POP,LV,2014,70.6,
ESTAT:SDG_08_30(1.0),14/12/23 23:00:00,A,EMP_LFS,T,Y20-64,PC_POP,LV,2015,72.5,
ESTAT:SDG_08_30(1.0),14/12/23 23:00:00,A,EMP_LFS,T,Y20-64,PC_POP,LV,2016,73.0,
ESTAT:SDG_08_30(1.0),14/12/23 23:00:00,A,EMP_LFS,T,Y20-64,PC_POP,LV,2017,74.6,
ESTAT:SDG_08_30(1.0),14/12/23 23:00:00,A,EMP_LFS,T,Y20-64,PC_POP,LV,2018,76.8,
ESTAT:SDG_08_30(1.0),14/12/23 23:00:00,A,EMP_LFS,T,Y20-64,PC_POP,LV,2019,77.3,
ESTAT:SDG_08_30(1.0),14/12/23 23:00:00,A,EMP_LFS,T,Y20-64,PC_POP,LV,2020,76.9,
ESTAT:SDG_08_30(1.0),14/12/23 23:00:00,A,EMP_LFS,T,Y20-64,PC_POP,LV,2021,75.3,
ESTAT:SDG_08_30(1.0),14/12/23 23:00:00,A,EMP_LFS,T,Y20-64,PC_POP,LV,2022,77.0,
ESTAT:SDG_08_30(1.0),14/12/23 23:00:00,A,EMP_LFS,T,Y20-64,PC_POP,ME,2011,50.7,
ESTAT:SDG_08_30(1.0),14/12/23 23:00:00,A,EMP_LFS,T,Y20-64,PC_POP,ME,2012,52.0,
ESTAT:SDG_08_30(1.0),14/12/23 23:00:00,A,EMP_LFS,T,Y20-64,PC_POP,ME,2013,52.7,
ESTAT:SDG_08_30(1.0),14/12/23 23:00:00,A,EMP_LFS,T,Y20-64,PC_POP,ME,2014,55.6,
ESTAT:SDG_08_30(1.0),14/12/23 23:00:00,A,EMP_LFS,T,Y20-64,PC_POP,ME,2015,56.7,
ESTAT:SDG_08_30(1.0),14/12/23 23:00:00,A,EMP_LFS,T,Y20-64,PC_POP,ME,2016,57.1,
ESTAT:SDG_08_30(1.0),14/12/23 23:00:00,A,EMP_LFS,T,Y20-64,PC_POP,ME,2017,58.2,
ESTAT:SDG_08_30(1.0),14/12/23 23:00:00,A,EMP_LFS,T,Y20-64,PC_POP,ME,2018,59.8,
ESTAT:SDG_08_30(1.0),14/12/23 23:00:00,A,EMP_LFS,T,Y20-64,PC_POP,ME,2019,60.8,
ESTAT:SDG_08_30(1.0),14/12/23 23:00:00,A,EMP_LFS,T,Y20-64,PC_POP,ME,2020,55.2,
ESTAT:SDG_08_30(1.0),14/12/23 23:00:00,A,EMP_LFS,T,Y20-64,PC_POP,MK,2009,47.9,
ESTAT:SDG_08_30(1.0),14/12/23 23:00:00,A,EMP_LFS,T,Y20-64,PC_POP,MK,2010,48.1,
ESTAT:SDG_08_30(1.0),14/12/23 23:00:00,A,EMP_LFS,T,Y20-64,PC_POP,MK,2011,48.4,
ESTAT:SDG_08_30(1.0),14/12/23 23:00:00,A,EMP_LFS,T,Y20-64,PC_POP,MK,2012,48.2,
ESTAT:SDG_08_30(1.0),14/12/23 23:00:00,A,EMP_LFS,T,Y20-64,PC_POP,MK,2013,50.3,
ESTAT:SDG_08_30(1.0),14/12/23 23:00:00,A,EMP_LFS,T,Y20-64,PC_POP,MK,2014,51.3,
ESTAT:SDG_08_30(1.0),14/12/23 23:00:00,A,EMP_LFS,T,Y20-64,PC_POP,MK,2015,51.9,
ESTAT:SDG_08_30(1.0),14/12/23 23:00:00,A,EMP_LFS,T,Y20-64,PC_POP,MK,2016,53.3,
ESTAT:SDG_08_30(1.0),14/12/23 23:00:00,A,EMP_LFS,T,Y20-64,PC_POP,MK,2017,54.8,
ESTAT:SDG_08_30(1.0),14/12/23 23:00:00,A,EMP_LFS,T,Y20-64,PC_POP,MK,2018,56.1,
ESTAT:SDG_08_30(1.0),14/12/23 23:00:00,A,EMP_LFS,T,Y20-64,PC_POP,MK,2019,59.2,
ESTAT:SDG_08_30(1.0),14/12/23 23:00:00,A,EMP_LFS,T,Y20-64,PC_POP,MK,2020,59.1,
ESTAT:SDG_08_30(1.0),14/12/23 23:00:00,A,EMP_LFS,T,Y20-64,PC_POP,MT,2009,59.0,
ESTAT:SDG_08_30(1.0),14/12/23 23:00:00,A,EMP_LFS,T,Y20-64,PC_POP,MT,2010,60.1,
ESTAT:SDG_08_30(1.0),14/12/23 23:00:00,A,EMP_LFS,T,Y20-64,PC_POP,MT,2011,61.6,
ESTAT:SDG_08_30(1.0),14/12/23 23:00:00,A,EMP_LFS,T,Y20-64,PC_POP,MT,2012,63.9,
ESTAT:SDG_08_30(1.0),14/12/23 23:00:00,A,EMP_LFS,T,Y20-64,PC_POP,MT,2013,66.2,
ESTAT:SDG_08_30(1.0),14/12/23 23:00:00,A,EMP_LFS,T,Y20-64,PC_POP,MT,2014,67.9,
ESTAT:SDG_08_30(1.0),14/12/23 23:00:00,A,EMP_LFS,T,Y20-64,PC_POP,MT,2015,69.0,
ESTAT:SDG_08_30(1.0),14/12/23 23:00:00,A,EMP_LFS,T,Y20-64,PC_POP,MT,2016,71.1,
ESTAT:SDG_08_30(1.0),14/12/23 23:00:00,A,EMP_LFS,T,Y20-64,PC_POP,MT,2017,73.0,
ESTAT:SDG_08_30(1.0),14/12/23 23:00:00,A,EMP_LFS,T,Y20-64,PC_POP,MT,2018,75.5,
ESTAT:SDG_08_30(1.0),14/12/23 23:00:00,A,EMP_LFS,T,Y20-64,PC_POP,MT,2019,76.8,
ESTAT:SDG_08_30(1.0),14/12/23 23:00:00,A,EMP_LFS,T,Y20-64,PC_POP,MT,2020,77.3,
ESTAT:SDG_08_30(1.0),14/12/23 23:00:00,A,EMP_LFS,T,Y20-64,PC_POP,MT,2021,79.1,
ESTAT:SDG_08_30(1.0),14/12/23 23:00:00,A,EMP_LFS,T,Y20-64,PC_POP,MT,2022,81.1,
ESTAT:SDG_08_30(1.0),14/12/23 23:00:00,A,EMP_LFS,T,Y20-64,PC_POP,NL,2009,77.6,
ESTAT:SDG_08_30(1.0),14/12/23 23:00:00,A,EMP_LFS,T,Y20-64,PC_POP,NL,2010,77.0,
ESTAT:SDG_08_30(1.0),14/12/23 23:00:00,A,EMP_LFS,T,Y20-64,PC_POP,NL,2011,77.2,
ESTAT:SDG_08_30(1.0),14/12/23 23:00:00,A,EMP_LFS,T,Y20-64,PC_POP,NL,2012,77.5,
ESTAT:SDG_08_30(1.0),14/12/23 23:00:00,A,EMP_LFS,T,Y20-64,PC_POP,NL,2013,76.7,
ESTAT:SDG_08_30(1.0),14/12/23 23:00:00,A,EMP_LFS,T,Y20-64,PC_POP,NL,2014,76.3,
ESTAT:SDG_08_30(1.0),14/12/23 23:00:00,A,EMP_LFS,T,Y20-64,PC_POP,NL,2015,77.2,
ESTAT:SDG_08_30(1.0),14/12/23 23:00:00,A,EMP_LFS,T,Y20-64,PC_POP,NL,2016,77.9,
ESTAT:SDG_08_30(1.0),14/12/23 23:00:00,A,EMP_LFS,T,Y20-64,PC_POP,NL,2017,78.9,
ESTAT:SDG_08_30(1.0),14/12/23 23:00:00,A,EMP_LFS,T,Y20-64,PC_POP,NL,2018,80.0,
ESTAT:SDG_08_30(1.0),14/12/23 23:00:00,A,EMP_LFS,T,Y20-64,PC_POP,NL,2019,81.0,
ESTAT:SDG_08_30(1.0),14/12/23 23:00:00,A,EMP_LFS,T,Y20-64,PC_POP,NL,2020,80.8,
ESTAT:SDG_08_30(1.0),14/12/23 23:00:00,A,EMP_LFS,T,Y20-64,PC_POP,NL,2021,81.7,
ESTAT:SDG_08_30(1.0),14/12/23 23:00:00,A,EMP_LFS,T,Y20-64,PC_POP,NL,2022,82.9,
ESTAT:SDG_08_30(1.0),14/12/23 23:00:00,A,EMP_LFS,T,Y20-64,PC_POP,NO,2009,80.9,
ESTAT:SDG_08_30(1.0),14/12/23 23:00:00,A,EMP_LFS,T,Y20-64,PC_POP,NO,2010,80.0,
ESTAT:SDG_08_30(1.0),14/12/23 23:00:00,A,EMP_LFS,T,Y20-64,PC_POP,NO,2011,80.4,
ESTAT:SDG_08_30(1.0),14/12/23 23:00:00,A,EMP_LFS,T,Y20-64,PC_POP,NO,2012,80.4,
ESTAT:SDG_08_30(1.0),14/12/23 23:00:00,A,EMP_LFS,T,Y20-64,PC_POP,NO,2013,80.2,
ESTAT:SDG_08_30(1.0),14/12/23 23:00:00,A,EMP_LFS,T,Y20-64,PC_POP,NO,2014,80.1,
ESTAT:SDG_08_30(1.0),14/12/23 23:00:00,A,EMP_LFS,T,Y20-64,PC_POP,NO,2015,79.7,
ESTAT:SDG_08_30(1.0),14/12/23 23:00:00,A,EMP_LFS,T,Y20-64,PC_POP,NO,2016,79.4,
ESTAT:SDG_08_30(1.0),14/12/23 23:00:00,A,EMP_LFS,T,Y20-64,PC_POP,NO,2017,79.2,
ESTAT:SDG_08_30(1.0),14/12/23 23:00:00,A,EMP_LFS,T,Y20-64,PC_POP,NO,2018,80.0,
ESTAT:SDG_08_30(1.0),14/12/23 23:00:00,A,EMP_LFS,T,Y20-64,PC_POP,NO,2019,80.2,
ESTAT:SDG_08_30(1.0),14/12/23 23:00:00,A,EMP_LFS,T,Y20-64,PC_POP,NO,2020,79.7,
ESTAT:SDG_08_30(1.0),14/12/23 23:00:00,A,EMP_LFS,T,Y20-64,PC_POP,NO,2021,80.0,
ESTAT:SDG_08_30(1.0),14/12/23 23:00:00,A,EMP_LFS,T,Y20-64,PC_POP,NO,2022,80.9,
ESTAT:SDG_08_30(1.0),14/12/23 23:00:00,A,EMP_LFS,T,Y20-64,PC_POP,PL,2009,62.6,
ESTAT:SDG_08_30(1.0),14/12/23 23:00:00,A,EMP_LFS,T,Y20-64,PC_POP,PL,2010,62.2,b
ESTAT:SDG_08_30(1.0),14/12/23 23:00:00,A,EMP_LFS,T,Y20-64,PC_POP,PL,2011,62.5,
ESTAT:SDG_08_30(1.0),14/12/23 23:00:00,A,EMP_LFS,T,Y20-64,PC_POP,PL,2012,62.9,
ESTAT:SDG_08_30(1.0),14/12/23 23:00:00,A,EMP_LFS,T,Y20-64,PC_POP,PL,2013,63.2,
ESTAT:SDG_08_30(1.0),14/12/23 23:00:00,A,EMP_LFS,T,Y20-64,PC_POP,PL,2014,64.9,
ESTAT:SDG_08_30(1.0),14/12/23 23:00:00,A,EMP_LFS,T,Y20-64,PC_POP,PL,2015,66.3,
ESTAT:SDG_08_30(1.0),14/12/23 23:00:00,A,EMP_LFS,T,Y20-64,PC_POP,PL,2016,68.2,
ESTAT:SDG_08_30(1.0),14/12/23 23:00:00,A,EMP_LFS,T,Y20-64,PC_POP,PL,2017,70.0,
ESTAT:SDG_08_30(1.0),14/12/23 23:00:00,A,EMP_LFS,T,Y20-64,PC_POP,PL,2018,71.4,
ESTAT:SDG_08_30(1.0),14/12/23 23:00:00,A,EMP_LFS,T,Y20-64,PC_POP,PL,2019,72.3,
ESTAT:SDG_08_30(1.0),14/12/23 23:00:00,A,EMP_LFS,T,Y20-64,PC_POP,PL,2020,72.7,
ESTAT:SDG_08_30(1.0),14/12/23 23:00:00,A,EMP_LFS,T,Y20-64,PC_POP,PL,2021,75.4,
ESTAT:SDG_08_30(1.0),14/12/23 23:00:00,A,EMP_LFS,T,Y20-64,PC_POP,PL,2022,76.7,
ESTAT:SDG_08_30(1.0),14/12/23 23:00:00,A,EMP_LFS,T,Y20-64,PC_POP,PT,2009,67.6,
ESTAT:SDG_08_30(1.0),14/12/23 23:00:00,A,EMP_LFS,T,Y20-64,PC_POP,PT,2010,66.9,
ESTAT:SDG_08_30(1.0),14/12/23 23:00:00,A,EMP_LFS,T,Y20-64,PC_POP,PT,2011,66.7,
ESTAT:SDG_08_30(1.0),14/12/23 23:00:00,A,EMP_LFS,T,Y20-64,PC_POP,PT,2012,64.0,
ESTAT:SDG_08_30(1.0),14/12/23 23:00:00,A,EMP_LFS,T,Y20-64,PC_POP,PT,2013,63.4,
ESTAT:SDG_08_30(1.0),14/12/23 23:00:00,A,EMP_LFS,T,Y20-64,PC_POP,PT,2014,66.1,
ESTAT:SDG_08_30(1.0),14/12/23 23:00:00,A,EMP_LFS,T,Y20-64,PC_POP,PT,2015,67.9,
ESTAT:SDG_08_30(1.0),14/12/23 23:00:00,A,EMP_LFS,T,Y20-64,PC_POP,PT,2016,69.5,
ESTAT:SDG_08_30(1.0),14/12/23 23:00:00,A,EMP_LFS,T,Y20-64,PC_POP,PT,2017,72.5,
ESTAT:SDG_08_30(1.0),14/12/23 23:00:00,A,EMP_LFS,T,Y20-64,PC_POP,PT,2018,74.7,
ESTAT:SDG_08_30(1.0),14/12/23 23:00:00,A,EMP_LFS,T,Y20-64,PC_POP,PT,2019,75.5,
ESTAT:SDG_08_30(1.0),14/12/23 23:00:00,A,EMP_LFS,T,Y20-64,PC_POP,PT,2020,74.2,
ESTAT:SDG_08_30(1.0),14/12/23 23:00:00,A,EMP_LFS,T,Y20-64,PC_POP,PT,2021,75.5,
ESTAT:SDG_08_30(1.0),14/12/23 23:00:00,A,EMP_LFS,T,Y20-64,PC_POP,PT,2022,77.1,
ESTAT:SDG_08_30(1.0),14/12/23 23:00:00,A,EMP_LFS,T,Y20-64,PC_POP,RO,2009,53.9,
ESTAT:SDG_08_30(1.0),14/12/23 23:00:00,A,EMP_LFS,T,Y20-64,PC_POP,RO,2010,56.3,
ESTAT:SDG_08_30(1.0),14/12/23 23:00:00,A,EMP_LFS,T,Y20-64,PC_POP,RO,2011,56.0,
ESTAT:SDG_08_30(1.0),14/12/23 23:00:00,A,EMP_LFS,T,Y20-64,PC_POP,RO,2012,56.8,
ESTAT:SDG_08_30(1.0),14/12/23 23:00:00,A,EMP_LFS,T,Y20-64,PC_POP,RO,2013,56.9,
ESTAT:SDG_08_30(1.0),14/12/23 23:00:00,A,EMP_LFS,T,Y20-64,PC_POP,RO,2014,58.0,
ESTAT:SDG_08_30(1.0),14/12/23 23:00:00,A,EMP_LFS,T,Y20-64,PC_POP,RO,2015,59.2,
ESTAT:SDG_08_30(1.0),14/12/23 23:00:00,A,EMP_LFS,T,Y20-64,PC_POP,RO,2016,60.3,
ESTAT:SDG_08_30(1.0),14/12/23 23:00:00,A,EMP_LFS,T,Y20-64,PC_POP,RO,2017,62.7,
ESTAT:SDG_08_30(1.0),14/12/23 23:00:00,A,EMP_LFS,T,Y20-64,PC_POP,RO,2018,63.9,
ESTAT:SDG_08_30(1.0),14/12/23 23:00:00,A,EMP_LFS,T,Y20-64,PC_POP,RO,2019,65.1,
ESTAT:SDG_08_30(1.0),14/12/23 23:00:00,A,EMP_LFS,T,Y20-64,PC_POP,RO,2020,65.2,
ESTAT:SDG_08_30(1.0),14/12/23 23:00:00,A,EMP_LFS,T,Y20-64,PC_POP,RO,2021,67.1,
ESTAT:SDG_08_30(1.0),14/12/23 23:00:00,A,EMP_LFS,T,Y20-64,PC_POP,RO,2022,68.5,
ESTAT:SDG_08_30(1.0),14/12/23 23:00:00,A,EMP_LFS,T,Y20-64,PC_POP,RS,2010,53.3,
ESTAT:SDG_08_30(1.0),14/12/23 23:00:00,A,EMP_LFS,T,Y20-64,PC_POP,RS,2011,51.2,
ESTAT:SDG_08_30(1.0),14/12/23 23:00:00,A,EMP_LFS,T,Y20-64,PC_POP,RS,2012,51.0,
ESTAT:SDG_08_30(1.0),14/12/23 23:00:00,A,EMP_LFS,T,Y20-64,PC_POP,RS,2013,53.4,
ESTAT:SDG_08_30(1.0),14/12/23 23:00:00,A,EMP_LFS,T,Y20-64,PC_POP,RS,2014,53.5,
ESTAT:SDG_08_30(1.0),14/12/23 23:00:00,A,EMP_LFS,T,Y20-64,PC_POP,RS,2015,54.7,
ESTAT:SDG_08_30(1.0),14/12/23 23:00:00,A,EMP_LFS,T,Y20-64,PC_POP,RS,2016,57.6,
ESTAT:SDG_08_30(1.0),14/12/23 23:00:00,A,EMP_LFS,T,Y20-64,PC_POP,RS,2017,60.0,
ESTAT:SDG_08_30(1.0),14/12/23 23:00:00,A,EMP_LFS,T,Y20-64,PC_POP,RS,2018,61.6,
ESTAT:SDG_08_30(1.0),14/12/23 23:00:00,A,EMP_LFS,T,Y20-64,PC_POP,RS,2019,63.6,
ESTAT:SDG_08_30(1.0),14/12/23 23:00:00,A,EMP_LFS,T,Y20-64,PC_POP,RS,2020,64.3,
ESTAT:SDG_08_30(1.0),14/12/23 23:00:00,A,EMP_LFS,T,Y20-64,PC_POP,RS,2021,66.7,
ESTAT:SDG_08_30(1.0),14/12/23 23:00:00,A,EMP_LFS,T,Y20-64,PC_POP,RS,2022,69.3,
ESTAT:SDG_08_30(1.0),14/12/23 23:00:00,A,EMP_LFS,T,Y20-64,PC_POP,SE,2009,77.7,
ESTAT:SDG_08_30(1.0),14/12/23 23:00:00,A,EMP_LFS,T,Y20-64,PC_POP,SE,2010,77.5,
ESTAT:SDG_08_30(1.0),14/12/23 23:00:00,A,EMP_LFS,T,Y20-64,PC_POP,SE,2011,78.8,
ESTAT:SDG_08_30(1.0),14/12/23 23:00:00,A,EMP_LFS,T,Y20-64,PC_POP,SE,2012,78.9,
ESTAT:SDG_08_30(1.0),14/12/23 23:00:00,A,EMP_LFS,T,Y20-64,PC_POP,SE,2013,79.2,
ESTAT:SDG_08_30(1.0),14/12/23 23:00:00,A,EMP_LFS,T,Y20-64,PC_POP,SE,2014,79.4,
ESTAT:SDG_08_30(1.0),14/12/23 23:00:00,A,EMP_LFS,T,Y20-64,PC_POP,SE,2015,79.9,
ESTAT:SDG_08_30(1.0),14/12/23 23:00:00,A,EMP_LFS,T,Y20-64,PC_POP,SE,2016,80.6,
ESTAT:SDG_08_30(1.0),14/12/23 23:00:00,A,EMP_LFS,T,Y20-64,PC_POP,SE,2017,81.2,
ESTAT:SDG_08_30(1.0),14/12/23 23:00:00,A,EMP_LFS,T,Y20-64,PC_POP,SE,2018,81.8,b
ESTAT:SDG_08_30(1.0),14/12/23 23:00:00,A,EMP_LFS,T,Y20-64,PC_POP,SE,2019,81.5,
ESTAT:SDG_08_30(1.0),14/12/23 23:00:00,A,EMP_LFS,T,Y20-64,PC_POP,SE,2020,80.1,
ESTAT:SDG_08_30(1.0),14/12/23 23:00:00,A,EMP_LFS,T,Y20-64,PC_POP,SE,2021,80.7,
ESTAT:SDG_08_30(1.0),14/12/23 23:00:00,A,EMP_LFS,T,Y20-64,PC_POP,SE,2022,82.2,
ESTAT:SDG_08_30(1.0),14/12/23 23:00:00,A,EMP_LFS,T,Y20-64,PC_POP,SI,2009,71.4,
ESTAT:SDG_08_30(1.0),14/12/23 23:00:00,A,EMP_LFS,T,Y20-64,PC_POP,SI,2010,69.7,
ESTAT:SDG_08_30(1.0),14/12/23 23:00:00,A,EMP_LFS,T,Y20-64,PC_POP,SI,2011,67.8,
ESTAT:SDG_08_30(1.0),14/12/23 23:00:00,A,EMP_LFS,T,Y20-64,PC_POP,SI,2012,67.8,
ESTAT:SDG_08_30(1.0),14/12/23 23:00:00,A,EMP_LFS,T,Y20-64,PC_POP,SI,2013,66.7,
ESTAT:SDG_08_30(1.0),14/12/23 23:00:00,A,EMP_LFS,T,Y20-64,PC_POP,SI,2014,67.3,
ESTAT:SDG_08_30(1.0),14/12/23 23:00:00,A,EMP_LFS,T,Y20-64,PC_POP,SI,2015,68.6,
ESTAT:SDG_08_30(1.0),14/12/23 23:00:00,A,EMP_LFS,T,Y20-64,PC_POP,SI,2016,69.5,
ESTAT:SDG_08_30(1.0),14/12/23 23:00:00,A,EMP_LFS,T,Y20-64,PC_POP,SI,2017,72.9,
ESTAT:SDG_08_30(1.0),14/12/23 23:00:00,A,EMP_LFS,T,Y20-64,PC_POP,SI,2018,74.9,
ESTAT:SDG_08_30(1.0),14/12/23 23:00:00,A,EMP_LFS,T,Y20-64,PC_POP,SI,2019,75.9,
ESTAT:SDG_08_30(1.0),14/12/23 23:00:00,A,EMP_LFS,T,Y20-64,PC_POP,SI,2020,74.8,
ESTAT:SDG_08_30(1.0),14/12/23 23:00:00,A,EMP_LFS,T,Y20-64,PC_POP,SI,2021,76.1,
ESTAT:SDG_08_30(1.0),14/12/23 23:00:00,A,EMP_LFS,T,Y20-64,PC_POP,SI,2022,77.9,
ESTAT:SDG_08_30(1.0),14/12/23 23:00:00,A,EMP_LFS,T,Y20-64,PC_POP,SK,2009,68.3,
ESTAT:SDG_08_30(1.0),14/12/23 23:00:00,A,EMP_LFS,T,Y20-64,PC_POP,SK,2010,66.5,
ESTAT:SDG_08_30(1.0),14/12/23 23:00:00,A,EMP_LFS,T,Y20-64,PC_POP,SK,2011,66.8,b
ESTAT:SDG_08_30(1.0),14/12/23 23:00:00,A,EMP_LFS,T,Y20-64,PC_POP,SK,2012,66.9,
ESTAT:SDG_08_30(1.0),14/12/23 23:00:00,A,EMP_LFS,T,Y20-64,PC_POP,SK,2013,66.9,
ESTAT:SDG_08_30(1.0),14/12/23 23:00:00,A,EMP_LFS,T,Y20-64,PC_POP,SK,2014,67.8,
ESTAT:SDG_08_30(1.0),14/12/23 23:00:00,A,EMP_LFS,T,Y20-64,PC_POP,SK,2015,69.6,
ESTAT:SDG_08_30(1.0),14/12/23 23:00:00,A,EMP_LFS,T,Y20-64,PC_POP,SK,2016,71.8,
ESTAT:SDG_08_30(1.0),14/12/23 23:00:00,A,EMP_LFS,T,Y20-64,PC_POP,SK,2017,73.2,
ESTAT:SDG_08_30(1.0),14/12/23 23:00:00,A,EMP_LFS,T,Y20-64,PC_POP,SK,2018,74.5,
ESTAT:SDG_08_30(1.0),14/12/23 23:00:00,A,EMP_LFS,T,Y20-64,PC_POP,SK,2019,75.6,
ESTAT:SDG_08_30(1.0),14/12/23 23:00:00,A,EMP_LFS,T,Y20-64,PC_POP,SK,2020,74.6,
ESTAT:SDG_08_30(1.0),14/12/23 23:00:00,A,EMP_LFS,T,Y20-64,PC_POP,SK,2021,74.6,
ESTAT:SDG_08_30(1.0),14/12/23 23:00:00,A,EMP_LFS,T,Y20-64,PC_POP,SK,2022,76.7,
ESTAT:SDG_08_30(1.0),14/12/23 23:00:00,A,EMP_LFS,T,Y20-64,PC_POP,TR,2009,47.8,
ESTAT:SDG_08_30(1.0),14/12/23 23:00:00,A,EMP_LFS,T,Y20-64,PC_POP,TR,2010,50.0,
ESTAT:SDG_08_30(1.0),14/12/23 23:00:00,A,EMP_LFS,T,Y20-64,PC_POP,TR,2011,52.2,
ESTAT:SDG_08_30(1.0),14/12/23 23:00:00,A,EMP_LFS,T,Y20-64,PC_POP,TR,2012,52.8,
ESTAT:SDG_08_30(1.0),14/12/23 23:00:00,A,EMP_LFS,T,Y20-64,PC_POP,TR,2013,53.4,
ESTAT:SDG_08_30(1.0),14/12/23 23:00:00,A,EMP_LFS,T,Y20-64,PC_POP,TR,2014,53.2,b
ESTAT:SDG_08_30(1.0),14/12/23 23:00:00,A,EMP_LFS,T,Y20-64,PC_POP,TR,2015,53.9,
ESTAT:SDG_08_30(1.0),14/12/23 23:00:00,A,EMP_LFS,T,Y20-64,PC_POP,TR,2016,54.4,
ESTAT:SDG_08_30(1.0),14/12/23 23:00:00,A,EMP_LFS,T,Y20-64,PC_POP,TR,2017,55.3,
ESTAT:SDG_08_30(1.0),14/12/23 23:00:00,A,EMP_LFS,T,Y20-64,PC_POP,TR,2018,55.6,
ESTAT:SDG_08_30(1.0),14/12/23 23:00:00,A,EMP_LFS,T,Y20-64,PC_POP,TR,2019,53.8,
ESTAT:SDG_08_30(1.0),14/12/23 23:00:00,A,EMP_LFS,T,Y20-64,PC_POP,TR,2020,51.0,
