DATAFLOW,LAST UPDATE,freq,unit,sex,age,geo,TIME_PERIOD,OBS_VALUE,OBS_FLAG
ESTAT:ILC_PNS4(1.0),02/02/24 23:00:00,A,RAT,T,Y_LT65,AL,2017,8.00,
ESTAT:ILC_PNS4(1.0),02/02/24 23:00:00,A,RAT,T,Y_LT65,AL,2018,7.48,
ESTAT:ILC_PNS4(1.0),02/02/24 23:00:00,A,RAT,T,Y_LT65,AL,2019,6.81,
ESTAT:ILC_PNS4(1.0),02/02/24 23:00:00,A,RAT,T,Y_LT65,AL,2020,6.21,
ESTAT:ILC_PNS4(1.0),02/02/24 23:00:00,A,RAT,T,Y_LT65,AL,2021,6.07,
ESTAT:ILC_PNS4(1.0),02/02/24 23:00:00,A,RAT,T,Y_LT65,AT,2003,4.02,b
ESTAT:ILC_PNS4(1.0),02/02/24 23:00:00,A,RAT,T,Y_LT65,AT,2004,3.66,
ESTAT:ILC_PNS4(1.0),02/02/24 23:00:00,A,RAT,T,Y_LT65,AT,2005,3.79,
ESTAT:ILC_PNS4(1.0),02/02/24 23:00:00,A,RAT,T,Y_LT65,AT,2006,3.65,
ESTAT:ILC_PNS4(1.0),02/02/24 23:00:00,A,RAT,T,Y_LT65,AT,2007,3.77,
ESTAT:ILC_PNS4(1.0),02/02/24 23:00:00,A,RAT,T,Y_LT65,AT,2008,4.17,b
ESTAT:ILC_PNS4(1.0),02/02/24 23:00:00,A,RAT,T,Y_LT65,AT,2009,4.20,
ESTAT:ILC_PNS4(1.0),02/02/24 23:00:00,A,RAT,T,Y_LT65,AT,2010,4.35,
ESTAT:ILC_PNS4(1.0),02/02/24 23:00:00,A,RAT,T,Y_LT65,AT,2011,4.12,
ESTAT:ILC_PNS4(1.0),02/02/24 23:00:00,A,RAT,T,Y_LT65,AT,2012,4.22,
ESTAT:ILC_PNS4(1.0),02/02/24 23:00:00,A,RAT,T,Y_LT65,AT,2013,4.12,
ESTAT:ILC_PNS4(1.0),02/02/24 23:00:00,A,RAT,T,Y_LT65,AT,2014,4.16,
ESTAT:ILC_PNS4(1.0),02/02/24 23:00:00,A,RAT,T,Y_LT65,AT,2015,4.12,
ESTAT:ILC_PNS4(1.0),02/02/24 23:00:00,A,RAT,T,Y_LT65,AT,2016,4.19,
ESTAT:ILC_PNS4(1.0),02/02/24 23:00:00,A,RAT,T,Y_LT65,AT,2017,4.44,
ESTAT:ILC_PNS4(1.0),02/02/24 23:00:00,A,RAT,T,Y_LT65,AT,2018,4.10,
ESTAT:ILC_PNS4(1.0),02/02/24 23:00:00,A,RAT,T,Y_LT65,AT,2019,4.20,
ESTAT:ILC_PNS4(1.0),02/02/24 23:00:00,A,RAT,T,Y_LT65,AT,2020,4.16,
ESTAT:ILC_PNS4(1.0),02/02/24 23:00:00,A,RAT,T,Y_LT65,AT,2021,4.11,
ESTAT:ILC_PNS4(1.0),02/02/24 23:00:00,A,RAT,T,Y_LT65,AT,2022,4.27,
ESTAT:ILC_PNS4(1.0),02/02/24 23:00:00,A,RAT,T,Y_LT65,BE,2003,4.43,b
ESTAT:ILC_PNS4(1.0),02/02/24 23:00:00,A,RAT,T,Y_LT65,BE,2004,3.93,
ESTAT:ILC_PNS4(1.0),02/02/24 23:00:00,A,RAT,T,Y_LT65,BE,2005,4.13,
ESTAT:ILC_PNS4(1.0),02/02/24 23:00:00,A,RAT,T,Y_LT65,BE,2006,4.18,
ESTAT:ILC_PNS4(1.0),02/02/24 23:00:00,A,RAT,T,Y_LT65,BE,2007,3.87,
ESTAT:ILC_PNS4(1.0),02/02/24 23:00:00,A,RAT,T,Y_LT65,BE,2008,4.15,
ESTAT:ILC_PNS4(1.0),02/02/24 23:00:00,A,RAT,T,Y_LT65,BE,2009,3.91,
ESTAT:ILC_PNS4(1.0),02/02/24 23:00:00,A,RAT,T,Y_LT65,BE,2010,3.90,
ESTAT:ILC_PNS4(1.0),02/02/24 23:00:00,A,RAT,T,Y_LT65,BE,2011,3.96,
ESTAT:ILC_PNS4(1.0),02/02/24 23:00:00,A,RAT,T,Y_LT65,BE,2012,3.99,
ESTAT:ILC_PNS4(1.0),02/02/24 23:00:00,A,RAT,T,Y_LT65,BE,2013,3.90,
ESTAT:ILC_PNS4(1.0),02/02/24 23:00:00,A,RAT,T,Y_LT65,BE,2014,3.94,
ESTAT:ILC_PNS4(1.0),02/02/24 23:00:00,A,RAT,T,Y_LT65,BE,2015,3.91,
ESTAT:ILC_PNS4(1.0),02/02/24 23:00:00,A,RAT,T,Y_LT65,BE,2016,3.95,
ESTAT:ILC_PNS4(1.0),02/02/24 23:00:00,A,RAT,T,Y_LT65,BE,2017,4.01,
ESTAT:ILC_PNS4(1.0),02/02/24 23:00:00,A,RAT,T,Y_LT65,BE,2018,3.92,
ESTAT:ILC_PNS4(1.0),02/02/24 23:00:00,A,RAT,T,Y_LT65,BE,2019,3.65,b
ESTAT:ILC_PNS4(1.0),02/02/24 23:00:00,A,RAT,T,Y_LT65,BE,2020,3.62,
ESTAT:ILC_PNS4(1.0),02/02/24 23:00:00,A,RAT,T,Y_LT65,BE,2021,3.47,
ESTAT:ILC_PNS4(1.0),02/02/24 23:00:00,A,RAT,T,Y_LT65,BE,2022,3.50,
ESTAT:ILC_PNS4(1.0),02/02/24 23:00:00,A,RAT,T,Y_LT65,BG,2006,5.48,b
ESTAT:ILC_PNS4(1.0),02/02/24 23:00:00,A,RAT,T,Y_LT65,BG,2007,7.81,
ESTAT:ILC_PNS4(1.0),02/02/24 23:00:00,A,RAT,T,Y_LT65,BG,2008,6.82,
ESTAT:ILC_PNS4(1.0),02/02/24 23:00:00,A,RAT,T,Y_LT65,BG,2009,5.93,
ESTAT:ILC_PNS4(1.0),02/02/24 23:00:00,A,RAT,T,Y_LT65,BG,2010,5.93,
ESTAT:ILC_PNS4(1.0),02/02/24 23:00:00,A,RAT,T,Y_LT65,BG,2011,6.73,
ESTAT:ILC_PNS4(1.0),02/02/24 23:00:00,A,RAT,T,Y_LT65,BG,2012,6.56,
ESTAT:ILC_PNS4(1.0),02/02/24 23:00:00,A,RAT,T,Y_LT65,BG,2013,7.00,
ESTAT:ILC_PNS4(1.0),02/02/24 23:00:00,A,RAT,T,Y_LT65,BG,2014,7.60,
ESTAT:ILC_PNS4(1.0),02/02/24 23:00:00,A,RAT,T,Y_LT65,BG,2015,7.56,
ESTAT:ILC_PNS4(1.0),02/02/24 23:00:00,A,RAT,T,Y_LT65,BG,2016,8.89,b
ESTAT:ILC_PNS4(1.0),02/02/24 23:00:00,A,RAT,T,Y_LT65,BG,2017,9.01,
ESTAT:ILC_PNS4(1.0),02/02/24 23:00:00,A,RAT,T,Y_LT65,BG,2018,8.37,
ESTAT:ILC_PNS4(1.0),02/02/24 23:00:00,A,RAT,T,Y_LT65,BG,2019,8.74,
ESTAT:ILC_PNS4(1.0),02/02/24 23:00:00,A,RAT,T,Y_LT65,BG,2020,8.51,
ESTAT:ILC_PNS4(1.0),02/02/24 23:00:00,A,RAT,T,Y_LT65,BG,2021,7.82,
ESTAT:ILC_PNS4(1.0),02/02/24 23:00:00,A,RAT,T,Y_LT65,BG,2022,7.67,
ESTAT:ILC_PNS4(1.0),02/02/24 23:00:00,A,RAT,T,Y_LT65,CH,2007,4.62,
ESTAT:ILC_PNS4(1.0),02/02/24 23:00:00,A,RAT,T,Y_LT65,CH,2008,4.70,
ESTAT:ILC_PNS4(1.0),02/02/24 23:00:00,A,RAT,T,Y_LT65,CH,2009,4.46,
ESTAT:ILC_PNS4(1.0),02/02/24 23:00:00,A,RAT,T,Y_LT65,CH,2010,4.34,
ESTAT:ILC_PNS4(1.0),02/02/24 23:00:00,A,RAT,T,Y_LT65,CH,2011,4.34,
ESTAT:ILC_PNS4(1.0),02/02/24 23:00:00,A,RAT,T,Y_LT65,CH,2012,4.19,
ESTAT:ILC_PNS4(1.0),02/02/24 23:00:00,A,RAT,T,Y_LT65,CH,2013,4.08,
ESTAT:ILC_PNS4(1.0),02/02/24 23:00:00,A,RAT,T,Y_LT65,CH,2014,4.26,b
ESTAT:ILC_PNS4(1.0),02/02/24 23:00:00,A,RAT,T,Y_LT65,CH,2015,4.34,
ESTAT:ILC_PNS4(1.0),02/02/24 23:00:00,A,RAT,T,Y_LT65,CH,2016,4.30,
ESTAT:ILC_PNS4(1.0),02/02/24 23:00:00,A,RAT,T,Y_LT65,CH,2017,4.49,
ESTAT:ILC_PNS4(1.0),02/02/24 23:00:00,A,RAT,T,Y_LT65,CH,2018,4.39,
ESTAT:ILC_PNS4(1.0),02/02/24 23:00:00,A,RAT,T,Y_LT65,CH,2019,4.63,
ESTAT:ILC_PNS4(1.0),02/02/24 23:00:00,A,RAT,T,Y_LT65,CH,2020,4.73,
ESTAT:ILC_PNS4(1.0),02/02/24 23:00:00,A,RAT,T,Y_LT65,CH,2021,4.74,
ESTAT:ILC_PNS4(1.0),02/02/24 23:00:00,A,RAT,T,Y_LT65,CH,2022,4.64,
ESTAT:ILC_PNS4(1.0),02/02/24 23:00:00,A,RAT,T,Y_LT65,CY,2005,4.00,
ESTAT:ILC_PNS4(1.0),02/02/24 23:00:00,A,RAT,T,Y_LT65,CY,2006,3.92,
ESTAT:ILC_PNS4(1.0),02/02/24 23:00:00,A,RAT,T,Y_LT65,CY,2007,4.09,
ESTAT:ILC_PNS4(1.0),02/02/24 23:00:00,A,RAT,T,Y_LT65,CY,2008,3.99,b
ESTAT:ILC_PNS4(1.0),02/02/24 23:00:00,A,RAT,T,Y_LT65,CY,2009,4.08,
ESTAT:ILC_PNS4(1.0),02/02/24 23:00:00,A,RAT,T,Y_LT65,CY,2010,4.30,
ESTAT:ILC_PNS4(1.0),02/02/24 23:00:00,A,RAT,T,Y_LT65,CY,2011,4.15,
ESTAT:ILC_PNS4(1.0),02/02/24 23:00:00,A,RAT,T,Y_LT65,CY,2012,4.56,
ESTAT:ILC_PNS4(1.0),02/02/24 23:00:00,A,RAT,T,Y_LT65,CY,2013,4.88,
ESTAT:ILC_PNS4(1.0),02/02/24 23:00:00,A,RAT,T,Y_LT65,CY,2014,5.41,
ESTAT:ILC_PNS4(1.0),02/02/24 23:00:00,A,RAT,T,Y_LT65,CY,2015,5.27,
ESTAT:ILC_PNS4(1.0),02/02/24 23:00:00,A,RAT,T,Y_LT65,CY,2016,4.88,
ESTAT:ILC_PNS4(1.0),02/02/24 23:00:00,A,RAT,T,Y_LT65,CY,2017,4.52,
ESTAT:ILC_PNS4(1.0),02/02/24 23:00:00,A,RAT,T,Y_LT65,CY,2018,4.23,
ESTAT:ILC_PNS4(1.0),02/02/24 23:00:00,A,RAT,T,Y_LT65,CY,2019,4.55,
ESTAT:ILC_PNS4(1.0),02/02/24 23:00:00,A,RAT,T,Y_LT65,CY,2020,4.27,
ESTAT:ILC_PNS4(1.0),02/02/24 23:00:00,A,RAT,T,Y_LT65,CY,2021,4.14,
ESTAT:ILC_PNS4(1.0),02/02/24 23:00:00,A,RAT,T,Y_LT65,CY,2022,4.20,
ESTAT:ILC_PNS4(1.0),02/02/24 23:00:00,A,RAT,T,Y_LT65,CZ,2005,3.90,b
ESTAT:ILC_PNS4(1.0),02/02/24 23:00:00,A,RAT,T,Y_LT65,CZ,2006,3.69,
ESTAT:ILC_PNS4(1.0),02/02/24 23:00:00,A,RAT,T,Y_LT65,CZ,2007,3.69,
ESTAT:ILC_PNS4(1.0),02/02/24 23:00:00,A,RAT,T,Y_LT65,CZ,2008,3.56,
ESTAT:ILC_PNS4(1.0),02/02/24 23:00:00,A,RAT,T,Y_LT65,CZ,2009,3.60,
ESTAT:ILC_PNS4(1.0),02/02/24 23:00:00,A,RAT,T,Y_LT65,CZ,2010,3.63,
ESTAT:ILC_PNS4(1.0),02/02/24 23:00:00,A,RAT,T,Y_LT65,CZ,2011,3.71,
ESTAT:ILC_PNS4(1.0),02/02/24 23:00:00,A,RAT,T,Y_LT65,CZ,2012,3.68,
ESTAT:ILC_PNS4(1.0),02/02/24 23:00:00,A,RAT,T,Y_LT65,CZ,2013,3.57,
ESTAT:ILC_PNS4(1.0),02/02/24 23:00:00,A,RAT,T,Y_LT65,CZ,2014,3.70,
ESTAT:ILC_PNS4(1.0),02/02/24 23:00:00,A,RAT,T,Y_LT65,CZ,2015,3.69,
ESTAT:ILC_PNS4(1.0),02/02/24 23:00:00,A,RAT,T,Y_LT65,CZ,2016,3.68,
ESTAT:ILC_PNS4(1.0),02/02/24 23:00:00,A,RAT,T,Y_LT65,CZ,2017,3.53,
ESTAT:ILC_PNS4(1.0),02/02/24 23:00:00,A,RAT,T,Y_LT65,CZ,2018,3.35,
ESTAT:ILC_PNS4(1.0),02/02/24 23:00:00,A,RAT,T,Y_LT65,CZ,2019,3.33,
ESTAT:ILC_PNS4(1.0),02/02/24 23:00:00,A,RAT,T,Y_LT65,CZ,2020,3.35,
ESTAT:ILC_PNS4(1.0),02/02/24 23:00:00,A,RAT,T,Y_LT65,CZ,2021,3.54,
ESTAT:ILC_PNS4(1.0),02/02/24 23:00:00,A,RAT,T,Y_LT65,CZ,2022,3.50,
ESTAT:ILC_PNS4(1.0),02/02/24 23:00:00,A,RAT,T,Y_LT65,DE,2005,3.84,b
ESTAT:ILC_PNS4(1.0),02/02/24 23:00:00,A,RAT,T,Y_LT65,DE,2006,4.19,
ESTAT:ILC_PNS4(1.0),02/02/24 23:00:00,A,RAT,T,Y_LT65,DE,2007,5.09,
ESTAT:ILC_PNS4(1.0),02/02/24 23:00:00,A,RAT,T,Y_LT65,DE,2008,4.93,
ESTAT:ILC_PNS4(1.0),02/02/24 23:00:00,A,RAT,T,Y_LT65,DE,2009,4.67,
ESTAT:ILC_PNS4(1.0),02/02/24 23:00:00,A,RAT,T,Y_LT65,DE,2010,4.66,
ESTAT:ILC_PNS4(1.0),02/02/24 23:00:00,A,RAT,T,Y_LT65,DE,2011,4.60,
ESTAT:ILC_PNS4(1.0),02/02/24 23:00:00,A,RAT,T,Y_LT65,DE,2012,4.40,
ESTAT:ILC_PNS4(1.0),02/02/24 23:00:00,A,RAT,T,Y_LT65,DE,2013,4.80,
ESTAT:ILC_PNS4(1.0),02/02/24 23:00:00,A,RAT,T,Y_LT65,DE,2014,5.37,
ESTAT:ILC_PNS4(1.0),02/02/24 23:00:00,A,RAT,T,Y_LT65,DE,2015,5.04,
ESTAT:ILC_PNS4(1.0),02/02/24 23:00:00,A,RAT,T,Y_LT65,DE,2016,4.73,
ESTAT:ILC_PNS4(1.0),02/02/24 23:00:00,A,RAT,T,Y_LT65,DE,2017,4.62,
ESTAT:ILC_PNS4(1.0),02/02/24 23:00:00,A,RAT,T,Y_LT65,DE,2018,5.26,
ESTAT:ILC_PNS4(1.0),02/02/24 23:00:00,A,RAT,T,Y_LT65,DE,2019,4.89,
ESTAT:ILC_PNS4(1.0),02/02/24 23:00:00,A,RAT,T,Y_LT65,DE,2020,4.99,b
ESTAT:ILC_PNS4(1.0),02/02/24 23:00:00,A,RAT,T,Y_LT65,DE,2021,5.08,
ESTAT:ILC_PNS4(1.0),02/02/24 23:00:00,A,RAT,T,Y_LT65,DE,2022,4.41,
ESTAT:ILC_PNS4(1.0),02/02/24 23:00:00,A,RAT,T,Y_LT65,DK,2003,3.44,b
ESTAT:ILC_PNS4(1.0),02/02/24 23:00:00,A,RAT,T,Y_LT65,DK,2004,3.39,
ESTAT:ILC_PNS4(1.0),02/02/24 23:00:00,A,RAT,T,Y_LT65,DK,2005,3.55,
ESTAT:ILC_PNS4(1.0),02/02/24 23:00:00,A,RAT,T,Y_LT65,DK,2006,3.45,
ESTAT:ILC_PNS4(1.0),02/02/24 23:00:00,A,RAT,T,Y_LT65,DK,2007,3.77,
ESTAT:ILC_PNS4(1.0),02/02/24 23:00:00,A,RAT,T,Y_LT65,DK,2008,3.63,
ESTAT:ILC_PNS4(1.0),02/02/24 23:00:00,A,RAT,T,Y_LT65,DK,2009,4.73,
ESTAT:ILC_PNS4(1.0),02/02/24 23:00:00,A,RAT,T,Y_LT65,DK,2010,4.41,b
ESTAT:ILC_PNS4(1.0),02/02/24 23:00:00,A,RAT,T,Y_LT65,DK,2011,4.09,b
ESTAT:ILC_PNS4(1.0),02/02/24 23:00:00,A,RAT,T,Y_LT65,DK,2012,4.08,
ESTAT:ILC_PNS4(1.0),02/02/24 23:00:00,A,RAT,T,Y_LT65,DK,2013,4.17,
ESTAT:ILC_PNS4(1.0),02/02/24 23:00:00,A,RAT,T,Y_LT65,DK,2014,4.18,
ESTAT:ILC_PNS4(1.0),02/02/24 23:00:00,A,RAT,T,Y_LT65,DK,2015,4.27,
ESTAT:ILC_PNS4(1.0),02/02/24 23:00:00,A,RAT,T,Y_LT65,DK,2016,4.22,
ESTAT:ILC_PNS4(1.0),02/02/24 23:00:00,A,RAT,T,Y_LT65,DK,2017,4.38,
ESTAT:ILC_PNS4(1.0),02/02/24 23:00:00,A,RAT,T,Y_LT65,DK,2018,4.33,
ESTAT:ILC_PNS4(1.0),02/02/24 23:00:00,A,RAT,T,Y_LT65,DK,2019,4.19,
ESTAT:ILC_PNS4(1.0),02/02/24 23:00:00,A,RAT,T,Y_LT65,DK,2020,4.20,b
ESTAT:ILC_PNS4(1.0),02/02/24 23:00:00,A,RAT,T,Y_LT65,DK,2021,4.17,
ESTAT:ILC_PNS4(1.0),02/02/24 23:00:00,A,RAT,T,Y_LT65,DK,2022,4.22,
ESTAT:ILC_PNS4(1.0),02/02/24 23:00:00,A,RAT,T,Y_LT65,EE,2004,8.03,b
ESTAT:ILC_PNS4(1.0),02/02/24 23:00:00,A,RAT,T,Y_LT65,EE,2005,6.44,
ESTAT:ILC_PNS4(1.0),02/02/24 23:00:00,A,RAT,T,Y_LT65,EE,2006,5.88,
ESTAT:ILC_PNS4(1.0),02/02/24 23:00:00,A,RAT,T,Y_LT65,EE,2007,5.78,
ESTAT:ILC_PNS4(1.0),02/02/24 23:00:00,A,RAT,T,Y_LT65,EE,2008,5.03,
ESTAT:ILC_PNS4(1.0),02/02/24 23:00:00,A,RAT,T,Y_LT65,EE,2009,5.20,
ESTAT:ILC_PNS4(1.0),02/02/24 23:00:00,A,RAT,T,Y_LT65,EE,2010,5.39,
ESTAT:ILC_PNS4(1.0),02/02/24 23:00:00,A,RAT,T,Y_LT65,EE,2011,5.89,
ESTAT:ILC_PNS4(1.0),02/02/24 23:00:00,A,RAT,T,Y_LT65,EE,2012,5.94,
ESTAT:ILC_PNS4(1.0),02/02/24 23:00:00,A,RAT,T,Y_LT65,EE,2013,5.94,
ESTAT:ILC_PNS4(1.0),02/02/24 23:00:00,A,RAT,T,Y_LT65,EE,2014,7.09,b
ESTAT:ILC_PNS4(1.0),02/02/24 23:00:00,A,RAT,T,Y_LT65,EE,2015,6.66,
ESTAT:ILC_PNS4(1.0),02/02/24 23:00:00,A,RAT,T,Y_LT65,EE,2016,5.70,
ESTAT:ILC_PNS4(1.0),02/02/24 23:00:00,A,RAT,T,Y_LT65,EE,2017,5.45,
ESTAT:ILC_PNS4(1.0),02/02/24 23:00:00,A,RAT,T,Y_LT65,EE,2018,4.95,
ESTAT:ILC_PNS4(1.0),02/02/24 23:00:00,A,RAT,T,Y_LT65,EE,2019,5.02,
ESTAT:ILC_PNS4(1.0),02/02/24 23:00:00,A,RAT,T,Y_LT65,EE,2020,4.92,
ESTAT:ILC_PNS4(1.0),02/02/24 23:00:00,A,RAT,T,Y_LT65,EE,2021,5.03,
ESTAT:ILC_PNS4(1.0),02/02/24 23:00:00,A,RAT,T,Y_LT65,EE,2022,5.09,
ESTAT:ILC_PNS4(1.0),02/02/24 23:00:00,A,RAT,T,Y_LT65,EL,2003,6.39,b
ESTAT:ILC_PNS4(1.0),02/02/24 23:00:00,A,RAT,T,Y_LT65,EL,2004,5.98,
ESTAT:ILC_PNS4(1.0),02/02/24 23:00:00,A,RAT,T,Y_LT65,EL,2005,5.94,
ESTAT:ILC_PNS4(1.0),02/02/24 23:00:00,A,RAT,T,Y_LT65,EL,2006,6.39,
ESTAT:ILC_PNS4(1.0),02/02/24 23:00:00,A,RAT,T,Y_LT65,EL,2007,6.26,
ESTAT:ILC_PNS4(1.0),02/02/24 23:00:00,A,RAT,T,Y_LT65,EL,2008,6.20,
ESTAT:ILC_PNS4(1.0),02/02/24 23:00:00,A,RAT,T,Y_LT65,EL,2009,6.21,
ESTAT:ILC_PNS4(1.0),02/02/24 23:00:00,A,RAT,T,Y_LT65,EL,2010,5.95,
ESTAT:ILC_PNS4(1.0),02/02/24 23:00:00,A,RAT,T,Y_LT65,EL,2011,6.40,
ESTAT:ILC_PNS4(1.0),02/02/24 23:00:00,A,RAT,T,Y_LT65,EL,2012,7.35,
ESTAT:ILC_PNS4(1.0),02/02/24 23:00:00,A,RAT,T,Y_LT65,EL,2013,7.46,
ESTAT:ILC_PNS4(1.0),02/02/24 23:00:00,A,RAT,T,Y_LT65,EL,2014,7.29,
ESTAT:ILC_PNS4(1.0),02/02/24 23:00:00,A,RAT,T,Y_LT65,EL,2015,7.35,
ESTAT:ILC_PNS4(1.0),02/02/24 23:00:00,A,RAT,T,Y_LT65,EL,2016,7.41,
ESTAT:ILC_PNS4(1.0),02/02/24 23:00:00,A,RAT,T,Y_LT65,EL,2017,6.73,
ESTAT:ILC_PNS4(1.0),02/02/24 23:00:00,A,RAT,T,Y_LT65,EL,2018,6.07,
ESTAT:ILC_PNS4(1.0),02/02/24 23:00:00,A,RAT,T,Y_LT65,EL,2019,5.59,
ESTAT:ILC_PNS4(1.0),02/02/24 23:00:00,A,RAT,T,Y_LT65,EL,2020,5.68,
ESTAT:ILC_PNS4(1.0),02/02/24 23:00:00,A,RAT,T,Y_LT65,EL,2021,6.38,
ESTAT:ILC_PNS4(1.0),02/02/24 23:00:00,A,RAT,T,Y_LT65,EL,2022,5.61,
ESTAT:ILC_PNS4(1.0),02/02/24 23:00:00,A,RAT,T,Y_LT65,ES,2004,5.34,b
ESTAT:ILC_PNS4(1.0),02/02/24 23:00:00,A,RAT,T,Y_LT65,ES,2005,5.66,
ESTAT:ILC_PNS4(1.0),02/02/24 23:00:00,A,RAT,T,Y_LT65,ES,2006,5.65,
ESTAT:ILC_PNS4(1.0),02/02/24 23:00:00,A,RAT,T,Y_LT65,ES,2007,5.65,
ESTAT:ILC_PNS4(1.0),02/02/24 23:00:00,A,RAT,T,Y_LT65,ES,2008,5.62,b
ESTAT:ILC_PNS4(1.0),02/02/24 23:00:00,A,RAT,T,Y_LT65,ES,2009,6.05,
ESTAT:ILC_PNS4(1.0),02/02/24 23:00:00,A,RAT,T,Y_LT65,ES,2010,6.49,
ESTAT:ILC_PNS4(1.0),02/02/24 23:00:00,A,RAT,T,Y_LT65,ES,2011,6.65,
ESTAT:ILC_PNS4(1.0),02/02/24 23:00:00,A,RAT,T,Y_LT65,ES,2012,6.98,
ESTAT:ILC_PNS4(1.0),02/02/24 23:00:00,A,RAT,T,Y_LT65,ES,2013,6.76,
ESTAT:ILC_PNS4(1.0),02/02/24 23:00:00,A,RAT,T,Y_LT65,ES,2014,7.47,
ESTAT:ILC_PNS4(1.0),02/02/24 23:00:00,A,RAT,T,Y_LT65,ES,2015,7.63,
ESTAT:ILC_PNS4(1.0),02/02/24 23:00:00,A,RAT,T,Y_LT65,ES,2016,7.25,
ESTAT:ILC_PNS4(1.0),02/02/24 23:00:00,A,RAT,T,Y_LT65,ES,2017,7.18,
ESTAT:ILC_PNS4(1.0),02/02/24 23:00:00,A,RAT,T,Y_LT65,ES,2018,6.46,
ESTAT:ILC_PNS4(1.0),02/02/24 23:00:00,A,RAT,T,Y_LT65,ES,2019,6.35,
ESTAT:ILC_PNS4(1.0),02/02/24 23:00:00,A,RAT,T,Y_LT65,ES,2020,5.99,
ESTAT:ILC_PNS4(1.0),02/02/24 23:00:00,A,RAT,T,Y_LT65,ES,2021,6.45,
ESTAT:ILC_PNS4(1.0),02/02/24 23:00:00,A,RAT,T,Y_LT65,ES,2022,5.81,
ESTAT:ILC_PNS4(1.0),02/02/24 23:00:00,A,RAT,T,Y_LT65,FI,2004,3.58,b
ESTAT:ILC_PNS4(1.0),02/02/24 23:00:00,A,RAT,T,Y_LT65,FI,2005,3.65,
ESTAT:ILC_PNS4(1.0),02/02/24 23:00:00,A,RAT,T,Y_LT65,FI,2006,3.66,
ESTAT:ILC_PNS4(1.0),02/02/24 23:00:00,A,RAT,T,Y_LT65,FI,2007,3.75,
ESTAT:ILC_PNS4(1.0),02/02/24 23:00:00,A,RAT,T,Y_LT65,FI,2008,3.75,
ESTAT:ILC_PNS4(1.0),02/02/24 23:00:00,A,RAT,T,Y_LT65,FI,2009,3.68,
ESTAT:ILC_PNS4(1.0),02/02/24 23:00:00,A,RAT,T,Y_LT65,FI,2010,3.65,
ESTAT:ILC_PNS4(1.0),02/02/24 23:00:00,A,RAT,T,Y_LT65,FI,2011,3.75,
ESTAT:ILC_PNS4(1.0),02/02/24 23:00:00,A,RAT,T,Y_LT65,FI,2012,3.68,
ESTAT:ILC_PNS4(1.0),02/02/24 23:00:00,A,RAT,T,Y_LT65,FI,2013,3.59,
ESTAT:ILC_PNS4(1.0),02/02/24 23:00:00,A,RAT,T,Y_LT65,FI,2014,3.67,
ESTAT:ILC_PNS4(1.0),02/02/24 23:00:00,A,RAT,T,Y_LT65,FI,2015,3.63,
ESTAT:ILC_PNS4(1.0),02/02/24 23:00:00,A,RAT,T,Y_LT65,FI,2016,3.68,
ESTAT:ILC_PNS4(1.0),02/02/24 23:00:00,A,RAT,T,Y_LT65,FI,2017,3.64,
ESTAT:ILC_PNS4(1.0),02/02/24 23:00:00,A,RAT,T,Y_LT65,FI,2018,3.78,
ESTAT:ILC_PNS4(1.0),02/02/24 23:00:00,A,RAT,T,Y_LT65,FI,2019,3.80,
ESTAT:ILC_PNS4(1.0),02/02/24 23:00:00,A,RAT,T,Y_LT65,FI,2020,3.83,
ESTAT:ILC_PNS4(1.0),02/02/24 23:00:00,A,RAT,T,Y_LT65,FI,2021,3.66,
ESTAT:ILC_PNS4(1.0),02/02/24 23:00:00,A,RAT,T,Y_LT65,FI,2022,3.84,
ESTAT:ILC_PNS4(1.0),02/02/24 23:00:00,A,RAT,T,Y_LT65,FR,2004,4.15,b
ESTAT:ILC_PNS4(1.0),02/02/24 23:00:00,A,RAT,T,Y_LT65,FR,2005,3.94,
ESTAT:ILC_PNS4(1.0),02/02/24 23:00:00,A,RAT,T,Y_LT65,FR,2006,3.96,
ESTAT:ILC_PNS4(1.0),02/02/24 23:00:00,A,RAT,T,Y_LT65,FR,2007,3.86,
ESTAT:ILC_PNS4(1.0),02/02/24 23:00:00,A,RAT,T,Y_LT65,FR,2008,4.41,b
ESTAT:ILC_PNS4(1.0),02/02/24 23:00:00,A,RAT,T,Y_LT65,FR,2009,4.30,
ESTAT:ILC_PNS4(1.0),02/02/24 23:00:00,A,RAT,T,Y_LT65,FR,2010,4.44,
ESTAT:ILC_PNS4(1.0),02/02/24 23:00:00,A,RAT,T,Y_LT65,FR,2011,4.62,
ESTAT:ILC_PNS4(1.0),02/02/24 23:00:00,A,RAT,T,Y_LT65,FR,2012,4.51,
ESTAT:ILC_PNS4(1.0),02/02/24 23:00:00,A,RAT,T,Y_LT65,FR,2013,4.50,
ESTAT:ILC_PNS4(1.0),02/02/24 23:00:00,A,RAT,T,Y_LT65,FR,2014,4.19,
ESTAT:ILC_PNS4(1.0),02/02/24 23:00:00,A,RAT,T,Y_LT65,FR,2015,4.22,
ESTAT:ILC_PNS4(1.0),02/02/24 23:00:00,A,RAT,T,Y_LT65,FR,2016,4.27,
ESTAT:ILC_PNS4(1.0),02/02/24 23:00:00,A,RAT,T,Y_LT65,FR,2017,4.34,
ESTAT:ILC_PNS4(1.0),02/02/24 23:00:00,A,RAT,T,Y_LT65,FR,2018,4.25,
ESTAT:ILC_PNS4(1.0),02/02/24 23:00:00,A,RAT,T,Y_LT65,FR,2019,4.31,
ESTAT:ILC_PNS4(1.0),02/02/24 23:00:00,A,RAT,T,Y_LT65,FR,2020,4.65,b
ESTAT:ILC_PNS4(1.0),02/02/24 23:00:00,A,RAT,T,Y_LT65,FR,2021,4.72,
ESTAT:ILC_PNS4(1.0),02/02/24 23:00:00,A,RAT,T,Y_LT65,FR,2022,4.94,b
ESTAT:ILC_PNS4(1.0),02/02/24 23:00:00,A,RAT,T,Y_LT65,HR,2010,5.46,
ESTAT:ILC_PNS4(1.0),02/02/24 23:00:00,A,RAT,T,Y_LT65,HR,2011,5.46,
ESTAT:ILC_PNS4(1.0),02/02/24 23:00:00,A,RAT,T,Y_LT65,HR,2012,5.41,
ESTAT:ILC_PNS4(1.0),02/02/24 23:00:00,A,RAT,T,Y_LT65,HR,2013,5.44,
ESTAT:ILC_PNS4(1.0),02/02/24 23:00:00,A,RAT,T,Y_LT65,HR,2014,5.17,
ESTAT:ILC_PNS4(1.0),02/02/24 23:00:00,A,RAT,T,Y_LT65,HR,2015,5.21,
ESTAT:ILC_PNS4(1.0),02/02/24 23:00:00,A,RAT,T,Y_LT65,HR,2016,5.00,
ESTAT:ILC_PNS4(1.0),02/02/24 23:00:00,A,RAT,T,Y_LT65,HR,2017,5.00,
ESTAT:ILC_PNS4(1.0),02/02/24 23:00:00,A,RAT,T,Y_LT65,HR,2018,4.94,
ESTAT:ILC_PNS4(1.0),02/02/24 23:00:00,A,RAT,T,Y_LT65,HR,2019,4.68,
ESTAT:ILC_PNS4(1.0),02/02/24 23:00:00,A,RAT,T,Y_LT65,HR,2020,4.42,
ESTAT:ILC_PNS4(1.0),02/02/24 23:00:00,A,RAT,T,Y_LT65,HR,2021,4.62,
ESTAT:ILC_PNS4(1.0),02/02/24 23:00:00,A,RAT,T,Y_LT65,HR,2022,4.33,
ESTAT:ILC_PNS4(1.0),02/02/24 23:00:00,A,RAT,T,Y_LT65,HU,2005,4.34,b
ESTAT:ILC_PNS4(1.0),02/02/24 23:00:00,A,RAT,T,Y_LT65,HU,2006,5.90,
ESTAT:ILC_PNS4(1.0),02/02/24 23:00:00,A,RAT,T,Y_LT65,HU,2007,3.86,
ESTAT:ILC_PNS4(1.0),02/02/24 23:00:00,A,RAT,T,Y_LT65,HU,2008,3.78,
ESTAT:ILC_PNS4(1.0),02/02/24 23:00:00,A,RAT,T,Y_LT65,HU,2009,3.67,
ESTAT:ILC_PNS4(1.0),02/02/24 23:00:00,A,RAT,T,Y_LT65,HU,2010,3.58,
ESTAT:ILC_PNS4(1.0),02/02/24 23:00:00,A,RAT,T,Y_LT65,HU,2011,4.19,
ESTAT:ILC_PNS4(1.0),02/02/24 23:00:00,A,RAT,T,Y_LT65,HU,2012,4.28,
ESTAT:ILC_PNS4(1.0),02/02/24 23:00:00,A,RAT,T,Y_LT65,HU,2013,4.59,
ESTAT:ILC_PNS4(1.0),02/02/24 23:00:00,A,RAT,T,Y_LT65,HU,2014,4.65,
ESTAT:ILC_PNS4(1.0),02/02/24 23:00:00,A,RAT,T,Y_LT65,HU,2015,4.57,
ESTAT:ILC_PNS4(1.0),02/02/24 23:00:00,A,RAT,T,Y_LT65,HU,2016,4.52,
ESTAT:ILC_PNS4(1.0),02/02/24 23:00:00,A,RAT,T,Y_LT65,HU,2017,4.42,
ESTAT:ILC_PNS4(1.0),02/02/24 23:00:00,A,RAT,T,Y_LT65,HU,2018,4.59,
ESTAT:ILC_PNS4(1.0),02/02/24 23:00:00,A,RAT,T,Y_LT65,HU,2019,4.51,
ESTAT:ILC_PNS4(1.0),02/02/24 23:00:00,A,RAT,T,Y_LT65,HU,2020,4.19,
ESTAT:ILC_PNS4(1.0),02/02/24 23:00:00,A,RAT,T,Y_LT65,HU,2021,4.39,
ESTAT:ILC_PNS4(1.0),02/02/24 23:00:00,A,RAT,T,Y_LT65,HU,2022,4.06,
ESTAT:ILC_PNS4(1.0),02/02/24 23:00:00,A,RAT,T,Y_LT65,IE,2003,4.94,b
ESTAT:ILC_PNS4(1.0),02/02/24 23:00:00,A,RAT,T,Y_LT65,IE,2004,5.04,
ESTAT:ILC_PNS4(1.0),02/02/24 23:00:00,A,RAT,T,Y_LT65,IE,2005,5.14,
ESTAT:ILC_PNS4(1.0),02/02/24 23:00:00,A,RAT,T,Y_LT65,IE,2006,4.99,
ESTAT:ILC_PNS4(1.0),02/02/24 23:00:00,A,RAT,T,Y_LT65,IE,2007,4.88,
ESTAT:ILC_PNS4(1.0),02/02/24 23:00:00,A,RAT,T,Y_LT65,IE,2008,4.49,
ESTAT:ILC_PNS4(1.0),02/02/24 23:00:00,A,RAT,T,Y_LT65,IE,2009,4.28,
ESTAT:ILC_PNS4(1.0),02/02/24 23:00:00,A,RAT,T,Y_LT65,IE,2010,4.80,
ESTAT:ILC_PNS4(1.0),02/02/24 23:00:00,A,RAT,T,Y_LT65,IE,2011,4.68,
ESTAT:ILC_PNS4(1.0),02/02/24 23:00:00,A,RAT,T,Y_LT65,IE,2012,4.83,
ESTAT:ILC_PNS4(1.0),02/02/24 23:00:00,A,RAT,T,Y_LT65,IE,2013,4.83,
ESTAT:ILC_PNS4(1.0),02/02/24 23:00:00,A,RAT,T,Y_LT65,IE,2014,4.99,
ESTAT:ILC_PNS4(1.0),02/02/24 23:00:00,A,RAT,T,Y_LT65,IE,2015,4.58,
ESTAT:ILC_PNS4(1.0),02/02/24 23:00:00,A,RAT,T,Y_LT65,IE,2016,4.56,
ESTAT:ILC_PNS4(1.0),02/02/24 23:00:00,A,RAT,T,Y_LT65,IE,2017,4.76,
ESTAT:ILC_PNS4(1.0),02/02/24 23:00:00,A,RAT,T,Y_LT65,IE,2018,4.32,
ESTAT:ILC_PNS4(1.0),02/02/24 23:00:00,A,RAT,T,Y_LT65,IE,2019,4.05,
ESTAT:ILC_PNS4(1.0),02/02/24 23:00:00,A,RAT,T,Y_LT65,IE,2020,4.06,b
ESTAT:ILC_PNS4(1.0),02/02/24 23:00:00,A,RAT,T,Y_LT65,IE,2021,3.79,
ESTAT:ILC_PNS4(1.0),02/02/24 23:00:00,A,RAT,T,Y_LT65,IE,2022,4.03,
ESTAT:ILC_PNS4(1.0),02/02/24 23:00:00,A,RAT,T,Y_LT65,IS,2004,3.43,
ESTAT:ILC_PNS4(1.0),02/02/24 23:00:00,A,RAT,T,Y_LT65,IS,2005,3.55,
ESTAT:ILC_PNS4(1.0),02/02/24 23:00:00,A,RAT,T,Y_LT65,IS,2006,3.78,
ESTAT:ILC_PNS4(1.0),02/02/24 23:00:00,A,RAT,T,Y_LT65,IS,2007,3.94,
ESTAT:ILC_PNS4(1.0),02/02/24 23:00:00,A,RAT,T,Y_LT65,IS,2008,3.81,
ESTAT:ILC_PNS4(1.0),02/02/24 23:00:00,A,RAT,T,Y_LT65,IS,2009,4.15,
ESTAT:ILC_PNS4(1.0),02/02/24 23:00:00,A,RAT,T,Y_LT65,IS,2010,3.57,
ESTAT:ILC_PNS4(1.0),02/02/24 23:00:00,A,RAT,T,Y_LT65,IS,2011,3.36,
ESTAT:ILC_PNS4(1.0),02/02/24 23:00:00,A,RAT,T,Y_LT65,IS,2012,3.35,
ESTAT:ILC_PNS4(1.0),02/02/24 23:00:00,A,RAT,T,Y_LT65,IS,2013,3.41,
ESTAT:ILC_PNS4(1.0),02/02/24 23:00:00,A,RAT,T,Y_LT65,IS,2014,3.15,
ESTAT:ILC_PNS4(1.0),02/02/24 23:00:00,A,RAT,T,Y_LT65,IS,2015,3.42,
ESTAT:ILC_PNS4(1.0),02/02/24 23:00:00,A,RAT,T,Y_LT65,IS,2016,3.33,
ESTAT:ILC_PNS4(1.0),02/02/24 23:00:00,A,RAT,T,Y_LT65,IS,2017,3.56,
ESTAT:ILC_PNS4(1.0),02/02/24 23:00:00,A,RAT,T,Y_LT65,IS,2018,3.19,
ESTAT:ILC_PNS4(1.0),02/02/24 23:00:00,A,RAT,T,Y_LT65,IT,2004,5.90,b
ESTAT:ILC_PNS4(1.0),02/02/24 23:00:00,A,RAT,T,Y_LT65,IT,2005,5.83,
ESTAT:ILC_PNS4(1.0),02/02/24 23:00:00,A,RAT,T,Y_LT65,IT,2006,5.66,
ESTAT:ILC_PNS4(1.0),02/02/24 23:00:00,A,RAT,T,Y_LT65,IT,2007,5.59,
ESTAT:ILC_PNS4(1.0),02/02/24 23:00:00,A,RAT,T,Y_LT65,IT,2008,5.40,
ESTAT:ILC_PNS4(1.0),02/02/24 23:00:00,A,RAT,T,Y_LT65,IT,2009,5.47,
ESTAT:ILC_PNS4(1.0),02/02/24 23:00:00,A,RAT,T,Y_LT65,IT,2010,5.76,
ESTAT:ILC_PNS4(1.0),02/02/24 23:00:00,A,RAT,T,Y_LT65,IT,2011,6.19,
ESTAT:ILC_PNS4(1.0),02/02/24 23:00:00,A,RAT,T,Y_LT65,IT,2012,6.09,
ESTAT:ILC_PNS4(1.0),02/02/24 23:00:00,A,RAT,T,Y_LT65,IT,2013,6.38,
ESTAT:ILC_PNS4(1.0),02/02/24 23:00:00,A,RAT,T,Y_LT65,IT,2014,6.29,
ESTAT:ILC_PNS4(1.0),02/02/24 23:00:00,A,RAT,T,Y_LT65,IT,2015,6.32,
ESTAT:ILC_PNS4(1.0),02/02/24 23:00:00,A,RAT,T,Y_LT65,IT,2016,6.85,
ESTAT:ILC_PNS4(1.0),02/02/24 23:00:00,A,RAT,T,Y_LT65,IT,2017,6.34,
ESTAT:ILC_PNS4(1.0),02/02/24 23:00:00,A,RAT,T,Y_LT65,IT,2018,6.55,
ESTAT:ILC_PNS4(1.0),02/02/24 23:00:00,A,RAT,T,Y_LT65,IT,2019,6.35,
ESTAT:ILC_PNS4(1.0),02/02/24 23:00:00,A,RAT,T,Y_LT65,IT,2020,5.97,
ESTAT:ILC_PNS4(1.0),02/02/24 23:00:00,A,RAT,T,Y_LT65,IT,2021,6.04,
ESTAT:ILC_PNS4(1.0),02/02/24 23:00:00,A,RAT,T,Y_LT65,IT,2022,5.71,
ESTAT:ILC_PNS4(1.0),02/02/24 23:00:00,A,RAT,T,Y_LT65,LT,2005,7.52,b
ESTAT:ILC_PNS4(1.0),02/02/24 23:00:00,A,RAT,T,Y_LT65,LT,2006,6.81,
ESTAT:ILC_PNS4(1.0),02/02/24 23:00:00,A,RAT,T,Y_LT65,LT,2007,6.12,
ESTAT:ILC_PNS4(1.0),02/02/24 23:00:00,A,RAT,T,Y_LT65,LT,2008,6.38,
ESTAT:ILC_PNS4(1.0),02/02/24 23:00:00,A,RAT,T,Y_LT65,LT,2009,6.91,
ESTAT:ILC_PNS4(1.0),02/02/24 23:00:00,A,RAT,T,Y_LT65,LT,2010,8.44,
ESTAT:ILC_PNS4(1.0),02/02/24 23:00:00,A,RAT,T,Y_LT65,LT,2011,6.56,
ESTAT:ILC_PNS4(1.0),02/02/24 23:00:00,A,RAT,T,Y_LT65,LT,2012,5.73,
ESTAT:ILC_PNS4(1.0),02/02/24 23:00:00,A,RAT,T,Y_LT65,LT,2013,6.61,
ESTAT:ILC_PNS4(1.0),02/02/24 23:00:00,A,RAT,T,Y_LT65,LT,2014,6.56,
ESTAT:ILC_PNS4(1.0),02/02/24 23:00:00,A,RAT,T,Y_LT65,LT,2015,8.52,
ESTAT:ILC_PNS4(1.0),02/02/24 23:00:00,A,RAT,T,Y_LT65,LT,2016,7.65,
ESTAT:ILC_PNS4(1.0),02/02/24 23:00:00,A,RAT,T,Y_LT65,LT,2017,7.78,
ESTAT:ILC_PNS4(1.0),02/02/24 23:00:00,A,RAT,T,Y_LT65,LT,2018,7.41,
ESTAT:ILC_PNS4(1.0),02/02/24 23:00:00,A,RAT,T,Y_LT65,LT,2019,6.62,
ESTAT:ILC_PNS4(1.0),02/02/24 23:00:00,A,RAT,T,Y_LT65,LT,2020,6.17,
ESTAT:ILC_PNS4(1.0),02/02/24 23:00:00,A,RAT,T,Y_LT65,LT,2021,6.23,
ESTAT:ILC_PNS4(1.0),02/02/24 23:00:00,A,RAT,T,Y_LT65,LT,2022,6.33,
ESTAT:ILC_PNS4(1.0),02/02/24 23:00:00,A,RAT,T,Y_LT65,LU,2003,4.08,b
ESTAT:ILC_PNS4(1.0),02/02/24 23:00:00,A,RAT,T,Y_LT65,LU,2004,4.03,
ESTAT:ILC_PNS4(1.0),02/02/24 23:00:00,A,RAT,T,Y_LT65,LU,2005,4.01,
ESTAT:ILC_PNS4(1.0),02/02/24 23:00:00,A,RAT,T,Y_LT65,LU,2006,4.38,
ESTAT:ILC_PNS4(1.0),02/02/24 23:00:00,A,RAT,T,Y_LT65,LU,2007,4.11,
ESTAT:ILC_PNS4(1.0),02/02/24 23:00:00,A,RAT,T,Y_LT65,LU,2008,4.26,
ESTAT:ILC_PNS4(1.0),02/02/24 23:00:00,A,RAT,T,Y_LT65,LU,2009,4.52,
ESTAT:ILC_PNS4(1.0),02/02/24 23:00:00,A,RAT,T,Y_LT65,LU,2010,4.28,
ESTAT:ILC_PNS4(1.0),02/02/24 23:00:00,A,RAT,T,Y_LT65,LU,2011,4.07,
ESTAT:ILC_PNS4(1.0),02/02/24 23:00:00,A,RAT,T,Y_LT65,LU,2012,4.16,
ESTAT:ILC_PNS4(1.0),02/02/24 23:00:00,A,RAT,T,Y_LT65,LU,2013,4.64,
ESTAT:ILC_PNS4(1.0),02/02/24 23:00:00,A,RAT,T,Y_LT65,LU,2014,4.49,
ESTAT:ILC_PNS4(1.0),02/02/24 23:00:00,A,RAT,T,Y_LT65,LU,2015,4.35,
ESTAT:ILC_PNS4(1.0),02/02/24 23:00:00,A,RAT,T,Y_LT65,LU,2016,4.59,b
ESTAT:ILC_PNS4(1.0),02/02/24 23:00:00,A,RAT,T,Y_LT65,LU,2017,4.57,
ESTAT:ILC_PNS4(1.0),02/02/24 23:00:00,A,RAT,T,Y_LT65,LU,2018,5.20,
ESTAT:ILC_PNS4(1.0),02/02/24 23:00:00,A,RAT,T,Y_LT65,LU,2019,5.44,
ESTAT:ILC_PNS4(1.0),02/02/24 23:00:00,A,RAT,T,Y_LT65,LU,2020,5.07,b
ESTAT:ILC_PNS4(1.0),02/02/24 23:00:00,A,RAT,T,Y_LT65,LU,2021,4.59,b
ESTAT:ILC_PNS4(1.0),02/02/24 23:00:00,A,RAT,T,Y_LT65,LU,2022,4.55,b
ESTAT:ILC_PNS4(1.0),02/02/24 23:00:00,A,RAT,T,Y_LT65,LV,2005,7.33,b
ESTAT:ILC_PNS4(1.0),02/02/24 23:00:00,A,RAT,T,Y_LT65,LV,2006,8.32,
ESTAT:ILC_PNS4(1.0),02/02/24 23:00:00,A,RAT,T,Y_LT65,LV,2007,6.49,
ESTAT:ILC_PNS4(1.0),02/02/24 23:00:00,A,RAT,T,Y_LT65,LV,2008,7.12,
ESTAT:ILC_PNS4(1.0),02/02/24 23:00:00,A,RAT,T,Y_LT65,LV,2009,7.60,
ESTAT:ILC_PNS4(1.0),02/02/24 23:00:00,A,RAT,T,Y_LT65,LV,2010,7.72,
ESTAT:ILC_PNS4(1.0),02/02/24 23:00:00,A,RAT,T,Y_LT65,LV,2011,7.36,
ESTAT:ILC_PNS4(1.0),02/02/24 23:00:00,A,RAT,T,Y_LT65,LV,2012,7.27,
ESTAT:ILC_PNS4(1.0),02/02/24 23:00:00,A,RAT,T,Y_LT65,LV,2013,6.99,
ESTAT:ILC_PNS4(1.0),02/02/24 23:00:00,A,RAT,T,Y_LT65,LV,2014,6.92,
ESTAT:ILC_PNS4(1.0),02/02/24 23:00:00,A,RAT,T,Y_LT65,LV,2015,6.93,
ESTAT:ILC_PNS4(1.0),02/02/24 23:00:00,A,RAT,T,Y_LT65,LV,2016,6.23,
ESTAT:ILC_PNS4(1.0),02/02/24 23:00:00,A,RAT,T,Y_LT65,LV,2017,6.29,
ESTAT:ILC_PNS4(1.0),02/02/24 23:00:00,A,RAT,T,Y_LT65,LV,2018,6.68,
ESTAT:ILC_PNS4(1.0),02/02/24 23:00:00,A,RAT,T,Y_LT65,LV,2019,6.12,
ESTAT:ILC_PNS4(1.0),02/02/24 23:00:00,A,RAT,T,Y_LT65,LV,2020,6.06,
ESTAT:ILC_PNS4(1.0),02/02/24 23:00:00,A,RAT,T,Y_LT65,LV,2021,6.34,
ESTAT:ILC_PNS4(1.0),02/02/24 23:00:00,A,RAT,T,Y_LT65,LV,2022,6.16,
ESTAT:ILC_PNS4(1.0),02/02/24 23:00:00,A,RAT,T,Y_LT65,LV,2023,6.11,
ESTAT:ILC_PNS4(1.0),02/02/24 23:00:00,A,RAT,T,Y_LT65,ME,2013,8.94,
ESTAT:ILC_PNS4(1.0),02/02/24 23:00:00,A,RAT,T,Y_LT65,ME,2014,7.75,
ESTAT:ILC_PNS4(1.0),02/02/24 23:00:00,A,RAT,T,Y_LT65,ME,2015,7.78,
ESTAT:ILC_PNS4(1.0),02/02/24 23:00:00,A,RAT,T,Y_LT65,ME,2016,7.82,
ESTAT:ILC_PNS4(1.0),02/02/24 23:00:00,A,RAT,T,Y_LT65,ME,2017,8.10,
ESTAT:ILC_PNS4(1.0),02/02/24 23:00:00,A,RAT,T,Y_LT65,ME,2018,7.71,
ESTAT:ILC_PNS4(1.0),02/02/24 23:00:00,A,RAT,T,Y_LT65,ME,2019,6.99,
ESTAT:ILC_PNS4(1.0),02/02/24 23:00:00,A,RAT,T,Y_LT65,ME,2020,6.16,
ESTAT:ILC_PNS4(1.0),02/02/24 23:00:00,A,RAT,T,Y_LT65,ME,2021,6.08,
ESTAT:ILC_PNS4(1.0),02/02/24 23:00:00,A,RAT,T,Y_LT65,ME,2022,5.78,
ESTAT:ILC_PNS4(1.0),02/02/24 23:00:00,A,RAT,T,Y_LT65,MK,2012,10.94,
ESTAT:ILC_PNS4(1.0),02/02/24 23:00:00,A,RAT,T,Y_LT65,MK,2013,8.96,
ESTAT:ILC_PNS4(1.0),02/02/24 23:00:00,A,RAT,T,Y_LT65,MK,2014,7.64,
ESTAT:ILC_PNS4(1.0),02/02/24 23:00:00,A,RAT,T,Y_LT65,MK,2015,6.91,
ESTAT:ILC_PNS4(1.0),02/02/24 23:00:00,A,RAT,T,Y_LT65,MK,2016,6.93,
ESTAT:ILC_PNS4(1.0),02/02/24 23:00:00,A,RAT,T,Y_LT65,MK,2017,6.68,
ESTAT:ILC_PNS4(1.0),02/02/24 23:00:00,A,RAT,T,Y_LT65,MK,2018,6.42,
ESTAT:ILC_PNS4(1.0),02/02/24 23:00:00,A,RAT,T,Y_LT65,MK,2019,5.70,
ESTAT:ILC_PNS4(1.0),02/02/24 23:00:00,A,RAT,T,Y_LT65,MK,2020,6.24,
ESTAT:ILC_PNS4(1.0),02/02/24 23:00:00,A,RAT,T,Y_LT65,MT,2005,3.91,b
ESTAT:ILC_PNS4(1.0),02/02/24 23:00:00,A,RAT,T,Y_LT65,MT,2006,3.97,
ESTAT:ILC_PNS4(1.0),02/02/24 23:00:00,A,RAT,T,Y_LT65,MT,2007,3.91,
ESTAT:ILC_PNS4(1.0),02/02/24 23:00:00,A,RAT,T,Y_LT65,MT,2008,4.25,
ESTAT:ILC_PNS4(1.0),02/02/24 23:00:00,A,RAT,T,Y_LT65,MT,2009,4.03,
ESTAT:ILC_PNS4(1.0),02/02/24 23:00:00,A,RAT,T,Y_LT65,MT,2010,4.38,
ESTAT:ILC_PNS4(1.0),02/02/24 23:00:00,A,RAT,T,Y_LT65,MT,2011,4.10,
ESTAT:ILC_PNS4(1.0),02/02/24 23:00:00,A,RAT,T,Y_LT65,MT,2012,3.99,
ESTAT:ILC_PNS4(1.0),02/02/24 23:00:00,A,RAT,T,Y_LT65,MT,2013,4.28,
ESTAT:ILC_PNS4(1.0),02/02/24 23:00:00,A,RAT,T,Y_LT65,MT,2014,4.18,
ESTAT:ILC_PNS4(1.0),02/02/24 23:00:00,A,RAT,T,Y_LT65,MT,2015,4.23,
ESTAT:ILC_PNS4(1.0),02/02/24 23:00:00,A,RAT,T,Y_LT65,MT,2016,4.29,
ESTAT:ILC_PNS4(1.0),02/02/24 23:00:00,A,RAT,T,Y_LT65,MT,2017,4.25,
ESTAT:ILC_PNS4(1.0),02/02/24 23:00:00,A,RAT,T,Y_LT65,MT,2018,4.41,
ESTAT:ILC_PNS4(1.0),02/02/24 23:00:00,A,RAT,T,Y_LT65,MT,2019,4.26,
ESTAT:ILC_PNS4(1.0),02/02/24 23:00:00,A,RAT,T,Y_LT65,MT,2020,4.79,
ESTAT:ILC_PNS4(1.0),02/02/24 23:00:00,A,RAT,T,Y_LT65,MT,2021,5.17,
ESTAT:ILC_PNS4(1.0),02/02/24 23:00:00,A,RAT,T,Y_LT65,MT,2022,4.79,
ESTAT:ILC_PNS4(1.0),02/02/24 23:00:00,A,RAT,T,Y_LT65,NL,2005,4.11,b
ESTAT:ILC_PNS4(1.0),02/02/24 23:00:00,A,RAT,T,Y_LT65,NL,2006,3.92,
ESTAT:ILC_PNS4(1.0),02/02/24 23:00:00,A,RAT,T,Y_LT65,NL,2007,4.08,
ESTAT:ILC_PNS4(1.0),02/02/24 23:00:00,A,RAT,T,Y_LT65,NL,2008,4.12,
ESTAT:ILC_PNS4(1.0),02/02/24 23:00:00,A,RAT,T,Y_LT65,NL,2009,4.07,
ESTAT:ILC_PNS4(1.0),02/02/24 23:00:00,A,RAT,T,Y_LT65,NL,2010,3.75,
ESTAT:ILC_PNS4(1.0),02/02/24 23:00:00,A,RAT,T,Y_LT65,NL,2011,3.82,
ESTAT:ILC_PNS4(1.0),02/02/24 23:00:00,A,RAT,T,Y_LT65,NL,2012,3.71,
ESTAT:ILC_PNS4(1.0),02/02/24 23:00:00,A,RAT,T,Y_LT65,NL,2013,3.67,
ESTAT:ILC_PNS4(1.0),02/02/24 23:00:00,A,RAT,T,Y_LT65,NL,2014,3.91,
ESTAT:ILC_PNS4(1.0),02/02/24 23:00:00,A,RAT,T,Y_LT65,NL,2015,4.00,
ESTAT:ILC_PNS4(1.0),02/02/24 23:00:00,A,RAT,T,Y_LT65,NL,2016,4.12,b
ESTAT:ILC_PNS4(1.0),02/02/24 23:00:00,A,RAT,T,Y_LT65,NL,2017,4.20,
ESTAT:ILC_PNS4(1.0),02/02/24 23:00:00,A,RAT,T,Y_LT65,NL,2018,4.28,
ESTAT:ILC_PNS4(1.0),02/02/24 23:00:00,A,RAT,T,Y_LT65,NL,2019,4.11,
ESTAT:ILC_PNS4(1.0),02/02/24 23:00:00,A,RAT,T,Y_LT65,NL,2020,4.40,
ESTAT:ILC_PNS4(1.0),02/02/24 23:00:00,A,RAT,T,Y_LT65,NL,2021,4.06,
ESTAT:ILC_PNS4(1.0),02/02/24 23:00:00,A,RAT,T,Y_LT65,NL,2022,4.10,
ESTAT:ILC_PNS4(1.0),02/02/24 23:00:00,A,RAT,T,Y_LT65,NO,2003,3.73,b
ESTAT:ILC_PNS4(1.0),02/02/24 23:00:00,A,RAT,T,Y_LT65,NO,2004,3.59,
ESTAT:ILC_PNS4(1.0),02/02/24 23:00:00,A,RAT,T,Y_LT65,NO,2005,3.90,
ESTAT:ILC_PNS4(1.0),02/02/24 23:00:00,A,RAT,T,Y_LT65,NO,2006,4.71,
ESTAT:ILC_PNS4(1.0),02/02/24 23:00:00,A,RAT,T,Y_LT65,NO,2007,3.63,
ESTAT:ILC_PNS4(1.0),02/02/24 23:00:00,A,RAT,T,Y_LT65,NO,2008,3.82,
ESTAT:ILC_PNS4(1.0),02/02/24 23:00:00,A,RAT,T,Y_LT65,NO,2009,3.60,
ESTAT:ILC_PNS4(1.0),02/02/24 23:00:00,A,RAT,T,Y_LT65,NO,2010,3.48,
ESTAT:ILC_PNS4(1.0),02/02/24 23:00:00,A,RAT,T,Y_LT65,NO,2011,3.34,
ESTAT:ILC_PNS4(1.0),02/02/24 23:00:00,A,RAT,T,Y_LT65,NO,2012,3.32,
ESTAT:ILC_PNS4(1.0),02/02/24 23:00:00,A,RAT,T,Y_LT65,NO,2013,3.35,
ESTAT:ILC_PNS4(1.0),02/02/24 23:00:00,A,RAT,T,Y_LT65,NO,2014,3.52,
ESTAT:ILC_PNS4(1.0),02/02/24 23:00:00,A,RAT,T,Y_LT65,NO,2015,3.64,
ESTAT:ILC_PNS4(1.0),02/02/24 23:00:00,A,RAT,T,Y_LT65,NO,2016,3.83,
ESTAT:ILC_PNS4(1.0),02/02/24 23:00:00,A,RAT,T,Y_LT65,NO,2017,4.09,
ESTAT:ILC_PNS4(1.0),02/02/24 23:00:00,A,RAT,T,Y_LT65,NO,2018,3.93,
ESTAT:ILC_PNS4(1.0),02/02/24 23:00:00,A,RAT,T,Y_LT65,NO,2019,3.98,
ESTAT:ILC_PNS4(1.0),02/02/24 23:00:00,A,RAT,T,Y_LT65,NO,2020,3.86,
ESTAT:ILC_PNS4(1.0),02/02/24 23:00:00,A,RAT,T,Y_LT65,NO,2021,4.08,b
ESTAT:ILC_PNS4(1.0),02/02/24 23:00:00,A,RAT,T,Y_LT65,NO,2022,4.39,
ESTAT:ILC_PNS4(1.0),02/02/24 23:00:00,A,RAT,T,Y_LT65,PL,2005,7.23,b
ESTAT:ILC_PNS4(1.0),02/02/24 23:00:00,A,RAT,T,Y_LT65,PL,2006,6.04,
ESTAT:ILC_PNS4(1.0),02/02/24 23:00:00,A,RAT,T,Y_LT65,PL,2007,5.63,
ESTAT:ILC_PNS4(1.0),02/02/24 23:00:00,A,RAT,T,Y_LT65,PL,2008,5.43,
ESTAT:ILC_PNS4(1.0),02/02/24 23:00:00,A,RAT,T,Y_LT65,PL,2009,5.22,
ESTAT:ILC_PNS4(1.0),02/02/24 23:00:00,A,RAT,T,Y_LT65,PL,2010,5.20,
ESTAT:ILC_PNS4(1.0),02/02/24 23:00:00,A,RAT,T,Y_LT65,PL,2011,5.19,
ESTAT:ILC_PNS4(1.0),02/02/24 23:00:00,A,RAT,T,Y_LT65,PL,2012,5.17,
ESTAT:ILC_PNS4(1.0),02/02/24 23:00:00,A,RAT,T,Y_LT65,PL,2013,5.15,
ESTAT:ILC_PNS4(1.0),02/02/24 23:00:00,A,RAT,T,Y_LT65,PL,2014,5.21,
ESTAT:ILC_PNS4(1.0),02/02/24 23:00:00,A,RAT,T,Y_LT65,PL,2015,5.23,
ESTAT:ILC_PNS4(1.0),02/02/24 23:00:00,A,RAT,T,Y_LT65,PL,2016,5.05,
ESTAT:ILC_PNS4(1.0),02/02/24 23:00:00,A,RAT,T,Y_LT65,PL,2017,4.78,
ESTAT:ILC_PNS4(1.0),02/02/24 23:00:00,A,RAT,T,Y_LT65,PL,2018,4.43,
ESTAT:ILC_PNS4(1.0),02/02/24 23:00:00,A,RAT,T,Y_LT65,PL,2019,4.52,
ESTAT:ILC_PNS4(1.0),02/02/24 23:00:00,A,RAT,T,Y_LT65,PL,2020,4.18,
ESTAT:ILC_PNS4(1.0),02/02/24 23:00:00,A,RAT,T,Y_LT65,PL,2021,4.15,
ESTAT:ILC_PNS4(1.0),02/02/24 23:00:00,A,RAT,T,Y_LT65,PL,2022,4.06,
ESTAT:ILC_PNS4(1.0),02/02/24 23:00:00,A,RAT,T,Y_LT65,PT,2004,7.05,b
ESTAT:ILC_PNS4(1.0),02/02/24 23:00:00,A,RAT,T,Y_LT65,PT,2005,7.09,
ESTAT:ILC_PNS4(1.0),02/02/24 23:00:00,A,RAT,T,Y_LT65,PT,2006,6.79,
ESTAT:ILC_PNS4(1.0),02/02/24 23:00:00,A,RAT,T,Y_LT65,PT,2007,6.45,
ESTAT:ILC_PNS4(1.0),02/02/24 23:00:00,A,RAT,T,Y_LT65,PT,2008,6.24,
ESTAT:ILC_PNS4(1.0),02/02/24 23:00:00,A,RAT,T,Y_LT65,PT,2009,6.21,
ESTAT:ILC_PNS4(1.0),02/02/24 23:00:00,A,RAT,T,Y_LT65,PT,2010,5.67,
ESTAT:ILC_PNS4(1.0),02/02/24 23:00:00,A,RAT,T,Y_LT65,PT,2011,5.82,
ESTAT:ILC_PNS4(1.0),02/02/24 23:00:00,A,RAT,T,Y_LT65,PT,2012,5.97,
ESTAT:ILC_PNS4(1.0),02/02/24 23:00:00,A,RAT,T,Y_LT65,PT,2013,6.33,
ESTAT:ILC_PNS4(1.0),02/02/24 23:00:00,A,RAT,T,Y_LT65,PT,2014,6.63,
ESTAT:ILC_PNS4(1.0),02/02/24 23:00:00,A,RAT,T,Y_LT65,PT,2015,6.35,
ESTAT:ILC_PNS4(1.0),02/02/24 23:00:00,A,RAT,T,Y_LT65,PT,2016,6.02,
ESTAT:ILC_PNS4(1.0),02/02/24 23:00:00,A,RAT,T,Y_LT65,PT,2017,5.88,
ESTAT:ILC_PNS4(1.0),02/02/24 23:00:00,A,RAT,T,Y_LT65,PT,2018,5.22,
ESTAT:ILC_PNS4(1.0),02/02/24 23:00:00,A,RAT,T,Y_LT65,PT,2019,5.14,
ESTAT:ILC_PNS4(1.0),02/02/24 23:00:00,A,RAT,T,Y_LT65,PT,2020,4.99,
ESTAT:ILC_PNS4(1.0),02/02/24 23:00:00,A,RAT,T,Y_LT65,PT,2021,5.65,
ESTAT:ILC_PNS4(1.0),02/02/24 23:00:00,A,RAT,T,Y_LT65,PT,2022,5.01,
ESTAT:ILC_PNS4(1.0),02/02/24 23:00:00,A,RAT,T,Y_LT65,RO,2007,8.51,b
ESTAT:ILC_PNS4(1.0),02/02/24 23:00:00,A,RAT,T,Y_LT65,RO,2008,7.41,
ESTAT:ILC_PNS4(1.0),02/02/24 23:00:00,A,RAT,T,Y_LT65,RO,2009,6.97,
ESTAT:ILC_PNS4(1.0),02/02/24 23:00:00,A,RAT,T,Y_LT65,RO,2010,6.57,
ESTAT:ILC_PNS4(1.0),02/02/24 23:00:00,A,RAT,T,Y_LT65,RO,2011,6.72,
ESTAT:ILC_PNS4(1.0),02/02/24 23:00:00,A,RAT,T,Y_LT65,RO,2012,7.19,
ESTAT:ILC_PNS4(1.0),02/02/24 23:00:00,A,RAT,T,Y_LT65,RO,2013,7.40,
ESTAT:ILC_PNS4(1.0),02/02/24 23:00:00,A,RAT,T,Y_LT65,RO,2014,7.85,
ESTAT:ILC_PNS4(1.0),02/02/24 23:00:00,A,RAT,T,Y_LT65,RO,2015,8.79,
ESTAT:ILC_PNS4(1.0),02/02/24 23:00:00,A,RAT,T,Y_LT65,RO,2016,8.03,
ESTAT:ILC_PNS4(1.0),02/02/24 23:00:00,A,RAT,T,Y_LT65,RO,2017,7.04,
ESTAT:ILC_PNS4(1.0),02/02/24 23:00:00,A,RAT,T,Y_LT65,RO,2018,8.05,
ESTAT:ILC_PNS4(1.0),02/02/24 23:00:00,A,RAT,T,Y_LT65,RO,2019,7.82,
ESTAT:ILC_PNS4(1.0),02/02/24 23:00:00,A,RAT,T,Y_LT65,RO,2020,7.21,
ESTAT:ILC_PNS4(1.0),02/02/24 23:00:00,A,RAT,T,Y_LT65,RO,2021,7.80,
ESTAT:ILC_PNS4(1.0),02/02/24 23:00:00,A,RAT,T,Y_LT65,RO,2022,6.56,
ESTAT:ILC_PNS4(1.0),02/02/24 23:00:00,A,RAT,T,Y_LT65,RS,2013,9.16,
ESTAT:ILC_PNS4(1.0),02/02/24 23:00:00,A,RAT,T,Y_LT65,RS,2014,10.43,
ESTAT:ILC_PNS4(1.0),02/02/24 23:00:00,A,RAT,T,Y_LT65,RS,2015,12.18,
ESTAT:ILC_PNS4(1.0),02/02/24 23:00:00,A,RAT,T,Y_LT65,RS,2016,12.63,
ESTAT:ILC_PNS4(1.0),02/02/24 23:00:00,A,RAT,T,Y_LT65,RS,2017,10.65,
ESTAT:ILC_PNS4(1.0),02/02/24 23:00:00,A,RAT,T,Y_LT65,RS,2018,9.89,
ESTAT:ILC_PNS4(1.0),02/02/24 23:00:00,A,RAT,T,Y_LT65,RS,2019,6.70,
ESTAT:ILC_PNS4(1.0),02/02/24 23:00:00,A,RAT,T,Y_LT65,RS,2020,6.44,
ESTAT:ILC_PNS4(1.0),02/02/24 23:00:00,A,RAT,T,Y_LT65,RS,2021,6.13,
ESTAT:ILC_PNS4(1.0),02/02/24 23:00:00,A,RAT,T,Y_LT65,RS,2022,5.80,
ESTAT:ILC_PNS4(1.0),02/02/24 23:00:00,A,RAT,T,Y_LT65,SE,2004,3.33,b
ESTAT:ILC_PNS4(1.0),02/02/24 23:00:00,A,RAT,T,Y_LT65,SE,2005,3.38,
ESTAT:ILC_PNS4(1.0),02/02/24 23:00:00,A,RAT,T,Y_LT65,SE,2006,3.70,
ESTAT:ILC_PNS4(1.0),02/02/24 23:00:00,A,RAT,T,Y_LT65,SE,2007,3.42,
ESTAT:ILC_PNS4(1.0),02/02/24 23:00:00,A,RAT,T,Y_LT65,SE,2008,3.73,b
ESTAT:ILC_PNS4(1.0),02/02/24 23:00:00,A,RAT,T,Y_LT65,SE,2009,4.04,
ESTAT:ILC_PNS4(1.0),02/02/24 23:00:00,A,RAT,T,Y_LT65,SE,2010,4.01,
ESTAT:ILC_PNS4(1.0),02/02/24 23:00:00,A,RAT,T,Y_LT65,SE,2011,4.06,
ESTAT:ILC_PNS4(1.0),02/02/24 23:00:00,A,RAT,T,Y_LT65,SE,2012,4.10,
ESTAT:ILC_PNS4(1.0),02/02/24 23:00:00,A,RAT,T,Y_LT65,SE,2013,4.12,
ESTAT:ILC_PNS4(1.0),02/02/24 23:00:00,A,RAT,T,Y_LT65,SE,2014,4.31,
ESTAT:ILC_PNS4(1.0),02/02/24 23:00:00,A,RAT,T,Y_LT65,SE,2015,4.25,
ESTAT:ILC_PNS4(1.0),02/02/24 23:00:00,A,RAT,T,Y_LT65,SE,2016,4.34,
ESTAT:ILC_PNS4(1.0),02/02/24 23:00:00,A,RAT,T,Y_LT65,SE,2017,4.40,
ESTAT:ILC_PNS4(1.0),02/02/24 23:00:00,A,RAT,T,Y_LT65,SE,2018,4.31,
ESTAT:ILC_PNS4(1.0),02/02/24 23:00:00,A,RAT,T,Y_LT65,SE,2019,4.52,
ESTAT:ILC_PNS4(1.0),02/02/24 23:00:00,A,RAT,T,Y_LT65,SE,2020,4.30,
ESTAT:ILC_PNS4(1.0),02/02/24 23:00:00,A,RAT,T,Y_LT65,SE,2021,4.25,
ESTAT:ILC_PNS4(1.0),02/02/24 23:00:00,A,RAT,T,Y_LT65,SE,2022,4.47,
ESTAT:ILC_PNS4(1.0),02/02/24 23:00:00,A,RAT,T,Y_LT65,SI,2005,3.34,b
ESTAT:ILC_PNS4(1.0),02/02/24 23:00:00,A,RAT,T,Y_LT65,SI,2006,3.32,
ESTAT:ILC_PNS4(1.0),02/02/24 23:00:00,A,RAT,T,Y_LT65,SI,2007,3.24,
ESTAT:ILC_PNS4(1.0),02/02/24 23:00:00,A,RAT,T,Y_LT65,SI,2008,3.27,
ESTAT:ILC_PNS4(1.0),02/02/24 23:00:00,A,RAT,T,Y_LT65,SI,2009,3.15,
ESTAT:ILC_PNS4(1.0),02/02/24 23:00:00,A,RAT,T,Y_LT65,SI,2010,3.35,
ESTAT:ILC_PNS4(1.0),02/02/24 23:00:00,A,RAT,T,Y_LT65,SI,2011,3.40,
ESTAT:ILC_PNS4(1.0),02/02/24 23:00:00,A,RAT,T,Y_LT65,SI,2012,3.39,
ESTAT:ILC_PNS4(1.0),02/02/24 23:00:00,A,RAT,T,Y_LT65,SI,2013,3.57,
ESTAT:ILC_PNS4(1.0),02/02/24 23:00:00,A,RAT,T,Y_LT65,SI,2014,3.72,
ESTAT:ILC_PNS4(1.0),02/02/24 23:00:00,A,RAT,T,Y_LT65,SI,2015,3.59,
ESTAT:ILC_PNS4(1.0),02/02/24 23:00:00,A,RAT,T,Y_LT65,SI,2016,3.54,
ESTAT:ILC_PNS4(1.0),02/02/24 23:00:00,A,RAT,T,Y_LT65,SI,2017,3.41,
ESTAT:ILC_PNS4(1.0),02/02/24 23:00:00,A,RAT,T,Y_LT65,SI,2018,3.32,
ESTAT:ILC_PNS4(1.0),02/02/24 23:00:00,A,RAT,T,Y_LT65,SI,2019,3.34,
ESTAT:ILC_PNS4(1.0),02/02/24 23:00:00,A,RAT,T,Y_LT65,SI,2020,3.28,
ESTAT:ILC_PNS4(1.0),02/02/24 23:00:00,A,RAT,T,Y_LT65,SI,2021,3.20,
ESTAT:ILC_PNS4(1.0),02/02/24 23:00:00,A,RAT,T,Y_LT65,SI,2022,3.21,
ESTAT:ILC_PNS4(1.0),02/02/24 23:00:00,A,RAT,T,Y_LT65,SK,2005,4.12,
ESTAT:ILC_PNS4(1.0),02/02/24 23:00:00,A,RAT,T,Y_LT65,SK,2006,4.19,
ESTAT:ILC_PNS4(1.0),02/02/24 23:00:00,A,RAT,T,Y_LT65,SK,2007,3.61,
ESTAT:ILC_PNS4(1.0),02/02/24 23:00:00,A,RAT,T,Y_LT65,SK,2008,3.48,
ESTAT:ILC_PNS4(1.0),02/02/24 23:00:00,A,RAT,T,Y_LT65,SK,2009,3.70,
ESTAT:ILC_PNS4(1.0),02/02/24 23:00:00,A,RAT,T,Y_LT65,SK,2010,4.04,
ESTAT:ILC_PNS4(1.0),02/02/24 23:00:00,A,RAT,T,Y_LT65,SK,2011,4.01,
ESTAT:ILC_PNS4(1.0),02/02/24 23:00:00,A,RAT,T,Y_LT65,SK,2012,3.95,
ESTAT:ILC_PNS4(1.0),02/02/24 23:00:00,A,RAT,T,Y_LT65,SK,2013,3.81,
ESTAT:ILC_PNS4(1.0),02/02/24 23:00:00,A,RAT,T,Y_LT65,SK,2014,4.25,
ESTAT:ILC_PNS4(1.0),02/02/24 23:00:00,A,RAT,T,Y_LT65,SK,2015,3.78,
ESTAT:ILC_PNS4(1.0),02/02/24 23:00:00,A,RAT,T,Y_LT65,SK,2016,3.90,
ESTAT:ILC_PNS4(1.0),02/02/24 23:00:00,A,RAT,T,Y_LT65,SK,2017,3.72,
ESTAT:ILC_PNS4(1.0),02/02/24 23:00:00,A,RAT,T,Y_LT65,SK,2018,3.18,
ESTAT:ILC_PNS4(1.0),02/02/24 23:00:00,A,RAT,T,Y_LT65,SK,2019,3.52,
ESTAT:ILC_PNS4(1.0),02/02/24 23:00:00,A,RAT,T,Y_LT65,SK,2020,3.16,
ESTAT:ILC_PNS4(1.0),02/02/24 23:00:00,A,RAT,T,Y_LT65,SK,2021,3.30,
ESTAT:ILC_PNS4(1.0),02/02/24 23:00:00,A,RAT,T,Y_LT65,SK,2022,3.30,
ESTAT:ILC_PNS4(1.0),02/02/24 23:00:00,A,RAT,T,Y_LT65,TR,2006,11.32,b
ESTAT:ILC_PNS4(1.0),02/02/24 23:00:00,A,RAT,T,Y_LT65,TR,2007,9.34,
ESTAT:ILC_PNS4(1.0),02/02/24 23:00:00,A,RAT,T,Y_LT65,TR,2008,9.44,
ESTAT:ILC_PNS4(1.0),02/02/24 23:00:00,A,RAT,T,Y_LT65,TR,2009,10.43,
ESTAT:ILC_PNS4(1.0),02/02/24 23:00:00,A,RAT,T,Y_LT65,TR,2010,9.98,
ESTAT:ILC_PNS4(1.0),02/02/24 23:00:00,A,RAT,T,Y_LT65,TR,2011,9.64,
ESTAT:ILC_PNS4(1.0),02/02/24 23:00:00,A,RAT,T,Y_LT65,TR,2012,9.45,
ESTAT:ILC_PNS4(1.0),02/02/24 23:00:00,A,RAT,T,Y_LT65,TR,2013,8.79,
ESTAT:ILC_PNS4(1.0),02/02/24 23:00:00,A,RAT,T,Y_LT65,TR,2014,8.41,
ESTAT:ILC_PNS4(1.0),02/02/24 23:00:00,A,RAT,T,Y_LT65,TR,2015,8.74,
ESTAT:ILC_PNS4(1.0),02/02/24 23:00:00,A,RAT,T,Y_LT65,TR,2016,8.81,
ESTAT:ILC_PNS4(1.0),02/02/24 23:00:00,A,RAT,T,Y_LT65,TR,2017,8.86,
ESTAT:ILC_PNS4(1.0),02/02/24 23:00:00,A,RAT,T,Y_LT65,TR,2018,8.75,
ESTAT:ILC_PNS4(1.0),02/02/24 23:00:00,A,RAT,T,Y_LT65,TR,2019,8.47,
ESTAT:ILC_PNS4(1.0),02/02/24 23:00:00,A,RAT,T,Y_LT65,TR,2020,9.14,
ESTAT:ILC_PNS4(1.0),02/02/24 23:00:00,A,RAT,T,Y_LT65,TR,2021,9.01,
ESTAT:ILC_PNS4(1.0),02/02/24 23:00:00,A,RAT,T,Y_LT65,UK,2005,6.04,b
ESTAT:ILC_PNS4(1.0),02/02/24 23:00:00,A,RAT,T,Y_LT65,UK,2006,5.42,
ESTAT:ILC_PNS4(1.0),02/02/24 23:00:00,A,RAT,T,Y_LT65,UK,2007,5.43,
ESTAT:ILC_PNS4(1.0),02/02/24 23:00:00,A,RAT,T,Y_LT65,UK,2008,5.69,
ESTAT:ILC_PNS4(1.0),02/02/24 23:00:00,A,RAT,T,Y_LT65,UK,2009,5.38,
ESTAT:ILC_PNS4(1.0),02/02/24 23:00:00,A,RAT,T,Y_LT65,UK,2010,5.49,
ESTAT:ILC_PNS4(1.0),02/02/24 23:00:00,A,RAT,T,Y_LT65,UK,2011,5.42,
ESTAT:ILC_PNS4(1.0),02/02/24 23:00:00,A,RAT,T,Y_LT65,UK,2012,5.14,b
ESTAT:ILC_PNS4(1.0),02/02/24 23:00:00,A,RAT,T,Y_LT65,UK,2013,4.78,
ESTAT:ILC_PNS4(1.0),02/02/24 23:00:00,A,RAT,T,Y_LT65,UK,2014,5.19,
ESTAT:ILC_PNS4(1.0),02/02/24 23:00:00,A,RAT,T,Y_LT65,UK,2015,5.46,
ESTAT:ILC_PNS4(1.0),02/02/24 23:00:00,A,RAT,T,Y_LT65,UK,2016,5.25,
ESTAT:ILC_PNS4(1.0),02/02/24 23:00:00,A,RAT,T,Y_LT65,UK,2017,5.61,b
ESTAT:ILC_PNS4(1.0),02/02/24 23:00:00,A,RAT,T,Y_LT65,UK,2018,5.83,
ESTAT:ILC_PNS4(1.0),02/02/24 23:00:00,A,RAT,T,Y_LT65,XK,2018,16.34,
