DATAFLOW,LAST UPDATE,freq,sex,unit,indic_il,age,geo,TIME_PERIOD,OBS_VALUE,OBS_FLAG
ESTAT:TIPSLC20(1.0),02/02/24 23:00:00,A,T,PC,LI_R_MD60,TOTAL,AT,1995,13.0,
ESTAT:TIPSLC20(1.0),02/02/24 23:00:00,A,T,PC,LI_R_MD60,TOTAL,AT,1996,14.0,
ESTAT:TIPSLC20(1.0),02/02/24 23:00:00,A,T,PC,LI_R_MD60,TOTAL,AT,1997,13.0,
ESTAT:TIPSLC20(1.0),02/02/24 23:00:00,A,T,PC,LI_R_MD60,TOTAL,AT,1998,13.0,
ESTAT:TIPSLC20(1.0),02/02/24 23:00:00,A,T,PC,LI_R_MD60,TOTAL,AT,1999,12.0,
ESTAT:TIPSLC20(1.0),02/02/24 23:00:00,A,T,PC,LI_R_MD60,TOTAL,AT,2000,12.0,
ESTAT:TIPSLC20(1.0),02/02/24 23:00:00,A,T,PC,LI_R_MD60,TOTAL,AT,2001,12.0,
ESTAT:TIPSLC20(1.0),02/02/24 23:00:00,A,T,PC,LI_R_MD60,TOTAL,AT,2003,13.2,b
ESTAT:TIPSLC20(1.0),02/02/24 23:00:00,A,T,PC,LI_R_MD60,TOTAL,AT,2004,13.0,
ESTAT:TIPSLC20(1.0),02/02/24 23:00:00,A,T,PC,LI_R_MD60,TOTAL,AT,2005,12.6,
ESTAT:TIPSLC20(1.0),02/02/24 23:00:00,A,T,PC,LI_R_MD60,TOTAL,AT,2006,12.6,
ESTAT:TIPSLC20(1.0),02/02/24 23:00:00,A,T,PC,LI_R_MD60,TOTAL,AT,2007,12.0,
ESTAT:TIPSLC20(1.0),02/02/24 23:00:00,A,T,PC,LI_R_MD60,TOTAL,AT,2008,15.2,
ESTAT:TIPSLC20(1.0),02/02/24 23:00:00,A,T,PC,LI_R_MD60,TOTAL,AT,2009,14.5,
ESTAT:TIPSLC20(1.0),02/02/24 23:00:00,A,T,PC,LI_R_MD60,TOTAL,AT,2010,14.7,
ESTAT:TIPSLC20(1.0),02/02/24 23:00:00,A,T,PC,LI_R_MD60,TOTAL,AT,2011,14.5,
ESTAT:TIPSLC20(1.0),02/02/24 23:00:00,A,T,PC,LI_R_MD60,TOTAL,AT,2012,14.4,
ESTAT:TIPSLC20(1.0),02/02/24 23:00:00,A,T,PC,LI_R_MD60,TOTAL,AT,2013,14.4,
ESTAT:TIPSLC20(1.0),02/02/24 23:00:00,A,T,PC,LI_R_MD60,TOTAL,AT,2014,14.1,
ESTAT:TIPSLC20(1.0),02/02/24 23:00:00,A,T,PC,LI_R_MD60,TOTAL,AT,2015,13.9,
ESTAT:TIPSLC20(1.0),02/02/24 23:00:00,A,T,PC,LI_R_MD60,TOTAL,AT,2016,14.1,
ESTAT:TIPSLC20(1.0),02/02/24 23:00:00,A,T,PC,LI_R_MD60,TOTAL,AT,2017,14.4,
ESTAT:TIPSLC20(1.0),02/02/24 23:00:00,A,T,PC,LI_R_MD60,TOTAL,AT,2018,14.3,
ESTAT:TIPSLC20(1.0),02/02/24 23:00:00,A,T,PC,LI_R_MD60,TOTAL,AT,2019,13.3,
ESTAT:TIPSLC20(1.0),02/02/24 23:00:00,A,T,PC,LI_R_MD60,TOTAL,AT,2020,13.9,
ESTAT:TIPSLC20(1.0),02/02/24 23:00:00,A,T,PC,LI_R_MD60,TOTAL,AT,2021,14.7,
ESTAT:TIPSLC20(1.0),02/02/24 23:00:00,A,T,PC,LI_R_MD60,TOTAL,AT,2022,14.8,
ESTAT:TIPSLC20(1.0),02/02/24 23:00:00,A,T,PC,LI_R_MD60,TOTAL,BE,1995,16.0,
ESTAT:TIPSLC20(1.0),02/02/24 23:00:00,A,T,PC,LI_R_MD60,TOTAL,BE,1996,15.0,
ESTAT:TIPSLC20(1.0),02/02/24 23:00:00,A,T,PC,LI_R_MD60,TOTAL,BE,1997,14.0,
ESTAT:TIPSLC20(1.0),02/02/24 23:00:00,A,T,PC,LI_R_MD60,TOTAL,BE,1998,14.0,
ESTAT:TIPSLC20(1.0),02/02/24 23:00:00,A,T,PC,LI_R_MD60,TOTAL,BE,1999,13.0,
ESTAT:TIPSLC20(1.0),02/02/24 23:00:00,A,T,PC,LI_R_MD60,TOTAL,BE,2000,13.0,
ESTAT:TIPSLC20(1.0),02/02/24 23:00:00,A,T,PC,LI_R_MD60,TOTAL,BE,2001,13.0,
ESTAT:TIPSLC20(1.0),02/02/24 23:00:00,A,T,PC,LI_R_MD60,TOTAL,BE,2003,15.4,b
ESTAT:TIPSLC20(1.0),02/02/24 23:00:00,A,T,PC,LI_R_MD60,TOTAL,BE,2004,14.3,
ESTAT:TIPSLC20(1.0),02/02/24 23:00:00,A,T,PC,LI_R_MD60,TOTAL,BE,2005,14.8,
ESTAT:TIPSLC20(1.0),02/02/24 23:00:00,A,T,PC,LI_R_MD60,TOTAL,BE,2006,14.7,
ESTAT:TIPSLC20(1.0),02/02/24 23:00:00,A,T,PC,LI_R_MD60,TOTAL,BE,2007,15.2,
ESTAT:TIPSLC20(1.0),02/02/24 23:00:00,A,T,PC,LI_R_MD60,TOTAL,BE,2008,14.7,
ESTAT:TIPSLC20(1.0),02/02/24 23:00:00,A,T,PC,LI_R_MD60,TOTAL,BE,2009,14.6,
ESTAT:TIPSLC20(1.0),02/02/24 23:00:00,A,T,PC,LI_R_MD60,TOTAL,BE,2010,14.6,
ESTAT:TIPSLC20(1.0),02/02/24 23:00:00,A,T,PC,LI_R_MD60,TOTAL,BE,2011,15.3,
ESTAT:TIPSLC20(1.0),02/02/24 23:00:00,A,T,PC,LI_R_MD60,TOTAL,BE,2012,15.3,
ESTAT:TIPSLC20(1.0),02/02/24 23:00:00,A,T,PC,LI_R_MD60,TOTAL,BE,2013,15.1,
ESTAT:TIPSLC20(1.0),02/02/24 23:00:00,A,T,PC,LI_R_MD60,TOTAL,BE,2014,15.5,
ESTAT:TIPSLC20(1.0),02/02/24 23:00:00,A,T,PC,LI_R_MD60,TOTAL,BE,2015,14.9,
ESTAT:TIPSLC20(1.0),02/02/24 23:00:00,A,T,PC,LI_R_MD60,TOTAL,BE,2016,15.5,
ESTAT:TIPSLC20(1.0),02/02/24 23:00:00,A,T,PC,LI_R_MD60,TOTAL,BE,2017,15.9,
ESTAT:TIPSLC20(1.0),02/02/24 23:00:00,A,T,PC,LI_R_MD60,TOTAL,BE,2018,16.4,
ESTAT:TIPSLC20(1.0),02/02/24 23:00:00,A,T,PC,LI_R_MD60,TOTAL,BE,2019,14.8,b
ESTAT:TIPSLC20(1.0),02/02/24 23:00:00,A,T,PC,LI_R_MD60,TOTAL,BE,2020,14.1,
ESTAT:TIPSLC20(1.0),02/02/24 23:00:00,A,T,PC,LI_R_MD60,TOTAL,BE,2021,12.7,
ESTAT:TIPSLC20(1.0),02/02/24 23:00:00,A,T,PC,LI_R_MD60,TOTAL,BE,2022,13.2,
ESTAT:TIPSLC20(1.0),02/02/24 23:00:00,A,T,PC,LI_R_MD60,TOTAL,BG,2000,14.0,
ESTAT:TIPSLC20(1.0),02/02/24 23:00:00,A,T,PC,LI_R_MD60,TOTAL,BG,2001,16.0,
ESTAT:TIPSLC20(1.0),02/02/24 23:00:00,A,T,PC,LI_R_MD60,TOTAL,BG,2002,14.0,
ESTAT:TIPSLC20(1.0),02/02/24 23:00:00,A,T,PC,LI_R_MD60,TOTAL,BG,2006,18.4,b
ESTAT:TIPSLC20(1.0),02/02/24 23:00:00,A,T,PC,LI_R_MD60,TOTAL,BG,2007,22.0,
ESTAT:TIPSLC20(1.0),02/02/24 23:00:00,A,T,PC,LI_R_MD60,TOTAL,BG,2008,21.4,
ESTAT:TIPSLC20(1.0),02/02/24 23:00:00,A,T,PC,LI_R_MD60,TOTAL,BG,2009,21.8,
ESTAT:TIPSLC20(1.0),02/02/24 23:00:00,A,T,PC,LI_R_MD60,TOTAL,BG,2010,20.7,
ESTAT:TIPSLC20(1.0),02/02/24 23:00:00,A,T,PC,LI_R_MD60,TOTAL,BG,2011,22.2,
ESTAT:TIPSLC20(1.0),02/02/24 23:00:00,A,T,PC,LI_R_MD60,TOTAL,BG,2012,21.2,
ESTAT:TIPSLC20(1.0),02/02/24 23:00:00,A,T,PC,LI_R_MD60,TOTAL,BG,2013,21.0,
ESTAT:TIPSLC20(1.0),02/02/24 23:00:00,A,T,PC,LI_R_MD60,TOTAL,BG,2014,21.8,
ESTAT:TIPSLC20(1.0),02/02/24 23:00:00,A,T,PC,LI_R_MD60,TOTAL,BG,2015,22.0,
ESTAT:TIPSLC20(1.0),02/02/24 23:00:00,A,T,PC,LI_R_MD60,TOTAL,BG,2016,22.9,b
ESTAT:TIPSLC20(1.0),02/02/24 23:00:00,A,T,PC,LI_R_MD60,TOTAL,BG,2017,23.4,
ESTAT:TIPSLC20(1.0),02/02/24 23:00:00,A,T,PC,LI_R_MD60,TOTAL,BG,2018,22.0,
ESTAT:TIPSLC20(1.0),02/02/24 23:00:00,A,T,PC,LI_R_MD60,TOTAL,BG,2019,22.6,
ESTAT:TIPSLC20(1.0),02/02/24 23:00:00,A,T,PC,LI_R_MD60,TOTAL,BG,2020,23.8,
ESTAT:TIPSLC20(1.0),02/02/24 23:00:00,A,T,PC,LI_R_MD60,TOTAL,BG,2021,22.1,
ESTAT:TIPSLC20(1.0),02/02/24 23:00:00,A,T,PC,LI_R_MD60,TOTAL,BG,2022,22.9,
ESTAT:TIPSLC20(1.0),02/02/24 23:00:00,A,T,PC,LI_R_MD60,TOTAL,CY,2005,16.1,
ESTAT:TIPSLC20(1.0),02/02/24 23:00:00,A,T,PC,LI_R_MD60,TOTAL,CY,2006,15.6,
ESTAT:TIPSLC20(1.0),02/02/24 23:00:00,A,T,PC,LI_R_MD60,TOTAL,CY,2007,15.5,
ESTAT:TIPSLC20(1.0),02/02/24 23:00:00,A,T,PC,LI_R_MD60,TOTAL,CY,2008,15.9,
ESTAT:TIPSLC20(1.0),02/02/24 23:00:00,A,T,PC,LI_R_MD60,TOTAL,CY,2009,15.8,
ESTAT:TIPSLC20(1.0),02/02/24 23:00:00,A,T,PC,LI_R_MD60,TOTAL,CY,2010,15.6,
ESTAT:TIPSLC20(1.0),02/02/24 23:00:00,A,T,PC,LI_R_MD60,TOTAL,CY,2011,14.8,
ESTAT:TIPSLC20(1.0),02/02/24 23:00:00,A,T,PC,LI_R_MD60,TOTAL,CY,2012,14.7,
ESTAT:TIPSLC20(1.0),02/02/24 23:00:00,A,T,PC,LI_R_MD60,TOTAL,CY,2013,15.3,
ESTAT:TIPSLC20(1.0),02/02/24 23:00:00,A,T,PC,LI_R_MD60,TOTAL,CY,2014,14.4,
ESTAT:TIPSLC20(1.0),02/02/24 23:00:00,A,T,PC,LI_R_MD60,TOTAL,CY,2015,16.2,
ESTAT:TIPSLC20(1.0),02/02/24 23:00:00,A,T,PC,LI_R_MD60,TOTAL,CY,2016,16.1,
ESTAT:TIPSLC20(1.0),02/02/24 23:00:00,A,T,PC,LI_R_MD60,TOTAL,CY,2017,15.7,
ESTAT:TIPSLC20(1.0),02/02/24 23:00:00,A,T,PC,LI_R_MD60,TOTAL,CY,2018,15.4,
ESTAT:TIPSLC20(1.0),02/02/24 23:00:00,A,T,PC,LI_R_MD60,TOTAL,CY,2019,14.7,
ESTAT:TIPSLC20(1.0),02/02/24 23:00:00,A,T,PC,LI_R_MD60,TOTAL,CY,2020,14.3,
ESTAT:TIPSLC20(1.0),02/02/24 23:00:00,A,T,PC,LI_R_MD60,TOTAL,CY,2021,13.8,
ESTAT:TIPSLC20(1.0),02/02/24 23:00:00,A,T,PC,LI_R_MD60,TOTAL,CY,2022,13.9,
ESTAT:TIPSLC20(1.0),02/02/24 23:00:00,A,T,PC,LI_R_MD60,TOTAL,CZ,2001,8.0,
ESTAT:TIPSLC20(1.0),02/02/24 23:00:00,A,T,PC,LI_R_MD60,TOTAL,CZ,2005,10.4,b
ESTAT:TIPSLC20(1.0),02/02/24 23:00:00,A,T,PC,LI_R_MD60,TOTAL,CZ,2006,9.9,
ESTAT:TIPSLC20(1.0),02/02/24 23:00:00,A,T,PC,LI_R_MD60,TOTAL,CZ,2007,9.6,
ESTAT:TIPSLC20(1.0),02/02/24 23:00:00,A,T,PC,LI_R_MD60,TOTAL,CZ,2008,9.0,
ESTAT:TIPSLC20(1.0),02/02/24 23:00:00,A,T,PC,LI_R_MD60,TOTAL,CZ,2009,8.6,
ESTAT:TIPSLC20(1.0),02/02/24 23:00:00,A,T,PC,LI_R_MD60,TOTAL,CZ,2010,9.0,
ESTAT:TIPSLC20(1.0),02/02/24 23:00:00,A,T,PC,LI_R_MD60,TOTAL,CZ,2011,9.8,
ESTAT:TIPSLC20(1.0),02/02/24 23:00:00,A,T,PC,LI_R_MD60,TOTAL,CZ,2012,9.6,
ESTAT:TIPSLC20(1.0),02/02/24 23:00:00,A,T,PC,LI_R_MD60,TOTAL,CZ,2013,8.6,
ESTAT:TIPSLC20(1.0),02/02/24 23:00:00,A,T,PC,LI_R_MD60,TOTAL,CZ,2014,9.7,
ESTAT:TIPSLC20(1.0),02/02/24 23:00:00,A,T,PC,LI_R_MD60,TOTAL,CZ,2015,9.7,
ESTAT:TIPSLC20(1.0),02/02/24 23:00:00,A,T,PC,LI_R_MD60,TOTAL,CZ,2016,9.7,
ESTAT:TIPSLC20(1.0),02/02/24 23:00:00,A,T,PC,LI_R_MD60,TOTAL,CZ,2017,9.1,
ESTAT:TIPSLC20(1.0),02/02/24 23:00:00,A,T,PC,LI_R_MD60,TOTAL,CZ,2018,9.6,
ESTAT:TIPSLC20(1.0),02/02/24 23:00:00,A,T,PC,LI_R_MD60,TOTAL,CZ,2019,10.1,
ESTAT:TIPSLC20(1.0),02/02/24 23:00:00,A,T,PC,LI_R_MD60,TOTAL,CZ,2020,9.5,
ESTAT:TIPSLC20(1.0),02/02/24 23:00:00,A,T,PC,LI_R_MD60,TOTAL,CZ,2021,8.6,
ESTAT:TIPSLC20(1.0),02/02/24 23:00:00,A,T,PC,LI_R_MD60,TOTAL,CZ,2022,10.2,
ESTAT:TIPSLC20(1.0),02/02/24 23:00:00,A,T,PC,LI_R_MD60,TOTAL,DE,1995,15.0,
ESTAT:TIPSLC20(1.0),02/02/24 23:00:00,A,T,PC,LI_R_MD60,TOTAL,DE,1996,14.0,
ESTAT:TIPSLC20(1.0),02/02/24 23:00:00,A,T,PC,LI_R_MD60,TOTAL,DE,1997,12.0,
ESTAT:TIPSLC20(1.0),02/02/24 23:00:00,A,T,PC,LI_R_MD60,TOTAL,DE,1998,11.0,
ESTAT:TIPSLC20(1.0),02/02/24 23:00:00,A,T,PC,LI_R_MD60,TOTAL,DE,1999,11.0,
ESTAT:TIPSLC20(1.0),02/02/24 23:00:00,A,T,PC,LI_R_MD60,TOTAL,DE,2000,10.0,
ESTAT:TIPSLC20(1.0),02/02/24 23:00:00,A,T,PC,LI_R_MD60,TOTAL,DE,2001,11.0,
ESTAT:TIPSLC20(1.0),02/02/24 23:00:00,A,T,PC,LI_R_MD60,TOTAL,DE,2005,12.2,b
ESTAT:TIPSLC20(1.0),02/02/24 23:00:00,A,T,PC,LI_R_MD60,TOTAL,DE,2006,12.5,
ESTAT:TIPSLC20(1.0),02/02/24 23:00:00,A,T,PC,LI_R_MD60,TOTAL,DE,2007,15.2,
ESTAT:TIPSLC20(1.0),02/02/24 23:00:00,A,T,PC,LI_R_MD60,TOTAL,DE,2008,15.2,
ESTAT:TIPSLC20(1.0),02/02/24 23:00:00,A,T,PC,LI_R_MD60,TOTAL,DE,2009,15.5,
ESTAT:TIPSLC20(1.0),02/02/24 23:00:00,A,T,PC,LI_R_MD60,TOTAL,DE,2010,15.6,
ESTAT:TIPSLC20(1.0),02/02/24 23:00:00,A,T,PC,LI_R_MD60,TOTAL,DE,2011,15.8,
ESTAT:TIPSLC20(1.0),02/02/24 23:00:00,A,T,PC,LI_R_MD60,TOTAL,DE,2012,16.1,
ESTAT:TIPSLC20(1.0),02/02/24 23:00:00,A,T,PC,LI_R_MD60,TOTAL,DE,2013,16.1,
ESTAT:TIPSLC20(1.0),02/02/24 23:00:00,A,T,PC,LI_R_MD60,TOTAL,DE,2014,16.7,
ESTAT:TIPSLC20(1.0),02/02/24 23:00:00,A,T,PC,LI_R_MD60,TOTAL,DE,2015,16.7,
ESTAT:TIPSLC20(1.0),02/02/24 23:00:00,A,T,PC,LI_R_MD60,TOTAL,DE,2016,16.5,
ESTAT:TIPSLC20(1.0),02/02/24 23:00:00,A,T,PC,LI_R_MD60,TOTAL,DE,2017,16.1,
ESTAT:TIPSLC20(1.0),02/02/24 23:00:00,A,T,PC,LI_R_MD60,TOTAL,DE,2018,16.0,
ESTAT:TIPSLC20(1.0),02/02/24 23:00:00,A,T,PC,LI_R_MD60,TOTAL,DE,2019,14.8,
ESTAT:TIPSLC20(1.0),02/02/24 23:00:00,A,T,PC,LI_R_MD60,TOTAL,DE,2020,16.1,b
ESTAT:TIPSLC20(1.0),02/02/24 23:00:00,A,T,PC,LI_R_MD60,TOTAL,DE,2021,16.0,
ESTAT:TIPSLC20(1.0),02/02/24 23:00:00,A,T,PC,LI_R_MD60,TOTAL,DE,2022,14.7,
ESTAT:TIPSLC20(1.0),02/02/24 23:00:00,A,T,PC,LI_R_MD60,TOTAL,DK,1995,10.0,
ESTAT:TIPSLC20(1.0),02/02/24 23:00:00,A,T,PC,LI_R_MD60,TOTAL,DK,1997,10.0,
ESTAT:TIPSLC20(1.0),02/02/24 23:00:00,A,T,PC,LI_R_MD60,TOTAL,DK,1999,10.0,
ESTAT:TIPSLC20(1.0),02/02/24 23:00:00,A,T,PC,LI_R_MD60,TOTAL,DK,2001,10.0,
ESTAT:TIPSLC20(1.0),02/02/24 23:00:00,A,T,PC,LI_R_MD60,TOTAL,DK,2003,11.7,b
ESTAT:TIPSLC20(1.0),02/02/24 23:00:00,A,T,PC,LI_R_MD60,TOTAL,DK,2004,10.9,
ESTAT:TIPSLC20(1.0),02/02/24 23:00:00,A,T,PC,LI_R_MD60,TOTAL,DK,2005,11.8,
ESTAT:TIPSLC20(1.0),02/02/24 23:00:00,A,T,PC,LI_R_MD60,TOTAL,DK,2006,11.7,
ESTAT:TIPSLC20(1.0),02/02/24 23:00:00,A,T,PC,LI_R_MD60,TOTAL,DK,2007,11.7,
ESTAT:TIPSLC20(1.0),02/02/24 23:00:00,A,T,PC,LI_R_MD60,TOTAL,DK,2008,11.8,
ESTAT:TIPSLC20(1.0),02/02/24 23:00:00,A,T,PC,LI_R_MD60,TOTAL,DK,2009,13.1,
ESTAT:TIPSLC20(1.0),02/02/24 23:00:00,A,T,PC,LI_R_MD60,TOTAL,DK,2010,13.3,
ESTAT:TIPSLC20(1.0),02/02/24 23:00:00,A,T,PC,LI_R_MD60,TOTAL,DK,2011,12.1,
ESTAT:TIPSLC20(1.0),02/02/24 23:00:00,A,T,PC,LI_R_MD60,TOTAL,DK,2012,12.0,
ESTAT:TIPSLC20(1.0),02/02/24 23:00:00,A,T,PC,LI_R_MD60,TOTAL,DK,2013,11.9,
ESTAT:TIPSLC20(1.0),02/02/24 23:00:00,A,T,PC,LI_R_MD60,TOTAL,DK,2014,12.1,
ESTAT:TIPSLC20(1.0),02/02/24 23:00:00,A,T,PC,LI_R_MD60,TOTAL,DK,2015,12.2,
ESTAT:TIPSLC20(1.0),02/02/24 23:00:00,A,T,PC,LI_R_MD60,TOTAL,DK,2016,11.9,
ESTAT:TIPSLC20(1.0),02/02/24 23:00:00,A,T,PC,LI_R_MD60,TOTAL,DK,2017,12.4,
ESTAT:TIPSLC20(1.0),02/02/24 23:00:00,A,T,PC,LI_R_MD60,TOTAL,DK,2018,12.7,
ESTAT:TIPSLC20(1.0),02/02/24 23:00:00,A,T,PC,LI_R_MD60,TOTAL,DK,2019,12.5,
ESTAT:TIPSLC20(1.0),02/02/24 23:00:00,A,T,PC,LI_R_MD60,TOTAL,DK,2020,12.1,b
ESTAT:TIPSLC20(1.0),02/02/24 23:00:00,A,T,PC,LI_R_MD60,TOTAL,DK,2021,12.3,
ESTAT:TIPSLC20(1.0),02/02/24 23:00:00,A,T,PC,LI_R_MD60,TOTAL,DK,2022,12.4,
ESTAT:TIPSLC20(1.0),02/02/24 23:00:00,A,T,PC,LI_R_MD60,TOTAL,EE,2000,18.0,
ESTAT:TIPSLC20(1.0),02/02/24 23:00:00,A,T,PC,LI_R_MD60,TOTAL,EE,2001,18.0,
ESTAT:TIPSLC20(1.0),02/02/24 23:00:00,A,T,PC,LI_R_MD60,TOTAL,EE,2002,18.0,
ESTAT:TIPSLC20(1.0),02/02/24 23:00:00,A,T,PC,LI_R_MD60,TOTAL,EE,2004,20.2,b
ESTAT:TIPSLC20(1.0),02/02/24 23:00:00,A,T,PC,LI_R_MD60,TOTAL,EE,2005,18.3,
ESTAT:TIPSLC20(1.0),02/02/24 23:00:00,A,T,PC,LI_R_MD60,TOTAL,EE,2006,18.3,
ESTAT:TIPSLC20(1.0),02/02/24 23:00:00,A,T,PC,LI_R_MD60,TOTAL,EE,2007,19.4,
ESTAT:TIPSLC20(1.0),02/02/24 23:00:00,A,T,PC,LI_R_MD60,TOTAL,EE,2008,19.5,
ESTAT:TIPSLC20(1.0),02/02/24 23:00:00,A,T,PC,LI_R_MD60,TOTAL,EE,2009,19.7,
ESTAT:TIPSLC20(1.0),02/02/24 23:00:00,A,T,PC,LI_R_MD60,TOTAL,EE,2010,15.8,
ESTAT:TIPSLC20(1.0),02/02/24 23:00:00,A,T,PC,LI_R_MD60,TOTAL,EE,2011,17.5,
ESTAT:TIPSLC20(1.0),02/02/24 23:00:00,A,T,PC,LI_R_MD60,TOTAL,EE,2012,17.5,
ESTAT:TIPSLC20(1.0),02/02/24 23:00:00,A,T,PC,LI_R_MD60,TOTAL,EE,2013,18.6,
ESTAT:TIPSLC20(1.0),02/02/24 23:00:00,A,T,PC,LI_R_MD60,TOTAL,EE,2014,21.8,
ESTAT:TIPSLC20(1.0),02/02/24 23:00:00,A,T,PC,LI_R_MD60,TOTAL,EE,2015,21.6,
ESTAT:TIPSLC20(1.0),02/02/24 23:00:00,A,T,PC,LI_R_MD60,TOTAL,EE,2016,21.7,
ESTAT:TIPSLC20(1.0),02/02/24 23:00:00,A,T,PC,LI_R_MD60,TOTAL,EE,2017,21.0,
ESTAT:TIPSLC20(1.0),02/02/24 23:00:00,A,T,PC,LI_R_MD60,TOTAL,EE,2018,21.9,
ESTAT:TIPSLC20(1.0),02/02/24 23:00:00,A,T,PC,LI_R_MD60,TOTAL,EE,2019,21.7,
ESTAT:TIPSLC20(1.0),02/02/24 23:00:00,A,T,PC,LI_R_MD60,TOTAL,EE,2020,20.7,
ESTAT:TIPSLC20(1.0),02/02/24 23:00:00,A,T,PC,LI_R_MD60,TOTAL,EE,2021,20.6,
ESTAT:TIPSLC20(1.0),02/02/24 23:00:00,A,T,PC,LI_R_MD60,TOTAL,EE,2022,22.8,
ESTAT:TIPSLC20(1.0),02/02/24 23:00:00,A,T,PC,LI_R_MD60,TOTAL,EL,1995,22.0,
ESTAT:TIPSLC20(1.0),02/02/24 23:00:00,A,T,PC,LI_R_MD60,TOTAL,EL,1996,21.0,
ESTAT:TIPSLC20(1.0),02/02/24 23:00:00,A,T,PC,LI_R_MD60,TOTAL,EL,1997,21.0,
ESTAT:TIPSLC20(1.0),02/02/24 23:00:00,A,T,PC,LI_R_MD60,TOTAL,EL,1998,21.0,
ESTAT:TIPSLC20(1.0),02/02/24 23:00:00,A,T,PC,LI_R_MD60,TOTAL,EL,1999,21.0,
ESTAT:TIPSLC20(1.0),02/02/24 23:00:00,A,T,PC,LI_R_MD60,TOTAL,EL,2000,20.0,
ESTAT:TIPSLC20(1.0),02/02/24 23:00:00,A,T,PC,LI_R_MD60,TOTAL,EL,2001,20.0,
ESTAT:TIPSLC20(1.0),02/02/24 23:00:00,A,T,PC,LI_R_MD60,TOTAL,EL,2003,20.7,b
ESTAT:TIPSLC20(1.0),02/02/24 23:00:00,A,T,PC,LI_R_MD60,TOTAL,EL,2004,19.9,
ESTAT:TIPSLC20(1.0),02/02/24 23:00:00,A,T,PC,LI_R_MD60,TOTAL,EL,2005,19.6,
ESTAT:TIPSLC20(1.0),02/02/24 23:00:00,A,T,PC,LI_R_MD60,TOTAL,EL,2006,20.5,
ESTAT:TIPSLC20(1.0),02/02/24 23:00:00,A,T,PC,LI_R_MD60,TOTAL,EL,2007,20.3,
ESTAT:TIPSLC20(1.0),02/02/24 23:00:00,A,T,PC,LI_R_MD60,TOTAL,EL,2008,20.1,
ESTAT:TIPSLC20(1.0),02/02/24 23:00:00,A,T,PC,LI_R_MD60,TOTAL,EL,2009,19.7,
ESTAT:TIPSLC20(1.0),02/02/24 23:00:00,A,T,PC,LI_R_MD60,TOTAL,EL,2010,20.1,
ESTAT:TIPSLC20(1.0),02/02/24 23:00:00,A,T,PC,LI_R_MD60,TOTAL,EL,2011,21.4,
ESTAT:TIPSLC20(1.0),02/02/24 23:00:00,A,T,PC,LI_R_MD60,TOTAL,EL,2012,23.1,
ESTAT:TIPSLC20(1.0),02/02/24 23:00:00,A,T,PC,LI_R_MD60,TOTAL,EL,2013,23.1,
ESTAT:TIPSLC20(1.0),02/02/24 23:00:00,A,T,PC,LI_R_MD60,TOTAL,EL,2014,22.1,
ESTAT:TIPSLC20(1.0),02/02/24 23:00:00,A,T,PC,LI_R_MD60,TOTAL,EL,2015,21.4,
ESTAT:TIPSLC20(1.0),02/02/24 23:00:00,A,T,PC,LI_R_MD60,TOTAL,EL,2016,21.2,
ESTAT:TIPSLC20(1.0),02/02/24 23:00:00,A,T,PC,LI_R_MD60,TOTAL,EL,2017,20.2,
ESTAT:TIPSLC20(1.0),02/02/24 23:00:00,A,T,PC,LI_R_MD60,TOTAL,EL,2018,18.5,
ESTAT:TIPSLC20(1.0),02/02/24 23:00:00,A,T,PC,LI_R_MD60,TOTAL,EL,2019,17.9,
ESTAT:TIPSLC20(1.0),02/02/24 23:00:00,A,T,PC,LI_R_MD60,TOTAL,EL,2020,17.7,
ESTAT:TIPSLC20(1.0),02/02/24 23:00:00,A,T,PC,LI_R_MD60,TOTAL,EL,2021,19.6,
ESTAT:TIPSLC20(1.0),02/02/24 23:00:00,A,T,PC,LI_R_MD60,TOTAL,EL,2022,18.8,
ESTAT:TIPSLC20(1.0),02/02/24 23:00:00,A,T,PC,LI_R_MD60,TOTAL,ES,1995,19.0,
ESTAT:TIPSLC20(1.0),02/02/24 23:00:00,A,T,PC,LI_R_MD60,TOTAL,ES,1996,18.0,
ESTAT:TIPSLC20(1.0),02/02/24 23:00:00,A,T,PC,LI_R_MD60,TOTAL,ES,1997,20.0,
ESTAT:TIPSLC20(1.0),02/02/24 23:00:00,A,T,PC,LI_R_MD60,TOTAL,ES,1998,18.0,
ESTAT:TIPSLC20(1.0),02/02/24 23:00:00,A,T,PC,LI_R_MD60,TOTAL,ES,1999,19.0,
ESTAT:TIPSLC20(1.0),02/02/24 23:00:00,A,T,PC,LI_R_MD60,TOTAL,ES,2000,18.0,
ESTAT:TIPSLC20(1.0),02/02/24 23:00:00,A,T,PC,LI_R_MD60,TOTAL,ES,2001,19.0,
ESTAT:TIPSLC20(1.0),02/02/24 23:00:00,A,T,PC,LI_R_MD60,TOTAL,ES,2002,19.0,b
ESTAT:TIPSLC20(1.0),02/02/24 23:00:00,A,T,PC,LI_R_MD60,TOTAL,ES,2004,20.1,b
ESTAT:TIPSLC20(1.0),02/02/24 23:00:00,A,T,PC,LI_R_MD60,TOTAL,ES,2005,20.1,
ESTAT:TIPSLC20(1.0),02/02/24 23:00:00,A,T,PC,LI_R_MD60,TOTAL,ES,2006,20.3,
ESTAT:TIPSLC20(1.0),02/02/24 23:00:00,A,T,PC,LI_R_MD60,TOTAL,ES,2007,19.7,
ESTAT:TIPSLC20(1.0),02/02/24 23:00:00,A,T,PC,LI_R_MD60,TOTAL,ES,2008,19.8,
ESTAT:TIPSLC20(1.0),02/02/24 23:00:00,A,T,PC,LI_R_MD60,TOTAL,ES,2009,20.4,
ESTAT:TIPSLC20(1.0),02/02/24 23:00:00,A,T,PC,LI_R_MD60,TOTAL,ES,2010,20.7,
ESTAT:TIPSLC20(1.0),02/02/24 23:00:00,A,T,PC,LI_R_MD60,TOTAL,ES,2011,20.6,
ESTAT:TIPSLC20(1.0),02/02/24 23:00:00,A,T,PC,LI_R_MD60,TOTAL,ES,2012,20.8,
ESTAT:TIPSLC20(1.0),02/02/24 23:00:00,A,T,PC,LI_R_MD60,TOTAL,ES,2013,20.4,
ESTAT:TIPSLC20(1.0),02/02/24 23:00:00,A,T,PC,LI_R_MD60,TOTAL,ES,2014,22.2,
ESTAT:TIPSLC20(1.0),02/02/24 23:00:00,A,T,PC,LI_R_MD60,TOTAL,ES,2015,22.1,
ESTAT:TIPSLC20(1.0),02/02/24 23:00:00,A,T,PC,LI_R_MD60,TOTAL,ES,2016,22.3,
ESTAT:TIPSLC20(1.0),02/02/24 23:00:00,A,T,PC,LI_R_MD60,TOTAL,ES,2017,21.6,
ESTAT:TIPSLC20(1.0),02/02/24 23:00:00,A,T,PC,LI_R_MD60,TOTAL,ES,2018,21.5,
ESTAT:TIPSLC20(1.0),02/02/24 23:00:00,A,T,PC,LI_R_MD60,TOTAL,ES,2019,20.7,
ESTAT:TIPSLC20(1.0),02/02/24 23:00:00,A,T,PC,LI_R_MD60,TOTAL,ES,2020,21.0,
ESTAT:TIPSLC20(1.0),02/02/24 23:00:00,A,T,PC,LI_R_MD60,TOTAL,ES,2021,21.7,
ESTAT:TIPSLC20(1.0),02/02/24 23:00:00,A,T,PC,LI_R_MD60,TOTAL,ES,2022,20.4,
ESTAT:TIPSLC20(1.0),02/02/24 23:00:00,A,T,PC,LI_R_MD60,TOTAL,FI,1996,8.0,
ESTAT:TIPSLC20(1.0),02/02/24 23:00:00,A,T,PC,LI_R_MD60,TOTAL,FI,1997,8.0,
ESTAT:TIPSLC20(1.0),02/02/24 23:00:00,A,T,PC,LI_R_MD60,TOTAL,FI,1998,9.0,
ESTAT:TIPSLC20(1.0),02/02/24 23:00:00,A,T,PC,LI_R_MD60,TOTAL,FI,1999,11.0,
ESTAT:TIPSLC20(1.0),02/02/24 23:00:00,A,T,PC,LI_R_MD60,TOTAL,FI,2000,11.0,
ESTAT:TIPSLC20(1.0),02/02/24 23:00:00,A,T,PC,LI_R_MD60,TOTAL,FI,2001,11.0,b
ESTAT:TIPSLC20(1.0),02/02/24 23:00:00,A,T,PC,LI_R_MD60,TOTAL,FI,2002,11.0,
ESTAT:TIPSLC20(1.0),02/02/24 23:00:00,A,T,PC,LI_R_MD60,TOTAL,FI,2004,11.0,b
ESTAT:TIPSLC20(1.0),02/02/24 23:00:00,A,T,PC,LI_R_MD60,TOTAL,FI,2005,11.7,
ESTAT:TIPSLC20(1.0),02/02/24 23:00:00,A,T,PC,LI_R_MD60,TOTAL,FI,2006,12.6,
ESTAT:TIPSLC20(1.0),02/02/24 23:00:00,A,T,PC,LI_R_MD60,TOTAL,FI,2007,13.0,
ESTAT:TIPSLC20(1.0),02/02/24 23:00:00,A,T,PC,LI_R_MD60,TOTAL,FI,2008,13.6,
ESTAT:TIPSLC20(1.0),02/02/24 23:00:00,A,T,PC,LI_R_MD60,TOTAL,FI,2009,13.8,
ESTAT:TIPSLC20(1.0),02/02/24 23:00:00,A,T,PC,LI_R_MD60,TOTAL,FI,2010,13.1,
ESTAT:TIPSLC20(1.0),02/02/24 23:00:00,A,T,PC,LI_R_MD60,TOTAL,FI,2011,13.7,
ESTAT:TIPSLC20(1.0),02/02/24 23:00:00,A,T,PC,LI_R_MD60,TOTAL,FI,2012,13.2,
ESTAT:TIPSLC20(1.0),02/02/24 23:00:00,A,T,PC,LI_R_MD60,TOTAL,FI,2013,11.8,
ESTAT:TIPSLC20(1.0),02/02/24 23:00:00,A,T,PC,LI_R_MD60,TOTAL,FI,2014,12.8,
ESTAT:TIPSLC20(1.0),02/02/24 23:00:00,A,T,PC,LI_R_MD60,TOTAL,FI,2015,12.4,
ESTAT:TIPSLC20(1.0),02/02/24 23:00:00,A,T,PC,LI_R_MD60,TOTAL,FI,2016,11.6,
ESTAT:TIPSLC20(1.0),02/02/24 23:00:00,A,T,PC,LI_R_MD60,TOTAL,FI,2017,11.5,
ESTAT:TIPSLC20(1.0),02/02/24 23:00:00,A,T,PC,LI_R_MD60,TOTAL,FI,2018,12.0,
ESTAT:TIPSLC20(1.0),02/02/24 23:00:00,A,T,PC,LI_R_MD60,TOTAL,FI,2019,11.6,
ESTAT:TIPSLC20(1.0),02/02/24 23:00:00,A,T,PC,LI_R_MD60,TOTAL,FI,2020,12.2,
ESTAT:TIPSLC20(1.0),02/02/24 23:00:00,A,T,PC,LI_R_MD60,TOTAL,FI,2021,10.8,
ESTAT:TIPSLC20(1.0),02/02/24 23:00:00,A,T,PC,LI_R_MD60,TOTAL,FI,2022,12.7,
ESTAT:TIPSLC20(1.0),02/02/24 23:00:00,A,T,PC,LI_R_MD60,TOTAL,FR,1995,15.0,
ESTAT:TIPSLC20(1.0),02/02/24 23:00:00,A,T,PC,LI_R_MD60,TOTAL,FR,1996,15.0,
ESTAT:TIPSLC20(1.0),02/02/24 23:00:00,A,T,PC,LI_R_MD60,TOTAL,FR,1997,15.0,
ESTAT:TIPSLC20(1.0),02/02/24 23:00:00,A,T,PC,LI_R_MD60,TOTAL,FR,1998,15.0,
ESTAT:TIPSLC20(1.0),02/02/24 23:00:00,A,T,PC,LI_R_MD60,TOTAL,FR,1999,15.0,
ESTAT:TIPSLC20(1.0),02/02/24 23:00:00,A,T,PC,LI_R_MD60,TOTAL,FR,2000,16.0,
ESTAT:TIPSLC20(1.0),02/02/24 23:00:00,A,T,PC,LI_R_MD60,TOTAL,FR,2001,13.0,b
ESTAT:TIPSLC20(1.0),02/02/24 23:00:00,A,T,PC,LI_R_MD60,TOTAL,FR,2002,12.0,
ESTAT:TIPSLC20(1.0),02/02/24 23:00:00,A,T,PC,LI_R_MD60,TOTAL,FR,2004,13.5,b
ESTAT:TIPSLC20(1.0),02/02/24 23:00:00,A,T,PC,LI_R_MD60,TOTAL,FR,2005,13.0,
ESTAT:TIPSLC20(1.0),02/02/24 23:00:00,A,T,PC,LI_R_MD60,TOTAL,FR,2006,13.2,
ESTAT:TIPSLC20(1.0),02/02/24 23:00:00,A,T,PC,LI_R_MD60,TOTAL,FR,2007,13.1,
ESTAT:TIPSLC20(1.0),02/02/24 23:00:00,A,T,PC,LI_R_MD60,TOTAL,FR,2008,12.5,
ESTAT:TIPSLC20(1.0),02/02/24 23:00:00,A,T,PC,LI_R_MD60,TOTAL,FR,2009,12.9,
ESTAT:TIPSLC20(1.0),02/02/24 23:00:00,A,T,PC,LI_R_MD60,TOTAL,FR,2010,13.3,
ESTAT:TIPSLC20(1.0),02/02/24 23:00:00,A,T,PC,LI_R_MD60,TOTAL,FR,2011,14.0,
ESTAT:TIPSLC20(1.0),02/02/24 23:00:00,A,T,PC,LI_R_MD60,TOTAL,FR,2012,14.1,
ESTAT:TIPSLC20(1.0),02/02/24 23:00:00,A,T,PC,LI_R_MD60,TOTAL,FR,2013,13.7,
ESTAT:TIPSLC20(1.0),02/02/24 23:00:00,A,T,PC,LI_R_MD60,TOTAL,FR,2014,13.3,
ESTAT:TIPSLC20(1.0),02/02/24 23:00:00,A,T,PC,LI_R_MD60,TOTAL,FR,2015,13.6,
ESTAT:TIPSLC20(1.0),02/02/24 23:00:00,A,T,PC,LI_R_MD60,TOTAL,FR,2016,13.6,
ESTAT:TIPSLC20(1.0),02/02/24 23:00:00,A,T,PC,LI_R_MD60,TOTAL,FR,2017,13.2,
ESTAT:TIPSLC20(1.0),02/02/24 23:00:00,A,T,PC,LI_R_MD60,TOTAL,FR,2018,13.4,
ESTAT:TIPSLC20(1.0),02/02/24 23:00:00,A,T,PC,LI_R_MD60,TOTAL,FR,2019,13.6,
ESTAT:TIPSLC20(1.0),02/02/24 23:00:00,A,T,PC,LI_R_MD60,TOTAL,FR,2020,14.2,b
ESTAT:TIPSLC20(1.0),02/02/24 23:00:00,A,T,PC,LI_R_MD60,TOTAL,FR,2021,14.3,
ESTAT:TIPSLC20(1.0),02/02/24 23:00:00,A,T,PC,LI_R_MD60,TOTAL,FR,2022,15.6,b
ESTAT:TIPSLC20(1.0),02/02/24 23:00:00,A,T,PC,LI_R_MD60,TOTAL,HR,2010,20.6,
ESTAT:TIPSLC20(1.0),02/02/24 23:00:00,A,T,PC,LI_R_MD60,TOTAL,HR,2011,20.9,
ESTAT:TIPSLC20(1.0),02/02/24 23:00:00,A,T,PC,LI_R_MD60,TOTAL,HR,2012,20.4,
ESTAT:TIPSLC20(1.0),02/02/24 23:00:00,A,T,PC,LI_R_MD60,TOTAL,HR,2013,19.5,
ESTAT:TIPSLC20(1.0),02/02/24 23:00:00,A,T,PC,LI_R_MD60,TOTAL,HR,2014,19.4,
ESTAT:TIPSLC20(1.0),02/02/24 23:00:00,A,T,PC,LI_R_MD60,TOTAL,HR,2015,20.0,
ESTAT:TIPSLC20(1.0),02/02/24 23:00:00,A,T,PC,LI_R_MD60,TOTAL,HR,2016,19.5,
ESTAT:TIPSLC20(1.0),02/02/24 23:00:00,A,T,PC,LI_R_MD60,TOTAL,HR,2017,20.0,
ESTAT:TIPSLC20(1.0),02/02/24 23:00:00,A,T,PC,LI_R_MD60,TOTAL,HR,2018,19.3,
ESTAT:TIPSLC20(1.0),02/02/24 23:00:00,A,T,PC,LI_R_MD60,TOTAL,HR,2019,18.3,
ESTAT:TIPSLC20(1.0),02/02/24 23:00:00,A,T,PC,LI_R_MD60,TOTAL,HR,2020,18.3,
ESTAT:TIPSLC20(1.0),02/02/24 23:00:00,A,T,PC,LI_R_MD60,TOTAL,HR,2021,19.2,
ESTAT:TIPSLC20(1.0),02/02/24 23:00:00,A,T,PC,LI_R_MD60,TOTAL,HR,2022,18.0,
ESTAT:TIPSLC20(1.0),02/02/24 23:00:00,A,T,PC,LI_R_MD60,TOTAL,HU,2000,11.0,
ESTAT:TIPSLC20(1.0),02/02/24 23:00:00,A,T,PC,LI_R_MD60,TOTAL,HU,2001,11.0,
ESTAT:TIPSLC20(1.0),02/02/24 23:00:00,A,T,PC,LI_R_MD60,TOTAL,HU,2002,10.0,
ESTAT:TIPSLC20(1.0),02/02/24 23:00:00,A,T,PC,LI_R_MD60,TOTAL,HU,2005,13.5,b
ESTAT:TIPSLC20(1.0),02/02/24 23:00:00,A,T,PC,LI_R_MD60,TOTAL,HU,2006,15.9,
ESTAT:TIPSLC20(1.0),02/02/24 23:00:00,A,T,PC,LI_R_MD60,TOTAL,HU,2007,12.3,
ESTAT:TIPSLC20(1.0),02/02/24 23:00:00,A,T,PC,LI_R_MD60,TOTAL,HU,2008,12.4,
ESTAT:TIPSLC20(1.0),02/02/24 23:00:00,A,T,PC,LI_R_MD60,TOTAL,HU,2009,12.4,
ESTAT:TIPSLC20(1.0),02/02/24 23:00:00,A,T,PC,LI_R_MD60,TOTAL,HU,2010,12.3,
ESTAT:TIPSLC20(1.0),02/02/24 23:00:00,A,T,PC,LI_R_MD60,TOTAL,HU,2011,14.1,
ESTAT:TIPSLC20(1.0),02/02/24 23:00:00,A,T,PC,LI_R_MD60,TOTAL,HU,2012,14.3,
ESTAT:TIPSLC20(1.0),02/02/24 23:00:00,A,T,PC,LI_R_MD60,TOTAL,HU,2013,15.0,
ESTAT:TIPSLC20(1.0),02/02/24 23:00:00,A,T,PC,LI_R_MD60,TOTAL,HU,2014,15.0,
ESTAT:TIPSLC20(1.0),02/02/24 23:00:00,A,T,PC,LI_R_MD60,TOTAL,HU,2015,14.9,
ESTAT:TIPSLC20(1.0),02/02/24 23:00:00,A,T,PC,LI_R_MD60,TOTAL,HU,2016,14.5,
ESTAT:TIPSLC20(1.0),02/02/24 23:00:00,A,T,PC,LI_R_MD60,TOTAL,HU,2017,13.4,
ESTAT:TIPSLC20(1.0),02/02/24 23:00:00,A,T,PC,LI_R_MD60,TOTAL,HU,2018,12.8,
ESTAT:TIPSLC20(1.0),02/02/24 23:00:00,A,T,PC,LI_R_MD60,TOTAL,HU,2019,12.3,
ESTAT:TIPSLC20(1.0),02/02/24 23:00:00,A,T,PC,LI_R_MD60,TOTAL,HU,2020,12.3,
ESTAT:TIPSLC20(1.0),02/02/24 23:00:00,A,T,PC,LI_R_MD60,TOTAL,HU,2021,12.6,
ESTAT:TIPSLC20(1.0),02/02/24 23:00:00,A,T,PC,LI_R_MD60,TOTAL,HU,2022,12.1,
ESTAT:TIPSLC20(1.0),02/02/24 23:00:00,A,T,PC,LI_R_MD60,TOTAL,IE,1995,19.0,
ESTAT:TIPSLC20(1.0),02/02/24 23:00:00,A,T,PC,LI_R_MD60,TOTAL,IE,1996,19.0,
ESTAT:TIPSLC20(1.0),02/02/24 23:00:00,A,T,PC,LI_R_MD60,TOTAL,IE,1997,19.0,
ESTAT:TIPSLC20(1.0),02/02/24 23:00:00,A,T,PC,LI_R_MD60,TOTAL,IE,1998,19.0,
ESTAT:TIPSLC20(1.0),02/02/24 23:00:00,A,T,PC,LI_R_MD60,TOTAL,IE,1999,19.0,
ESTAT:TIPSLC20(1.0),02/02/24 23:00:00,A,T,PC,LI_R_MD60,TOTAL,IE,2000,20.0,
ESTAT:TIPSLC20(1.0),02/02/24 23:00:00,A,T,PC,LI_R_MD60,TOTAL,IE,2001,21.0,
ESTAT:TIPSLC20(1.0),02/02/24 23:00:00,A,T,PC,LI_R_MD60,TOTAL,IE,2003,20.5,b
ESTAT:TIPSLC20(1.0),02/02/24 23:00:00,A,T,PC,LI_R_MD60,TOTAL,IE,2004,20.9,
ESTAT:TIPSLC20(1.0),02/02/24 23:00:00,A,T,PC,LI_R_MD60,TOTAL,IE,2005,19.7,
ESTAT:TIPSLC20(1.0),02/02/24 23:00:00,A,T,PC,LI_R_MD60,TOTAL,IE,2006,18.5,
ESTAT:TIPSLC20(1.0),02/02/24 23:00:00,A,T,PC,LI_R_MD60,TOTAL,IE,2007,17.2,
ESTAT:TIPSLC20(1.0),02/02/24 23:00:00,A,T,PC,LI_R_MD60,TOTAL,IE,2008,15.5,
ESTAT:TIPSLC20(1.0),02/02/24 23:00:00,A,T,PC,LI_R_MD60,TOTAL,IE,2009,15.0,
ESTAT:TIPSLC20(1.0),02/02/24 23:00:00,A,T,PC,LI_R_MD60,TOTAL,IE,2010,15.2,
ESTAT:TIPSLC20(1.0),02/02/24 23:00:00,A,T,PC,LI_R_MD60,TOTAL,IE,2011,15.2,
ESTAT:TIPSLC20(1.0),02/02/24 23:00:00,A,T,PC,LI_R_MD60,TOTAL,IE,2012,16.3,
ESTAT:TIPSLC20(1.0),02/02/24 23:00:00,A,T,PC,LI_R_MD60,TOTAL,IE,2013,15.7,
ESTAT:TIPSLC20(1.0),02/02/24 23:00:00,A,T,PC,LI_R_MD60,TOTAL,IE,2014,16.8,
ESTAT:TIPSLC20(1.0),02/02/24 23:00:00,A,T,PC,LI_R_MD60,TOTAL,IE,2015,16.2,
ESTAT:TIPSLC20(1.0),02/02/24 23:00:00,A,T,PC,LI_R_MD60,TOTAL,IE,2016,16.8,
ESTAT:TIPSLC20(1.0),02/02/24 23:00:00,A,T,PC,LI_R_MD60,TOTAL,IE,2017,15.6,
ESTAT:TIPSLC20(1.0),02/02/24 23:00:00,A,T,PC,LI_R_MD60,TOTAL,IE,2018,14.9,
ESTAT:TIPSLC20(1.0),02/02/24 23:00:00,A,T,PC,LI_R_MD60,TOTAL,IE,2019,13.1,
ESTAT:TIPSLC20(1.0),02/02/24 23:00:00,A,T,PC,LI_R_MD60,TOTAL,IE,2020,13.8,b
ESTAT:TIPSLC20(1.0),02/02/24 23:00:00,A,T,PC,LI_R_MD60,TOTAL,IE,2021,12.9,
ESTAT:TIPSLC20(1.0),02/02/24 23:00:00,A,T,PC,LI_R_MD60,TOTAL,IE,2022,14.0,
ESTAT:TIPSLC20(1.0),02/02/24 23:00:00,A,T,PC,LI_R_MD60,TOTAL,IT,1995,20.0,
ESTAT:TIPSLC20(1.0),02/02/24 23:00:00,A,T,PC,LI_R_MD60,TOTAL,IT,1996,20.0,
ESTAT:TIPSLC20(1.0),02/02/24 23:00:00,A,T,PC,LI_R_MD60,TOTAL,IT,1997,19.0,
ESTAT:TIPSLC20(1.0),02/02/24 23:00:00,A,T,PC,LI_R_MD60,TOTAL,IT,1998,18.0,
ESTAT:TIPSLC20(1.0),02/02/24 23:00:00,A,T,PC,LI_R_MD60,TOTAL,IT,1999,18.0,
ESTAT:TIPSLC20(1.0),02/02/24 23:00:00,A,T,PC,LI_R_MD60,TOTAL,IT,2000,18.0,
ESTAT:TIPSLC20(1.0),02/02/24 23:00:00,A,T,PC,LI_R_MD60,TOTAL,IT,2001,19.0,
ESTAT:TIPSLC20(1.0),02/02/24 23:00:00,A,T,PC,LI_R_MD60,TOTAL,IT,2004,18.9,b
ESTAT:TIPSLC20(1.0),02/02/24 23:00:00,A,T,PC,LI_R_MD60,TOTAL,IT,2005,19.2,
ESTAT:TIPSLC20(1.0),02/02/24 23:00:00,A,T,PC,LI_R_MD60,TOTAL,IT,2006,19.3,
ESTAT:TIPSLC20(1.0),02/02/24 23:00:00,A,T,PC,LI_R_MD60,TOTAL,IT,2007,19.5,
ESTAT:TIPSLC20(1.0),02/02/24 23:00:00,A,T,PC,LI_R_MD60,TOTAL,IT,2008,18.9,
ESTAT:TIPSLC20(1.0),02/02/24 23:00:00,A,T,PC,LI_R_MD60,TOTAL,IT,2009,18.4,
ESTAT:TIPSLC20(1.0),02/02/24 23:00:00,A,T,PC,LI_R_MD60,TOTAL,IT,2010,18.7,
ESTAT:TIPSLC20(1.0),02/02/24 23:00:00,A,T,PC,LI_R_MD60,TOTAL,IT,2011,19.8,
ESTAT:TIPSLC20(1.0),02/02/24 23:00:00,A,T,PC,LI_R_MD60,TOTAL,IT,2012,19.5,
ESTAT:TIPSLC20(1.0),02/02/24 23:00:00,A,T,PC,LI_R_MD60,TOTAL,IT,2013,19.3,
ESTAT:TIPSLC20(1.0),02/02/24 23:00:00,A,T,PC,LI_R_MD60,TOTAL,IT,2014,19.4,
ESTAT:TIPSLC20(1.0),02/02/24 23:00:00,A,T,PC,LI_R_MD60,TOTAL,IT,2015,19.9,
ESTAT:TIPSLC20(1.0),02/02/24 23:00:00,A,T,PC,LI_R_MD60,TOTAL,IT,2016,20.6,
ESTAT:TIPSLC20(1.0),02/02/24 23:00:00,A,T,PC,LI_R_MD60,TOTAL,IT,2017,20.3,
ESTAT:TIPSLC20(1.0),02/02/24 23:00:00,A,T,PC,LI_R_MD60,TOTAL,IT,2018,20.3,
ESTAT:TIPSLC20(1.0),02/02/24 23:00:00,A,T,PC,LI_R_MD60,TOTAL,IT,2019,20.1,
ESTAT:TIPSLC20(1.0),02/02/24 23:00:00,A,T,PC,LI_R_MD60,TOTAL,IT,2020,20.0,
ESTAT:TIPSLC20(1.0),02/02/24 23:00:00,A,T,PC,LI_R_MD60,TOTAL,IT,2021,20.1,
ESTAT:TIPSLC20(1.0),02/02/24 23:00:00,A,T,PC,LI_R_MD60,TOTAL,IT,2022,20.1,
ESTAT:TIPSLC20(1.0),02/02/24 23:00:00,A,T,PC,LI_R_MD60,TOTAL,LT,2000,17.0,
ESTAT:TIPSLC20(1.0),02/02/24 23:00:00,A,T,PC,LI_R_MD60,TOTAL,LT,2001,17.0,
ESTAT:TIPSLC20(1.0),02/02/24 23:00:00,A,T,PC,LI_R_MD60,TOTAL,LT,2005,20.5,b
ESTAT:TIPSLC20(1.0),02/02/24 23:00:00,A,T,PC,LI_R_MD60,TOTAL,LT,2006,20.0,
ESTAT:TIPSLC20(1.0),02/02/24 23:00:00,A,T,PC,LI_R_MD60,TOTAL,LT,2007,19.1,
ESTAT:TIPSLC20(1.0),02/02/24 23:00:00,A,T,PC,LI_R_MD60,TOTAL,LT,2008,20.9,
ESTAT:TIPSLC20(1.0),02/02/24 23:00:00,A,T,PC,LI_R_MD60,TOTAL,LT,2009,20.3,
ESTAT:TIPSLC20(1.0),02/02/24 23:00:00,A,T,PC,LI_R_MD60,TOTAL,LT,2010,20.5,
ESTAT:TIPSLC20(1.0),02/02/24 23:00:00,A,T,PC,LI_R_MD60,TOTAL,LT,2011,19.2,
ESTAT:TIPSLC20(1.0),02/02/24 23:00:00,A,T,PC,LI_R_MD60,TOTAL,LT,2012,18.6,
ESTAT:TIPSLC20(1.0),02/02/24 23:00:00,A,T,PC,LI_R_MD60,TOTAL,LT,2013,20.6,
ESTAT:TIPSLC20(1.0),02/02/24 23:00:00,A,T,PC,LI_R_MD60,TOTAL,LT,2014,19.1,
ESTAT:TIPSLC20(1.0),02/02/24 23:00:00,A,T,PC,LI_R_MD60,TOTAL,LT,2015,22.2,
ESTAT:TIPSLC20(1.0),02/02/24 23:00:00,A,T,PC,LI_R_MD60,TOTAL,LT,2016,21.9,
ESTAT:TIPSLC20(1.0),02/02/24 23:00:00,A,T,PC,LI_R_MD60,TOTAL,LT,2017,22.9,
ESTAT:TIPSLC20(1.0),02/02/24 23:00:00,A,T,PC,LI_R_MD60,TOTAL,LT,2018,22.9,
ESTAT:TIPSLC20(1.0),02/02/24 23:00:00,A,T,PC,LI_R_MD60,TOTAL,LT,2019,20.6,
ESTAT:TIPSLC20(1.0),02/02/24 23:00:00,A,T,PC,LI_R_MD60,TOTAL,LT,2020,20.9,
ESTAT:TIPSLC20(1.0),02/02/24 23:00:00,A,T,PC,LI_R_MD60,TOTAL,LT,2021,20.0,
ESTAT:TIPSLC20(1.0),02/02/24 23:00:00,A,T,PC,LI_R_MD60,TOTAL,LT,2022,20.9,
ESTAT:TIPSLC20(1.0),02/02/24 23:00:00,A,T,PC,LI_R_MD60,TOTAL,LU,1995,12.0,
ESTAT:TIPSLC20(1.0),02/02/24 23:00:00,A,T,PC,LI_R_MD60,TOTAL,LU,1996,11.0,
ESTAT:TIPSLC20(1.0),02/02/24 23:00:00,A,T,PC,LI_R_MD60,TOTAL,LU,1997,11.0,
ESTAT:TIPSLC20(1.0),02/02/24 23:00:00,A,T,PC,LI_R_MD60,TOTAL,LU,1998,12.0,
ESTAT:TIPSLC20(1.0),02/02/24 23:00:00,A,T,PC,LI_R_MD60,TOTAL,LU,1999,13.0,
ESTAT:TIPSLC20(1.0),02/02/24 23:00:00,A,T,PC,LI_R_MD60,TOTAL,LU,2000,12.0,
ESTAT:TIPSLC20(1.0),02/02/24 23:00:00,A,T,PC,LI_R_MD60,TOTAL,LU,2001,12.0,
ESTAT:TIPSLC20(1.0),02/02/24 23:00:00,A,T,PC,LI_R_MD60,TOTAL,LU,2003,11.9,b
ESTAT:TIPSLC20(1.0),02/02/24 23:00:00,A,T,PC,LI_R_MD60,TOTAL,LU,2004,12.7,
ESTAT:TIPSLC20(1.0),02/02/24 23:00:00,A,T,PC,LI_R_MD60,TOTAL,LU,2005,13.7,
ESTAT:TIPSLC20(1.0),02/02/24 23:00:00,A,T,PC,LI_R_MD60,TOTAL,LU,2006,14.1,
ESTAT:TIPSLC20(1.0),02/02/24 23:00:00,A,T,PC,LI_R_MD60,TOTAL,LU,2007,13.5,
ESTAT:TIPSLC20(1.0),02/02/24 23:00:00,A,T,PC,LI_R_MD60,TOTAL,LU,2008,13.4,
ESTAT:TIPSLC20(1.0),02/02/24 23:00:00,A,T,PC,LI_R_MD60,TOTAL,LU,2009,14.9,
ESTAT:TIPSLC20(1.0),02/02/24 23:00:00,A,T,PC,LI_R_MD60,TOTAL,LU,2010,14.5,
ESTAT:TIPSLC20(1.0),02/02/24 23:00:00,A,T,PC,LI_R_MD60,TOTAL,LU,2011,13.6,
ESTAT:TIPSLC20(1.0),02/02/24 23:00:00,A,T,PC,LI_R_MD60,TOTAL,LU,2012,15.1,
ESTAT:TIPSLC20(1.0),02/02/24 23:00:00,A,T,PC,LI_R_MD60,TOTAL,LU,2013,15.9,
ESTAT:TIPSLC20(1.0),02/02/24 23:00:00,A,T,PC,LI_R_MD60,TOTAL,LU,2014,16.4,
ESTAT:TIPSLC20(1.0),02/02/24 23:00:00,A,T,PC,LI_R_MD60,TOTAL,LU,2015,15.3,
ESTAT:TIPSLC20(1.0),02/02/24 23:00:00,A,T,PC,LI_R_MD60,TOTAL,LU,2016,15.8,b
ESTAT:TIPSLC20(1.0),02/02/24 23:00:00,A,T,PC,LI_R_MD60,TOTAL,LU,2017,16.4,
ESTAT:TIPSLC20(1.0),02/02/24 23:00:00,A,T,PC,LI_R_MD60,TOTAL,LU,2018,16.7,
ESTAT:TIPSLC20(1.0),02/02/24 23:00:00,A,T,PC,LI_R_MD60,TOTAL,LU,2019,17.5,
ESTAT:TIPSLC20(1.0),02/02/24 23:00:00,A,T,PC,LI_R_MD60,TOTAL,LU,2020,17.4,b
ESTAT:TIPSLC20(1.0),02/02/24 23:00:00,A,T,PC,LI_R_MD60,TOTAL,LU,2021,18.1,b
ESTAT:TIPSLC20(1.0),02/02/24 23:00:00,A,T,PC,LI_R_MD60,TOTAL,LU,2022,17.3,b
ESTAT:TIPSLC20(1.0),02/02/24 23:00:00,A,T,PC,LI_R_MD60,TOTAL,LV,2000,16.0,
ESTAT:TIPSLC20(1.0),02/02/24 23:00:00,A,T,PC,LI_R_MD60,TOTAL,LV,2005,19.4,b
ESTAT:TIPSLC20(1.0),02/02/24 23:00:00,A,T,PC,LI_R_MD60,TOTAL,LV,2006,23.5,
ESTAT:TIPSLC20(1.0),02/02/24 23:00:00,A,T,PC,LI_R_MD60,TOTAL,LV,2007,21.2,
ESTAT:TIPSLC20(1.0),02/02/24 23:00:00,A,T,PC,LI_R_MD60,TOTAL,LV,2008,25.9,
ESTAT:TIPSLC20(1.0),02/02/24 23:00:00,A,T,PC,LI_R_MD60,TOTAL,LV,2009,26.4,
ESTAT:TIPSLC20(1.0),02/02/24 23:00:00,A,T,PC,LI_R_MD60,TOTAL,LV,2010,20.9,
ESTAT:TIPSLC20(1.0),02/02/24 23:00:00,A,T,PC,LI_R_MD60,TOTAL,LV,2011,19.0,
ESTAT:TIPSLC20(1.0),02/02/24 23:00:00,A,T,PC,LI_R_MD60,TOTAL,LV,2012,19.2,
ESTAT:TIPSLC20(1.0),02/02/24 23:00:00,A,T,PC,LI_R_MD60,TOTAL,LV,2013,19.4,
ESTAT:TIPSLC20(1.0),02/02/24 23:00:00,A,T,PC,LI_R_MD60,TOTAL,LV,2014,21.2,
ESTAT:TIPSLC20(1.0),02/02/24 23:00:00,A,T,PC,LI_R_MD60,TOTAL,LV,2015,22.5,
ESTAT:TIPSLC20(1.0),02/02/24 23:00:00,A,T,PC,LI_R_MD60,TOTAL,LV,2016,21.8,
ESTAT:TIPSLC20(1.0),02/02/24 23:00:00,A,T,PC,LI_R_MD60,TOTAL,LV,2017,22.1,
ESTAT:TIPSLC20(1.0),02/02/24 23:00:00,A,T,PC,LI_R_MD60,TOTAL,LV,2018,23.3,
ESTAT:TIPSLC20(1.0),02/02/24 23:00:00,A,T,PC,LI_R_MD60,TOTAL,LV,2019,22.9,
ESTAT:TIPSLC20(1.0),02/02/24 23:00:00,A,T,PC,LI_R_MD60,TOTAL,LV,2020,21.6,
ESTAT:TIPSLC20(1.0),02/02/24 23:00:00,A,T,PC,LI_R_MD60,TOTAL,LV,2021,23.4,
ESTAT:TIPSLC20(1.0),02/02/24 23:00:00,A,T,PC,LI_R_MD60,TOTAL,LV,2022,22.5,
ESTAT:TIPSLC20(1.0),02/02/24 23:00:00,A,T,PC,LI_R_MD60,TOTAL,LV,2023,22.5,
ESTAT:TIPSLC20(1.0),02/02/24 23:00:00,A,T,PC,LI_R_MD60,TOTAL,MT,2000,15.0,
ESTAT:TIPSLC20(1.0),02/02/24 23:00:00,A,T,PC,LI_R_MD60,TOTAL,MT,2005,14.3,b
ESTAT:TIPSLC20(1.0),02/02/24 23:00:00,A,T,PC,LI_R_MD60,TOTAL,MT,2006,14.2,
ESTAT:TIPSLC20(1.0),02/02/24 23:00:00,A,T,PC,LI_R_MD60,TOTAL,MT,2007,15.1,
ESTAT:TIPSLC20(1.0),02/02/24 23:00:00,A,T,PC,LI_R_MD60,TOTAL,MT,2008,15.3,
ESTAT:TIPSLC20(1.0),02/02/24 23:00:00,A,T,PC,LI_R_MD60,TOTAL,MT,2009,14.9,
ESTAT:TIPSLC20(1.0),02/02/24 23:00:00,A,T,PC,LI_R_MD60,TOTAL,MT,2010,15.5,
ESTAT:TIPSLC20(1.0),02/02/24 23:00:00,A,T,PC,LI_R_MD60,TOTAL,MT,2011,15.6,
ESTAT:TIPSLC20(1.0),02/02/24 23:00:00,A,T,PC,LI_R_MD60,TOTAL,MT,2012,15.1,
ESTAT:TIPSLC20(1.0),02/02/24 23:00:00,A,T,PC,LI_R_MD60,TOTAL,MT,2013,15.8,
ESTAT:TIPSLC20(1.0),02/02/24 23:00:00,A,T,PC,LI_R_MD60,TOTAL,MT,2014,15.8,
ESTAT:TIPSLC20(1.0),02/02/24 23:00:00,A,T,PC,LI_R_MD60,TOTAL,MT,2015,16.6,
ESTAT:TIPSLC20(1.0),02/02/24 23:00:00,A,T,PC,LI_R_MD60,TOTAL,MT,2016,16.5,
ESTAT:TIPSLC20(1.0),02/02/24 23:00:00,A,T,PC,LI_R_MD60,TOTAL,MT,2017,16.7,
ESTAT:TIPSLC20(1.0),02/02/24 23:00:00,A,T,PC,LI_R_MD60,TOTAL,MT,2018,16.8,
ESTAT:TIPSLC20(1.0),02/02/24 23:00:00,A,T,PC,LI_R_MD60,TOTAL,MT,2019,17.1,
ESTAT:TIPSLC20(1.0),02/02/24 23:00:00,A,T,PC,LI_R_MD60,TOTAL,MT,2020,16.9,
ESTAT:TIPSLC20(1.0),02/02/24 23:00:00,A,T,PC,LI_R_MD60,TOTAL,MT,2021,16.9,
ESTAT:TIPSLC20(1.0),02/02/24 23:00:00,A,T,PC,LI_R_MD60,TOTAL,MT,2022,16.7,
ESTAT:TIPSLC20(1.0),02/02/24 23:00:00,A,T,PC,LI_R_MD60,TOTAL,NL,1995,11.0,
ESTAT:TIPSLC20(1.0),02/02/24 23:00:00,A,T,PC,LI_R_MD60,TOTAL,NL,1996,12.0,
ESTAT:TIPSLC20(1.0),02/02/24 23:00:00,A,T,PC,LI_R_MD60,TOTAL,NL,1997,10.0,
ESTAT:TIPSLC20(1.0),02/02/24 23:00:00,A,T,PC,LI_R_MD60,TOTAL,NL,1998,10.0,
ESTAT:TIPSLC20(1.0),02/02/24 23:00:00,A,T,PC,LI_R_MD60,TOTAL,NL,1999,11.0,
ESTAT:TIPSLC20(1.0),02/02/24 23:00:00,A,T,PC,LI_R_MD60,TOTAL,NL,2000,11.0,
ESTAT:TIPSLC20(1.0),02/02/24 23:00:00,A,T,PC,LI_R_MD60,TOTAL,NL,2001,11.0,
ESTAT:TIPSLC20(1.0),02/02/24 23:00:00,A,T,PC,LI_R_MD60,TOTAL,NL,2002,11.0,
ESTAT:TIPSLC20(1.0),02/02/24 23:00:00,A,T,PC,LI_R_MD60,TOTAL,NL,2005,10.7,b
ESTAT:TIPSLC20(1.0),02/02/24 23:00:00,A,T,PC,LI_R_MD60,TOTAL,NL,2006,9.7,
ESTAT:TIPSLC20(1.0),02/02/24 23:00:00,A,T,PC,LI_R_MD60,TOTAL,NL,2007,10.2,
ESTAT:TIPSLC20(1.0),02/02/24 23:00:00,A,T,PC,LI_R_MD60,TOTAL,NL,2008,10.5,
ESTAT:TIPSLC20(1.0),02/02/24 23:00:00,A,T,PC,LI_R_MD60,TOTAL,NL,2009,11.1,
ESTAT:TIPSLC20(1.0),02/02/24 23:00:00,A,T,PC,LI_R_MD60,TOTAL,NL,2010,10.3,
ESTAT:TIPSLC20(1.0),02/02/24 23:00:00,A,T,PC,LI_R_MD60,TOTAL,NL,2011,11.0,
ESTAT:TIPSLC20(1.0),02/02/24 23:00:00,A,T,PC,LI_R_MD60,TOTAL,NL,2012,10.1,
ESTAT:TIPSLC20(1.0),02/02/24 23:00:00,A,T,PC,LI_R_MD60,TOTAL,NL,2013,10.4,
ESTAT:TIPSLC20(1.0),02/02/24 23:00:00,A,T,PC,LI_R_MD60,TOTAL,NL,2014,11.6,
ESTAT:TIPSLC20(1.0),02/02/24 23:00:00,A,T,PC,LI_R_MD60,TOTAL,NL,2015,11.6,
ESTAT:TIPSLC20(1.0),02/02/24 23:00:00,A,T,PC,LI_R_MD60,TOTAL,NL,2016,12.7,b
ESTAT:TIPSLC20(1.0),02/02/24 23:00:00,A,T,PC,LI_R_MD60,TOTAL,NL,2017,13.2,
ESTAT:TIPSLC20(1.0),02/02/24 23:00:00,A,T,PC,LI_R_MD60,TOTAL,NL,2018,13.3,
ESTAT:TIPSLC20(1.0),02/02/24 23:00:00,A,T,PC,LI_R_MD60,TOTAL,NL,2019,13.2,
ESTAT:TIPSLC20(1.0),02/02/24 23:00:00,A,T,PC,LI_R_MD60,TOTAL,NL,2020,13.4,
ESTAT:TIPSLC20(1.0),02/02/24 23:00:00,A,T,PC,LI_R_MD60,TOTAL,NL,2021,14.4,
ESTAT:TIPSLC20(1.0),02/02/24 23:00:00,A,T,PC,LI_R_MD60,TOTAL,NL,2022,14.5,
ESTAT:TIPSLC20(1.0),02/02/24 23:00:00,A,T,PC,LI_R_MD60,TOTAL,PL,2000,16.0,
ESTAT:TIPSLC20(1.0),02/02/24 23:00:00,A,T,PC,LI_R_MD60,TOTAL,PL,2001,16.0,
ESTAT:TIPSLC20(1.0),02/02/24 23:00:00,A,T,PC,LI_R_MD60,TOTAL,PL,2005,20.5,b
ESTAT:TIPSLC20(1.0),02/02/24 23:00:00,A,T,PC,LI_R_MD60,TOTAL,PL,2006,19.1,
ESTAT:TIPSLC20(1.0),02/02/24 23:00:00,A,T,PC,LI_R_MD60,TOTAL,PL,2007,17.3,
ESTAT:TIPSLC20(1.0),02/02/24 23:00:00,A,T,PC,LI_R_MD60,TOTAL,PL,2008,16.9,
ESTAT:TIPSLC20(1.0),02/02/24 23:00:00,A,T,PC,LI_R_MD60,TOTAL,PL,2009,17.1,
ESTAT:TIPSLC20(1.0),02/02/24 23:00:00,A,T,PC,LI_R_MD60,TOTAL,PL,2010,17.6,
ESTAT:TIPSLC20(1.0),02/02/24 23:00:00,A,T,PC,LI_R_MD60,TOTAL,PL,2011,17.7,
ESTAT:TIPSLC20(1.0),02/02/24 23:00:00,A,T,PC,LI_R_MD60,TOTAL,PL,2012,17.1,
ESTAT:TIPSLC20(1.0),02/02/24 23:00:00,A,T,PC,LI_R_MD60,TOTAL,PL,2013,17.3,
ESTAT:TIPSLC20(1.0),02/02/24 23:00:00,A,T,PC,LI_R_MD60,TOTAL,PL,2014,17.0,
ESTAT:TIPSLC20(1.0),02/02/24 23:00:00,A,T,PC,LI_R_MD60,TOTAL,PL,2015,17.6,
ESTAT:TIPSLC20(1.0),02/02/24 23:00:00,A,T,PC,LI_R_MD60,TOTAL,PL,2016,17.3,
ESTAT:TIPSLC20(1.0),02/02/24 23:00:00,A,T,PC,LI_R_MD60,TOTAL,PL,2017,15.0,
ESTAT:TIPSLC20(1.0),02/02/24 23:00:00,A,T,PC,LI_R_MD60,TOTAL,PL,2018,14.8,
ESTAT:TIPSLC20(1.0),02/02/24 23:00:00,A,T,PC,LI_R_MD60,TOTAL,PL,2019,15.4,
ESTAT:TIPSLC20(1.0),02/02/24 23:00:00,A,T,PC,LI_R_MD60,TOTAL,PL,2020,14.8,
ESTAT:TIPSLC20(1.0),02/02/24 23:00:00,A,T,PC,LI_R_MD60,TOTAL,PL,2021,14.8,
ESTAT:TIPSLC20(1.0),02/02/24 23:00:00,A,T,PC,LI_R_MD60,TOTAL,PL,2022,13.7,
ESTAT:TIPSLC20(1.0),02/02/24 23:00:00,A,T,PC,LI_R_MD60,TOTAL,PT,1995,23.0,
ESTAT:TIPSLC20(1.0),02/02/24 23:00:00,A,T,PC,LI_R_MD60,TOTAL,PT,1996,21.0,
ESTAT:TIPSLC20(1.0),02/02/24 23:00:00,A,T,PC,LI_R_MD60,TOTAL,PT,1997,22.0,
ESTAT:TIPSLC20(1.0),02/02/24 23:00:00,A,T,PC,LI_R_MD60,TOTAL,PT,1998,21.0,
ESTAT:TIPSLC20(1.0),02/02/24 23:00:00,A,T,PC,LI_R_MD60,TOTAL,PT,1999,21.0,
ESTAT:TIPSLC20(1.0),02/02/24 23:00:00,A,T,PC,LI_R_MD60,TOTAL,PT,2000,21.0,
ESTAT:TIPSLC20(1.0),02/02/24 23:00:00,A,T,PC,LI_R_MD60,TOTAL,PT,2001,20.0,
ESTAT:TIPSLC20(1.0),02/02/24 23:00:00,A,T,PC,LI_R_MD60,TOTAL,PT,2002,20.0,
ESTAT:TIPSLC20(1.0),02/02/24 23:00:00,A,T,PC,LI_R_MD60,TOTAL,PT,2004,20.4,b
ESTAT:TIPSLC20(1.0),02/02/24 23:00:00,A,T,PC,LI_R_MD60,TOTAL,PT,2005,19.4,
ESTAT:TIPSLC20(1.0),02/02/24 23:00:00,A,T,PC,LI_R_MD60,TOTAL,PT,2006,18.5,
ESTAT:TIPSLC20(1.0),02/02/24 23:00:00,A,T,PC,LI_R_MD60,TOTAL,PT,2007,18.1,
ESTAT:TIPSLC20(1.0),02/02/24 23:00:00,A,T,PC,LI_R_MD60,TOTAL,PT,2008,18.5,
ESTAT:TIPSLC20(1.0),02/02/24 23:00:00,A,T,PC,LI_R_MD60,TOTAL,PT,2009,17.9,
ESTAT:TIPSLC20(1.0),02/02/24 23:00:00,A,T,PC,LI_R_MD60,TOTAL,PT,2010,17.9,
ESTAT:TIPSLC20(1.0),02/02/24 23:00:00,A,T,PC,LI_R_MD60,TOTAL,PT,2011,18.0,
ESTAT:TIPSLC20(1.0),02/02/24 23:00:00,A,T,PC,LI_R_MD60,TOTAL,PT,2012,17.9,
ESTAT:TIPSLC20(1.0),02/02/24 23:00:00,A,T,PC,LI_R_MD60,TOTAL,PT,2013,18.7,
ESTAT:TIPSLC20(1.0),02/02/24 23:00:00,A,T,PC,LI_R_MD60,TOTAL,PT,2014,19.5,
ESTAT:TIPSLC20(1.0),02/02/24 23:00:00,A,T,PC,LI_R_MD60,TOTAL,PT,2015,19.5,
ESTAT:TIPSLC20(1.0),02/02/24 23:00:00,A,T,PC,LI_R_MD60,TOTAL,PT,2016,19.0,
ESTAT:TIPSLC20(1.0),02/02/24 23:00:00,A,T,PC,LI_R_MD60,TOTAL,PT,2017,18.3,
ESTAT:TIPSLC20(1.0),02/02/24 23:00:00,A,T,PC,LI_R_MD60,TOTAL,PT,2018,17.3,
ESTAT:TIPSLC20(1.0),02/02/24 23:00:00,A,T,PC,LI_R_MD60,TOTAL,PT,2019,17.2,
ESTAT:TIPSLC20(1.0),02/02/24 23:00:00,A,T,PC,LI_R_MD60,TOTAL,PT,2020,16.2,
ESTAT:TIPSLC20(1.0),02/02/24 23:00:00,A,T,PC,LI_R_MD60,TOTAL,PT,2021,18.4,
ESTAT:TIPSLC20(1.0),02/02/24 23:00:00,A,T,PC,LI_R_MD60,TOTAL,PT,2022,16.4,
ESTAT:TIPSLC20(1.0),02/02/24 23:00:00,A,T,PC,LI_R_MD60,TOTAL,RO,2000,17.0,
ESTAT:TIPSLC20(1.0),02/02/24 23:00:00,A,T,PC,LI_R_MD60,TOTAL,RO,2001,17.0,
ESTAT:TIPSLC20(1.0),02/02/24 23:00:00,A,T,PC,LI_R_MD60,TOTAL,RO,2002,18.0,
ESTAT:TIPSLC20(1.0),02/02/24 23:00:00,A,T,PC,LI_R_MD60,TOTAL,RO,2007,24.6,b
ESTAT:TIPSLC20(1.0),02/02/24 23:00:00,A,T,PC,LI_R_MD60,TOTAL,RO,2008,23.6,
ESTAT:TIPSLC20(1.0),02/02/24 23:00:00,A,T,PC,LI_R_MD60,TOTAL,RO,2009,22.1,
ESTAT:TIPSLC20(1.0),02/02/24 23:00:00,A,T,PC,LI_R_MD60,TOTAL,RO,2010,21.6,
ESTAT:TIPSLC20(1.0),02/02/24 23:00:00,A,T,PC,LI_R_MD60,TOTAL,RO,2011,22.3,
ESTAT:TIPSLC20(1.0),02/02/24 23:00:00,A,T,PC,LI_R_MD60,TOTAL,RO,2012,22.9,
ESTAT:TIPSLC20(1.0),02/02/24 23:00:00,A,T,PC,LI_R_MD60,TOTAL,RO,2013,23.0,
ESTAT:TIPSLC20(1.0),02/02/24 23:00:00,A,T,PC,LI_R_MD60,TOTAL,RO,2014,25.1,
ESTAT:TIPSLC20(1.0),02/02/24 23:00:00,A,T,PC,LI_R_MD60,TOTAL,RO,2015,25.4,
ESTAT:TIPSLC20(1.0),02/02/24 23:00:00,A,T,PC,LI_R_MD60,TOTAL,RO,2016,25.3,
ESTAT:TIPSLC20(1.0),02/02/24 23:00:00,A,T,PC,LI_R_MD60,TOTAL,RO,2017,23.6,
ESTAT:TIPSLC20(1.0),02/02/24 23:00:00,A,T,PC,LI_R_MD60,TOTAL,RO,2018,23.5,
ESTAT:TIPSLC20(1.0),02/02/24 23:00:00,A,T,PC,LI_R_MD60,TOTAL,RO,2019,23.8,
ESTAT:TIPSLC20(1.0),02/02/24 23:00:00,A,T,PC,LI_R_MD60,TOTAL,RO,2020,23.4,
ESTAT:TIPSLC20(1.0),02/02/24 23:00:00,A,T,PC,LI_R_MD60,TOTAL,RO,2021,22.5,
ESTAT:TIPSLC20(1.0),02/02/24 23:00:00,A,T,PC,LI_R_MD60,TOTAL,RO,2022,21.2,
ESTAT:TIPSLC20(1.0),02/02/24 23:00:00,A,T,PC,LI_R_MD60,TOTAL,SE,1997,8.0,
ESTAT:TIPSLC20(1.0),02/02/24 23:00:00,A,T,PC,LI_R_MD60,TOTAL,SE,1999,8.0,
ESTAT:TIPSLC20(1.0),02/02/24 23:00:00,A,T,PC,LI_R_MD60,TOTAL,SE,2001,9.0,
ESTAT:TIPSLC20(1.0),02/02/24 23:00:00,A,T,PC,LI_R_MD60,TOTAL,SE,2002,11.0,b
ESTAT:TIPSLC20(1.0),02/02/24 23:00:00,A,T,PC,LI_R_MD60,TOTAL,SE,2004,11.3,b
ESTAT:TIPSLC20(1.0),02/02/24 23:00:00,A,T,PC,LI_R_MD60,TOTAL,SE,2005,9.5,
ESTAT:TIPSLC20(1.0),02/02/24 23:00:00,A,T,PC,LI_R_MD60,TOTAL,SE,2006,12.3,
ESTAT:TIPSLC20(1.0),02/02/24 23:00:00,A,T,PC,LI_R_MD60,TOTAL,SE,2007,10.5,
ESTAT:TIPSLC20(1.0),02/02/24 23:00:00,A,T,PC,LI_R_MD60,TOTAL,SE,2008,13.5,b
ESTAT:TIPSLC20(1.0),02/02/24 23:00:00,A,T,PC,LI_R_MD60,TOTAL,SE,2009,14.4,
ESTAT:TIPSLC20(1.0),02/02/24 23:00:00,A,T,PC,LI_R_MD60,TOTAL,SE,2010,14.8,
ESTAT:TIPSLC20(1.0),02/02/24 23:00:00,A,T,PC,LI_R_MD60,TOTAL,SE,2011,15.4,
ESTAT:TIPSLC20(1.0),02/02/24 23:00:00,A,T,PC,LI_R_MD60,TOTAL,SE,2012,15.2,
ESTAT:TIPSLC20(1.0),02/02/24 23:00:00,A,T,PC,LI_R_MD60,TOTAL,SE,2013,16.0,
ESTAT:TIPSLC20(1.0),02/02/24 23:00:00,A,T,PC,LI_R_MD60,TOTAL,SE,2014,15.6,
ESTAT:TIPSLC20(1.0),02/02/24 23:00:00,A,T,PC,LI_R_MD60,TOTAL,SE,2015,16.3,
ESTAT:TIPSLC20(1.0),02/02/24 23:00:00,A,T,PC,LI_R_MD60,TOTAL,SE,2016,16.2,
ESTAT:TIPSLC20(1.0),02/02/24 23:00:00,A,T,PC,LI_R_MD60,TOTAL,SE,2017,15.8,
ESTAT:TIPSLC20(1.0),02/02/24 23:00:00,A,T,PC,LI_R_MD60,TOTAL,SE,2018,16.4,
ESTAT:TIPSLC20(1.0),02/02/24 23:00:00,A,T,PC,LI_R_MD60,TOTAL,SE,2019,17.1,
ESTAT:TIPSLC20(1.0),02/02/24 23:00:00,A,T,PC,LI_R_MD60,TOTAL,SE,2020,16.1,
ESTAT:TIPSLC20(1.0),02/02/24 23:00:00,A,T,PC,LI_R_MD60,TOTAL,SE,2021,15.7,
ESTAT:TIPSLC20(1.0),02/02/24 23:00:00,A,T,PC,LI_R_MD60,TOTAL,SE,2022,16.0,
ESTAT:TIPSLC20(1.0),02/02/24 23:00:00,A,T,PC,LI_R_MD60,TOTAL,SI,2000,11.0,
ESTAT:TIPSLC20(1.0),02/02/24 23:00:00,A,T,PC,LI_R_MD60,TOTAL,SI,2001,11.0,
ESTAT:TIPSLC20(1.0),02/02/24 23:00:00,A,T,PC,LI_R_MD60,TOTAL,SI,2002,10.0,
ESTAT:TIPSLC20(1.0),02/02/24 23:00:00,A,T,PC,LI_R_MD60,TOTAL,SI,2005,12.2,b
ESTAT:TIPSLC20(1.0),02/02/24 23:00:00,A,T,PC,LI_R_MD60,TOTAL,SI,2006,11.6,
ESTAT:TIPSLC20(1.0),02/02/24 23:00:00,A,T,PC,LI_R_MD60,TOTAL,SI,2007,11.5,
ESTAT:TIPSLC20(1.0),02/02/24 23:00:00,A,T,PC,LI_R_MD60,TOTAL,SI,2008,12.3,
ESTAT:TIPSLC20(1.0),02/02/24 23:00:00,A,T,PC,LI_R_MD60,TOTAL,SI,2009,11.3,
ESTAT:TIPSLC20(1.0),02/02/24 23:00:00,A,T,PC,LI_R_MD60,TOTAL,SI,2010,12.7,
ESTAT:TIPSLC20(1.0),02/02/24 23:00:00,A,T,PC,LI_R_MD60,TOTAL,SI,2011,13.6,
ESTAT:TIPSLC20(1.0),02/02/24 23:00:00,A,T,PC,LI_R_MD60,TOTAL,SI,2012,13.5,
ESTAT:TIPSLC20(1.0),02/02/24 23:00:00,A,T,PC,LI_R_MD60,TOTAL,SI,2013,14.5,
ESTAT:TIPSLC20(1.0),02/02/24 23:00:00,A,T,PC,LI_R_MD60,TOTAL,SI,2014,14.5,
ESTAT:TIPSLC20(1.0),02/02/24 23:00:00,A,T,PC,LI_R_MD60,TOTAL,SI,2015,14.3,
ESTAT:TIPSLC20(1.0),02/02/24 23:00:00,A,T,PC,LI_R_MD60,TOTAL,SI,2016,13.9,
ESTAT:TIPSLC20(1.0),02/02/24 23:00:00,A,T,PC,LI_R_MD60,TOTAL,SI,2017,13.3,
ESTAT:TIPSLC20(1.0),02/02/24 23:00:00,A,T,PC,LI_R_MD60,TOTAL,SI,2018,13.3,
ESTAT:TIPSLC20(1.0),02/02/24 23:00:00,A,T,PC,LI_R_MD60,TOTAL,SI,2019,12.0,
ESTAT:TIPSLC20(1.0),02/02/24 23:00:00,A,T,PC,LI_R_MD60,TOTAL,SI,2020,12.4,
ESTAT:TIPSLC20(1.0),02/02/24 23:00:00,A,T,PC,LI_R_MD60,TOTAL,SI,2021,11.7,
ESTAT:TIPSLC20(1.0),02/02/24 23:00:00,A,T,PC,LI_R_MD60,TOTAL,SI,2022,12.1,
ESTAT:TIPSLC20(1.0),02/02/24 23:00:00,A,T,PC,LI_R_MD60,TOTAL,SK,2005,13.3,
ESTAT:TIPSLC20(1.0),02/02/24 23:00:00,A,T,PC,LI_R_MD60,TOTAL,SK,2006,11.6,
ESTAT:TIPSLC20(1.0),02/02/24 23:00:00,A,T,PC,LI_R_MD60,TOTAL,SK,2007,10.6,
ESTAT:TIPSLC20(1.0),02/02/24 23:00:00,A,T,PC,LI_R_MD60,TOTAL,SK,2008,10.9,
ESTAT:TIPSLC20(1.0),02/02/24 23:00:00,A,T,PC,LI_R_MD60,TOTAL,SK,2009,11.0,
ESTAT:TIPSLC20(1.0),02/02/24 23:00:00,A,T,PC,LI_R_MD60,TOTAL,SK,2010,12.0,
ESTAT:TIPSLC20(1.0),02/02/24 23:00:00,A,T,PC,LI_R_MD60,TOTAL,SK,2011,13.0,
ESTAT:TIPSLC20(1.0),02/02/24 23:00:00,A,T,PC,LI_R_MD60,TOTAL,SK,2012,13.2,
ESTAT:TIPSLC20(1.0),02/02/24 23:00:00,A,T,PC,LI_R_MD60,TOTAL,SK,2013,12.8,
ESTAT:TIPSLC20(1.0),02/02/24 23:00:00,A,T,PC,LI_R_MD60,TOTAL,SK,2014,12.6,
ESTAT:TIPSLC20(1.0),02/02/24 23:00:00,A,T,PC,LI_R_MD60,TOTAL,SK,2015,12.3,
ESTAT:TIPSLC20(1.0),02/02/24 23:00:00,A,T,PC,LI_R_MD60,TOTAL,SK,2016,12.7,
ESTAT:TIPSLC20(1.0),02/02/24 23:00:00,A,T,PC,LI_R_MD60,TOTAL,SK,2017,12.4,
ESTAT:TIPSLC20(1.0),02/02/24 23:00:00,A,T,PC,LI_R_MD60,TOTAL,SK,2018,12.2,
ESTAT:TIPSLC20(1.0),02/02/24 23:00:00,A,T,PC,LI_R_MD60,TOTAL,SK,2019,11.9,
ESTAT:TIPSLC20(1.0),02/02/24 23:00:00,A,T,PC,LI_R_MD60,TOTAL,SK,2020,11.4,
ESTAT:TIPSLC20(1.0),02/02/24 23:00:00,A,T,PC,LI_R_MD60,TOTAL,SK,2021,12.3,
ESTAT:TIPSLC20(1.0),02/02/24 23:00:00,A,T,PC,LI_R_MD60,TOTAL,SK,2022,13.7,
