DATAFLOW,LAST UPDATE,freq,sex,unit,age,geo,TIME_PERIOD,OBS_VALUE,OBS_FLAG
ESTAT:TIPSLC30(1.0),02/02/24 23:00:00,A,T,PC,TOTAL,AT,2015,2.9,
ESTAT:TIPSLC30(1.0),02/02/24 23:00:00,A,T,PC,TOTAL,AT,2016,3.3,
ESTAT:TIPSLC30(1.0),02/02/24 23:00:00,A,T,PC,TOTAL,AT,2017,3.4,
ESTAT:TIPSLC30(1.0),02/02/24 23:00:00,A,T,PC,TOTAL,AT,2018,2.8,
ESTAT:TIPSLC30(1.0),02/02/24 23:00:00,A,T,PC,TOTAL,AT,2019,2.7,
ESTAT:TIPSLC30(1.0),02/02/24 23:00:00,A,T,PC,TOTAL,AT,2020,3.0,
ESTAT:TIPSLC30(1.0),02/02/24 23:00:00,A,T,PC,TOTAL,AT,2021,1.8,
ESTAT:TIPSLC30(1.0),02/02/24 23:00:00,A,T,PC,TOTAL,AT,2022,2.3,
ESTAT:TIPSLC30(1.0),02/02/24 23:00:00,A,T,PC,TOTAL,BE,2015,7.2,
ESTAT:TIPSLC30(1.0),02/02/24 23:00:00,A,T,PC,TOTAL,BE,2016,8.4,
ESTAT:TIPSLC30(1.0),02/02/24 23:00:00,A,T,PC,TOTAL,BE,2017,7.2,
ESTAT:TIPSLC30(1.0),02/02/24 23:00:00,A,T,PC,TOTAL,BE,2018,6.5,
ESTAT:TIPSLC30(1.0),02/02/24 23:00:00,A,T,PC,TOTAL,BE,2019,6.3,
ESTAT:TIPSLC30(1.0),02/02/24 23:00:00,A,T,PC,TOTAL,BE,2020,6.7,
ESTAT:TIPSLC30(1.0),02/02/24 23:00:00,A,T,PC,TOTAL,BE,2021,6.3,
ESTAT:TIPSLC30(1.0),02/02/24 23:00:00,A,T,PC,TOTAL,BE,2022,5.8,
ESTAT:TIPSLC30(1.0),02/02/24 23:00:00,A,T,PC,TOTAL,BG,2015,36.8,
ESTAT:TIPSLC30(1.0),02/02/24 23:00:00,A,T,PC,TOTAL,BG,2016,33.5,
ESTAT:TIPSLC30(1.0),02/02/24 23:00:00,A,T,PC,TOTAL,BG,2017,30.0,
ESTAT:TIPSLC30(1.0),02/02/24 23:00:00,A,T,PC,TOTAL,BG,2018,22.3,
ESTAT:TIPSLC30(1.0),02/02/24 23:00:00,A,T,PC,TOTAL,BG,2019,22.1,
ESTAT:TIPSLC30(1.0),02/02/24 23:00:00,A,T,PC,TOTAL,BG,2020,22.1,
ESTAT:TIPSLC30(1.0),02/02/24 23:00:00,A,T,PC,TOTAL,BG,2021,19.1,
ESTAT:TIPSLC30(1.0),02/02/24 23:00:00,A,T,PC,TOTAL,BG,2022,18.7,
ESTAT:TIPSLC30(1.0),02/02/24 23:00:00,A,T,PC,TOTAL,CY,2015,7.9,
ESTAT:TIPSLC30(1.0),02/02/24 23:00:00,A,T,PC,TOTAL,CY,2016,6.6,
ESTAT:TIPSLC30(1.0),02/02/24 23:00:00,A,T,PC,TOTAL,CY,2017,6.1,
ESTAT:TIPSLC30(1.0),02/02/24 23:00:00,A,T,PC,TOTAL,CY,2018,3.8,
ESTAT:TIPSLC30(1.0),02/02/24 23:00:00,A,T,PC,TOTAL,CY,2019,3.2,
ESTAT:TIPSLC30(1.0),02/02/24 23:00:00,A,T,PC,TOTAL,CY,2020,3.2,
ESTAT:TIPSLC30(1.0),02/02/24 23:00:00,A,T,PC,TOTAL,CY,2021,2.6,
ESTAT:TIPSLC30(1.0),02/02/24 23:00:00,A,T,PC,TOTAL,CY,2022,2.7,
ESTAT:TIPSLC30(1.0),02/02/24 23:00:00,A,T,PC,TOTAL,CZ,2015,4.5,
ESTAT:TIPSLC30(1.0),02/02/24 23:00:00,A,T,PC,TOTAL,CZ,2016,3.5,
ESTAT:TIPSLC30(1.0),02/02/24 23:00:00,A,T,PC,TOTAL,CZ,2017,3.4,
ESTAT:TIPSLC30(1.0),02/02/24 23:00:00,A,T,PC,TOTAL,CZ,2018,2.4,
ESTAT:TIPSLC30(1.0),02/02/24 23:00:00,A,T,PC,TOTAL,CZ,2019,2.1,
ESTAT:TIPSLC30(1.0),02/02/24 23:00:00,A,T,PC,TOTAL,CZ,2020,1.9,
ESTAT:TIPSLC30(1.0),02/02/24 23:00:00,A,T,PC,TOTAL,CZ,2021,1.8,
ESTAT:TIPSLC30(1.0),02/02/24 23:00:00,A,T,PC,TOTAL,CZ,2022,2.1,
ESTAT:TIPSLC30(1.0),02/02/24 23:00:00,A,T,PC,TOTAL,DE,2015,5.7,
ESTAT:TIPSLC30(1.0),02/02/24 23:00:00,A,T,PC,TOTAL,DE,2016,4.7,
ESTAT:TIPSLC30(1.0),02/02/24 23:00:00,A,T,PC,TOTAL,DE,2017,3.7,
ESTAT:TIPSLC30(1.0),02/02/24 23:00:00,A,T,PC,TOTAL,DE,2018,3.4,
ESTAT:TIPSLC30(1.0),02/02/24 23:00:00,A,T,PC,TOTAL,DE,2019,3.0,
ESTAT:TIPSLC30(1.0),02/02/24 23:00:00,A,T,PC,TOTAL,DE,2020,4.4,b
ESTAT:TIPSLC30(1.0),02/02/24 23:00:00,A,T,PC,TOTAL,DE,2021,4.3,
ESTAT:TIPSLC30(1.0),02/02/24 23:00:00,A,T,PC,TOTAL,DE,2022,6.1,
ESTAT:TIPSLC30(1.0),02/02/24 23:00:00,A,T,PC,TOTAL,DK,2015,3.2,
ESTAT:TIPSLC30(1.0),02/02/24 23:00:00,A,T,PC,TOTAL,DK,2016,2.6,
ESTAT:TIPSLC30(1.0),02/02/24 23:00:00,A,T,PC,TOTAL,DK,2017,3.6,
ESTAT:TIPSLC30(1.0),02/02/24 23:00:00,A,T,PC,TOTAL,DK,2018,3.5,
ESTAT:TIPSLC30(1.0),02/02/24 23:00:00,A,T,PC,TOTAL,DK,2019,3.8,
ESTAT:TIPSLC30(1.0),02/02/24 23:00:00,A,T,PC,TOTAL,DK,2020,3.5,
ESTAT:TIPSLC30(1.0),02/02/24 23:00:00,A,T,PC,TOTAL,DK,2021,3.1,
ESTAT:TIPSLC30(1.0),02/02/24 23:00:00,A,T,PC,TOTAL,DK,2022,3.2,
ESTAT:TIPSLC30(1.0),02/02/24 23:00:00,A,T,PC,TOTAL,EE,2015,3.5,
ESTAT:TIPSLC30(1.0),02/02/24 23:00:00,A,T,PC,TOTAL,EE,2016,2.2,
ESTAT:TIPSLC30(1.0),02/02/24 23:00:00,A,T,PC,TOTAL,EE,2017,4.0,
ESTAT:TIPSLC30(1.0),02/02/24 23:00:00,A,T,PC,TOTAL,EE,2018,3.1,
ESTAT:TIPSLC30(1.0),02/02/24 23:00:00,A,T,PC,TOTAL,EE,2019,2.6,
ESTAT:TIPSLC30(1.0),02/02/24 23:00:00,A,T,PC,TOTAL,EE,2020,2.3,
ESTAT:TIPSLC30(1.0),02/02/24 23:00:00,A,T,PC,TOTAL,EE,2021,1.9,
ESTAT:TIPSLC30(1.0),02/02/24 23:00:00,A,T,PC,TOTAL,EE,2022,3.3,
ESTAT:TIPSLC30(1.0),02/02/24 23:00:00,A,T,PC,TOTAL,EL,2015,17.6,
ESTAT:TIPSLC30(1.0),02/02/24 23:00:00,A,T,PC,TOTAL,EL,2016,18.4,
ESTAT:TIPSLC30(1.0),02/02/24 23:00:00,A,T,PC,TOTAL,EL,2017,18.3,
ESTAT:TIPSLC30(1.0),02/02/24 23:00:00,A,T,PC,TOTAL,EL,2018,16.1,
ESTAT:TIPSLC30(1.0),02/02/24 23:00:00,A,T,PC,TOTAL,EL,2019,15.8,
ESTAT:TIPSLC30(1.0),02/02/24 23:00:00,A,T,PC,TOTAL,EL,2020,14.9,
ESTAT:TIPSLC30(1.0),02/02/24 23:00:00,A,T,PC,TOTAL,EL,2021,13.9,
ESTAT:TIPSLC30(1.0),02/02/24 23:00:00,A,T,PC,TOTAL,EL,2022,13.9,
ESTAT:TIPSLC30(1.0),02/02/24 23:00:00,A,T,PC,TOTAL,ES,2015,7.4,
ESTAT:TIPSLC30(1.0),02/02/24 23:00:00,A,T,PC,TOTAL,ES,2016,8.5,
ESTAT:TIPSLC30(1.0),02/02/24 23:00:00,A,T,PC,TOTAL,ES,2017,8.3,
ESTAT:TIPSLC30(1.0),02/02/24 23:00:00,A,T,PC,TOTAL,ES,2018,8.7,
ESTAT:TIPSLC30(1.0),02/02/24 23:00:00,A,T,PC,TOTAL,ES,2019,7.7,
ESTAT:TIPSLC30(1.0),02/02/24 23:00:00,A,T,PC,TOTAL,ES,2020,8.5,
ESTAT:TIPSLC30(1.0),02/02/24 23:00:00,A,T,PC,TOTAL,ES,2021,8.3,
ESTAT:TIPSLC30(1.0),02/02/24 23:00:00,A,T,PC,TOTAL,ES,2022,7.7,
ESTAT:TIPSLC30(1.0),02/02/24 23:00:00,A,T,PC,TOTAL,FI,2015,1.0,
ESTAT:TIPSLC30(1.0),02/02/24 23:00:00,A,T,PC,TOTAL,FI,2016,1.2,
ESTAT:TIPSLC30(1.0),02/02/24 23:00:00,A,T,PC,TOTAL,FI,2017,1.8,
ESTAT:TIPSLC30(1.0),02/02/24 23:00:00,A,T,PC,TOTAL,FI,2018,2.2,
ESTAT:TIPSLC30(1.0),02/02/24 23:00:00,A,T,PC,TOTAL,FI,2019,1.9,
ESTAT:TIPSLC30(1.0),02/02/24 23:00:00,A,T,PC,TOTAL,FI,2020,1.8,
ESTAT:TIPSLC30(1.0),02/02/24 23:00:00,A,T,PC,TOTAL,FI,2021,1.1,
ESTAT:TIPSLC30(1.0),02/02/24 23:00:00,A,T,PC,TOTAL,FI,2022,1.9,
ESTAT:TIPSLC30(1.0),02/02/24 23:00:00,A,T,PC,TOTAL,FR,2015,6.8,
ESTAT:TIPSLC30(1.0),02/02/24 23:00:00,A,T,PC,TOTAL,FR,2016,6.7,
ESTAT:TIPSLC30(1.0),02/02/24 23:00:00,A,T,PC,TOTAL,FR,2017,6.3,
ESTAT:TIPSLC30(1.0),02/02/24 23:00:00,A,T,PC,TOTAL,FR,2018,6.7,
ESTAT:TIPSLC30(1.0),02/02/24 23:00:00,A,T,PC,TOTAL,FR,2019,7.3,
ESTAT:TIPSLC30(1.0),02/02/24 23:00:00,A,T,PC,TOTAL,FR,2020,7.0,b
ESTAT:TIPSLC30(1.0),02/02/24 23:00:00,A,T,PC,TOTAL,FR,2021,5.9,
ESTAT:TIPSLC30(1.0),02/02/24 23:00:00,A,T,PC,TOTAL,FR,2022,7.7,b
ESTAT:TIPSLC30(1.0),02/02/24 23:00:00,A,T,PC,TOTAL,HR,2015,8.4,
ESTAT:TIPSLC30(1.0),02/02/24 23:00:00,A,T,PC,TOTAL,HR,2016,7.3,
ESTAT:TIPSLC30(1.0),02/02/24 23:00:00,A,T,PC,TOTAL,HR,2017,7.1,
ESTAT:TIPSLC30(1.0),02/02/24 23:00:00,A,T,PC,TOTAL,HR,2018,6.1,
ESTAT:TIPSLC30(1.0),02/02/24 23:00:00,A,T,PC,TOTAL,HR,2019,4.6,
ESTAT:TIPSLC30(1.0),02/02/24 23:00:00,A,T,PC,TOTAL,HR,2020,4.4,
ESTAT:TIPSLC30(1.0),02/02/24 23:00:00,A,T,PC,TOTAL,HR,2021,3.5,
ESTAT:TIPSLC30(1.0),02/02/24 23:00:00,A,T,PC,TOTAL,HR,2022,4.0,
ESTAT:TIPSLC30(1.0),02/02/24 23:00:00,A,T,PC,TOTAL,HU,2015,24.1,
ESTAT:TIPSLC30(1.0),02/02/24 23:00:00,A,T,PC,TOTAL,HU,2016,20.6,
ESTAT:TIPSLC30(1.0),02/02/24 23:00:00,A,T,PC,TOTAL,HU,2017,16.1,
ESTAT:TIPSLC30(1.0),02/02/24 23:00:00,A,T,PC,TOTAL,HU,2018,11.9,
ESTAT:TIPSLC30(1.0),02/02/24 23:00:00,A,T,PC,TOTAL,HU,2019,10.9,
ESTAT:TIPSLC30(1.0),02/02/24 23:00:00,A,T,PC,TOTAL,HU,2020,10.7,
ESTAT:TIPSLC30(1.0),02/02/24 23:00:00,A,T,PC,TOTAL,HU,2021,10.2,
ESTAT:TIPSLC30(1.0),02/02/24 23:00:00,A,T,PC,TOTAL,HU,2022,9.1,
ESTAT:TIPSLC30(1.0),02/02/24 23:00:00,A,T,PC,TOTAL,IE,2015,9.4,
ESTAT:TIPSLC30(1.0),02/02/24 23:00:00,A,T,PC,TOTAL,IE,2016,8.0,
ESTAT:TIPSLC30(1.0),02/02/24 23:00:00,A,T,PC,TOTAL,IE,2017,6.9,
ESTAT:TIPSLC30(1.0),02/02/24 23:00:00,A,T,PC,TOTAL,IE,2018,6.1,
ESTAT:TIPSLC30(1.0),02/02/24 23:00:00,A,T,PC,TOTAL,IE,2019,7.1,
ESTAT:TIPSLC30(1.0),02/02/24 23:00:00,A,T,PC,TOTAL,IE,2020,5.7,b
ESTAT:TIPSLC30(1.0),02/02/24 23:00:00,A,T,PC,TOTAL,IE,2021,5.1,
ESTAT:TIPSLC30(1.0),02/02/24 23:00:00,A,T,PC,TOTAL,IE,2022,5.8,
ESTAT:TIPSLC30(1.0),02/02/24 23:00:00,A,T,PC,TOTAL,IT,2015,12.1,
ESTAT:TIPSLC30(1.0),02/02/24 23:00:00,A,T,PC,TOTAL,IT,2016,10.1,
ESTAT:TIPSLC30(1.0),02/02/24 23:00:00,A,T,PC,TOTAL,IT,2017,6.6,
ESTAT:TIPSLC30(1.0),02/02/24 23:00:00,A,T,PC,TOTAL,IT,2018,6.5,
ESTAT:TIPSLC30(1.0),02/02/24 23:00:00,A,T,PC,TOTAL,IT,2019,6.4,
ESTAT:TIPSLC30(1.0),02/02/24 23:00:00,A,T,PC,TOTAL,IT,2020,6.2,
ESTAT:TIPSLC30(1.0),02/02/24 23:00:00,A,T,PC,TOTAL,IT,2021,5.9,
ESTAT:TIPSLC30(1.0),02/02/24 23:00:00,A,T,PC,TOTAL,IT,2022,4.5,
ESTAT:TIPSLC30(1.0),02/02/24 23:00:00,A,T,PC,TOTAL,LT,2015,14.6,
ESTAT:TIPSLC30(1.0),02/02/24 23:00:00,A,T,PC,TOTAL,LT,2016,15.4,
ESTAT:TIPSLC30(1.0),02/02/24 23:00:00,A,T,PC,TOTAL,LT,2017,14.4,
ESTAT:TIPSLC30(1.0),02/02/24 23:00:00,A,T,PC,TOTAL,LT,2018,12.0,
ESTAT:TIPSLC30(1.0),02/02/24 23:00:00,A,T,PC,TOTAL,LT,2019,9.7,
ESTAT:TIPSLC30(1.0),02/02/24 23:00:00,A,T,PC,TOTAL,LT,2020,8.1,
ESTAT:TIPSLC30(1.0),02/02/24 23:00:00,A,T,PC,TOTAL,LT,2021,6.4,
ESTAT:TIPSLC30(1.0),02/02/24 23:00:00,A,T,PC,TOTAL,LT,2022,6.0,
ESTAT:TIPSLC30(1.0),02/02/24 23:00:00,A,T,PC,TOTAL,LU,2015,2.5,
ESTAT:TIPSLC30(1.0),02/02/24 23:00:00,A,T,PC,TOTAL,LU,2016,2.0,
ESTAT:TIPSLC30(1.0),02/02/24 23:00:00,A,T,PC,TOTAL,LU,2017,1.9,
ESTAT:TIPSLC30(1.0),02/02/24 23:00:00,A,T,PC,TOTAL,LU,2018,1.6,
ESTAT:TIPSLC30(1.0),02/02/24 23:00:00,A,T,PC,TOTAL,LU,2019,1.4,
ESTAT:TIPSLC30(1.0),02/02/24 23:00:00,A,T,PC,TOTAL,LU,2020,1.7,b
ESTAT:TIPSLC30(1.0),02/02/24 23:00:00,A,T,PC,TOTAL,LU,2021,2.4,b
ESTAT:TIPSLC30(1.0),02/02/24 23:00:00,A,T,PC,TOTAL,LU,2022,2.0,b
ESTAT:TIPSLC30(1.0),02/02/24 23:00:00,A,T,PC,TOTAL,LV,2015,15.4,
ESTAT:TIPSLC30(1.0),02/02/24 23:00:00,A,T,PC,TOTAL,LV,2016,12.6,
ESTAT:TIPSLC30(1.0),02/02/24 23:00:00,A,T,PC,TOTAL,LV,2017,12.9,
ESTAT:TIPSLC30(1.0),02/02/24 23:00:00,A,T,PC,TOTAL,LV,2018,10.4,
ESTAT:TIPSLC30(1.0),02/02/24 23:00:00,A,T,PC,TOTAL,LV,2019,7.5,
ESTAT:TIPSLC30(1.0),02/02/24 23:00:00,A,T,PC,TOTAL,LV,2020,7.0,
ESTAT:TIPSLC30(1.0),02/02/24 23:00:00,A,T,PC,TOTAL,LV,2021,5.3,
ESTAT:TIPSLC30(1.0),02/02/24 23:00:00,A,T,PC,TOTAL,LV,2022,7.8,
ESTAT:TIPSLC30(1.0),02/02/24 23:00:00,A,T,PC,TOTAL,LV,2023,6.2,
ESTAT:TIPSLC30(1.0),02/02/24 23:00:00,A,T,PC,TOTAL,MT,2015,8.2,
ESTAT:TIPSLC30(1.0),02/02/24 23:00:00,A,T,PC,TOTAL,MT,2016,5.2,
ESTAT:TIPSLC30(1.0),02/02/24 23:00:00,A,T,PC,TOTAL,MT,2017,4.3,
ESTAT:TIPSLC30(1.0),02/02/24 23:00:00,A,T,PC,TOTAL,MT,2018,4.7,
ESTAT:TIPSLC30(1.0),02/02/24 23:00:00,A,T,PC,TOTAL,MT,2019,5.0,
ESTAT:TIPSLC30(1.0),02/02/24 23:00:00,A,T,PC,TOTAL,MT,2020,5.1,
ESTAT:TIPSLC30(1.0),02/02/24 23:00:00,A,T,PC,TOTAL,MT,2021,5.4,
ESTAT:TIPSLC30(1.0),02/02/24 23:00:00,A,T,PC,TOTAL,MT,2022,4.9,
ESTAT:TIPSLC30(1.0),02/02/24 23:00:00,A,T,PC,TOTAL,NL,2015,3.2,
ESTAT:TIPSLC30(1.0),02/02/24 23:00:00,A,T,PC,TOTAL,NL,2016,2.6,
ESTAT:TIPSLC30(1.0),02/02/24 23:00:00,A,T,PC,TOTAL,NL,2017,2.6,
ESTAT:TIPSLC30(1.0),02/02/24 23:00:00,A,T,PC,TOTAL,NL,2018,2.6,
ESTAT:TIPSLC30(1.0),02/02/24 23:00:00,A,T,PC,TOTAL,NL,2019,2.8,
ESTAT:TIPSLC30(1.0),02/02/24 23:00:00,A,T,PC,TOTAL,NL,2020,2.2,
ESTAT:TIPSLC30(1.0),02/02/24 23:00:00,A,T,PC,TOTAL,NL,2021,2.1,
ESTAT:TIPSLC30(1.0),02/02/24 23:00:00,A,T,PC,TOTAL,NL,2022,2.5,
ESTAT:TIPSLC30(1.0),02/02/24 23:00:00,A,T,PC,TOTAL,PL,2015,7.8,
ESTAT:TIPSLC30(1.0),02/02/24 23:00:00,A,T,PC,TOTAL,PL,2016,5.4,
ESTAT:TIPSLC30(1.0),02/02/24 23:00:00,A,T,PC,TOTAL,PL,2017,5.3,
ESTAT:TIPSLC30(1.0),02/02/24 23:00:00,A,T,PC,TOTAL,PL,2018,4.5,
ESTAT:TIPSLC30(1.0),02/02/24 23:00:00,A,T,PC,TOTAL,PL,2019,3.5,
ESTAT:TIPSLC30(1.0),02/02/24 23:00:00,A,T,PC,TOTAL,PL,2020,2.6,
ESTAT:TIPSLC30(1.0),02/02/24 23:00:00,A,T,PC,TOTAL,PL,2021,2.9,
ESTAT:TIPSLC30(1.0),02/02/24 23:00:00,A,T,PC,TOTAL,PL,2022,2.8,
ESTAT:TIPSLC30(1.0),02/02/24 23:00:00,A,T,PC,TOTAL,PT,2015,10.9,
ESTAT:TIPSLC30(1.0),02/02/24 23:00:00,A,T,PC,TOTAL,PT,2016,9.1,
ESTAT:TIPSLC30(1.0),02/02/24 23:00:00,A,T,PC,TOTAL,PT,2017,8.0,
ESTAT:TIPSLC30(1.0),02/02/24 23:00:00,A,T,PC,TOTAL,PT,2018,6.6,
ESTAT:TIPSLC30(1.0),02/02/24 23:00:00,A,T,PC,TOTAL,PT,2019,5.6,
ESTAT:TIPSLC30(1.0),02/02/24 23:00:00,A,T,PC,TOTAL,PT,2020,5.4,
ESTAT:TIPSLC30(1.0),02/02/24 23:00:00,A,T,PC,TOTAL,PT,2021,6.0,
ESTAT:TIPSLC30(1.0),02/02/24 23:00:00,A,T,PC,TOTAL,PT,2022,5.3,
ESTAT:TIPSLC30(1.0),02/02/24 23:00:00,A,T,PC,TOTAL,RO,2015,34.0,
ESTAT:TIPSLC30(1.0),02/02/24 23:00:00,A,T,PC,TOTAL,RO,2016,35.9,
ESTAT:TIPSLC30(1.0),02/02/24 23:00:00,A,T,PC,TOTAL,RO,2017,32.4,
ESTAT:TIPSLC30(1.0),02/02/24 23:00:00,A,T,PC,TOTAL,RO,2018,28.3,
ESTAT:TIPSLC30(1.0),02/02/24 23:00:00,A,T,PC,TOTAL,RO,2019,24.5,
ESTAT:TIPSLC30(1.0),02/02/24 23:00:00,A,T,PC,TOTAL,RO,2020,25.3,
ESTAT:TIPSLC30(1.0),02/02/24 23:00:00,A,T,PC,TOTAL,RO,2021,23.1,
ESTAT:TIPSLC30(1.0),02/02/24 23:00:00,A,T,PC,TOTAL,RO,2022,24.3,
ESTAT:TIPSLC30(1.0),02/02/24 23:00:00,A,T,PC,TOTAL,SE,2015,1.1,
ESTAT:TIPSLC30(1.0),02/02/24 23:00:00,A,T,PC,TOTAL,SE,2016,0.7,
ESTAT:TIPSLC30(1.0),02/02/24 23:00:00,A,T,PC,TOTAL,SE,2017,1.0,
ESTAT:TIPSLC30(1.0),02/02/24 23:00:00,A,T,PC,TOTAL,SE,2018,1.4,
ESTAT:TIPSLC30(1.0),02/02/24 23:00:00,A,T,PC,TOTAL,SE,2019,1.5,
ESTAT:TIPSLC30(1.0),02/02/24 23:00:00,A,T,PC,TOTAL,SE,2020,2.0,
ESTAT:TIPSLC30(1.0),02/02/24 23:00:00,A,T,PC,TOTAL,SE,2021,1.4,
ESTAT:TIPSLC30(1.0),02/02/24 23:00:00,A,T,PC,TOTAL,SE,2022,2.3,
ESTAT:TIPSLC30(1.0),02/02/24 23:00:00,A,T,PC,TOTAL,SI,2015,4.8,
ESTAT:TIPSLC30(1.0),02/02/24 23:00:00,A,T,PC,TOTAL,SI,2016,4.1,
ESTAT:TIPSLC30(1.0),02/02/24 23:00:00,A,T,PC,TOTAL,SI,2017,4.5,
ESTAT:TIPSLC30(1.0),02/02/24 23:00:00,A,T,PC,TOTAL,SI,2018,3.2,
ESTAT:TIPSLC30(1.0),02/02/24 23:00:00,A,T,PC,TOTAL,SI,2019,2.2,
ESTAT:TIPSLC30(1.0),02/02/24 23:00:00,A,T,PC,TOTAL,SI,2020,2.6,
ESTAT:TIPSLC30(1.0),02/02/24 23:00:00,A,T,PC,TOTAL,SI,2021,1.8,
ESTAT:TIPSLC30(1.0),02/02/24 23:00:00,A,T,PC,TOTAL,SI,2022,1.4,
ESTAT:TIPSLC30(1.0),02/02/24 23:00:00,A,T,PC,TOTAL,SK,2015,8.4,
ESTAT:TIPSLC30(1.0),02/02/24 23:00:00,A,T,PC,TOTAL,SK,2016,7.6,
ESTAT:TIPSLC30(1.0),02/02/24 23:00:00,A,T,PC,TOTAL,SK,2017,6.3,
ESTAT:TIPSLC30(1.0),02/02/24 23:00:00,A,T,PC,TOTAL,SK,2018,5.4,
ESTAT:TIPSLC30(1.0),02/02/24 23:00:00,A,T,PC,TOTAL,SK,2019,5.9,
ESTAT:TIPSLC30(1.0),02/02/24 23:00:00,A,T,PC,TOTAL,SK,2020,4.5,
ESTAT:TIPSLC30(1.0),02/02/24 23:00:00,A,T,PC,TOTAL,SK,2021,5.7,
ESTAT:TIPSLC30(1.0),02/02/24 23:00:00,A,T,PC,TOTAL,SK,2022,6.3,
